{
  "display": {
    "icon": {
      "item": "minecraft:lead"
    },
    "title": "铭记这场不公的交易",
    "description": "从游商处购买明显溢价的虞美人",
    "frame": "task",
    "show_toast": true,
    "announce_to_chat": true,
    "hidden": false
  },
  "parent": "dnl:story/structures/forgotten_field/locate",
  "criteria": {
    "to remember the unfair trade": {
      "trigger": "minecraft:villager_trade",
      "conditions": {
        "villager": {
          "nbt": "{Tags:[\"dnl.mob\",\"dnl.forgotten_field\",\"dnl.poppy_seller\"]}"
        },
        "item": {
          "items": [
            "minecraft:poppy"
          ]
        }
      }
    }
  }
}
