{
    "id": "tiered:alkaid_ranged1",
    "verifiers": [
        {
            "tag": "tier:6ranged"
        }
    ],
    "weight": 1,
    "style": {
        "color": "light_purple"
    },
    "attributes": [
        {
            "type": "tiered:generic.durable",
            "modifier": {
                "name": "tiered:alkaid_ranged1",
                "operation": "MULTIPLY_TOTAL",
                "amount": 1.5
            },
            "optional_equipment_slots": [
                "MAINHAND"
            ]
        },
        {
            "type": "tiered:generic.range_attack_damage",
            "modifier": {
                "name": "tiered:alkaid_ranged1",
                "operation": "ADDITION",
                "amount": 5.0
            },
            "optional_equipment_slots": [
                "MAINHAND"
            ]
        },
        {
            "type": "playerex:ranged_crit_chance",
            "modifier": {
                "name": "tiered:alkaid_ranged1",
                "operation": "MULTIPLY_TOTAL",
                "amount": 0.5
            },
            "optional_equipment_slots": [
                "MAINHAND"
            ]
        },
        {
            "type": "minecraft:generic.movement_speed",
            "modifier": {
                "name": "tiered:alkaid_ranged1",
                "operation": "MULTIPLY_TOTAL",
                "amount": 0.5
            },
            "optional_equipment_slots": [
                "MAINHAND"
            ]
        },
        {
            "type": "combatroll:count",
            "modifier": {
                "name": "tiered:unique_ranged1",
                "operation": "ADDITION",
                "amount": 2
            },
            "optional_equipment_slots": [
                "MAINHAND"
            ]
        }
    ]
}