{
    "id": "tiered:common_ranged",
    "verifiers": [
        {
            "tag": "tier:1ranged"
        },
        {
            "tag": "tier:2ranged"
        }
    ],
    "weight": 300,
    "style": {
        "color": "gray"
    },
    "attributes": [
        {
            "type": "tiered:generic.durable",
            "modifier": {
                "name": "tiered:common_ranged",
                "operation": "MULTIPLY_TOTAL",
                "amount": 0.1
            },
            "optional_equipment_slots": [
                "MAINHAND"
            ]
        },
        {
            "type": "playerex:ranged_crit_chance",
            "modifier": {
                "name": "tiered:common_ranged",
                "operation": "ADDITION",
                "amount": 0.05
            },
            "optional_equipment_slots": [
                "MAINHAND"
            ]
        }
    ]
}