{
    "id": "tiered:legendary_ranged",
    "verifiers": [
        {
            "tag": "tier:3ranged"
        },
        {
            "tag": "tier:4ranged"
        },
        {
            "tag": "tier:5ranged"
        }
    ],
    "weight": 35,
    "style": {
        "color": "gold"
    },
    "attributes": [
        {
            "type": "tiered:generic.durable",
            "modifier": {
                "name": "tiered:legendary_ranged",
                "operation": "MULTIPLY_TOTAL",
                "amount": 0.5
            },
            "optional_equipment_slots": [
                "MAINHAND"
            ]
        },
        {
            "type": "tiered:generic.range_attack_damage",
            "modifier": {
                "name": "tiered:legendary_ranged",
                "operation": "ADDITION",
                "amount": 2.5
            },
            "optional_equipment_slots": [
                "MAINHAND"
            ]
        },
        {
            "type": "playerex:lightning_resistance",
            "modifier": {
                "name": "tiered:legendary_ranged",
                "operation": "ADDITION",
                "amount": 1
            },
            "optional_equipment_slots": [
                "MAINHAND"
            ]
        },
        {
            "type": "minecraft:generic.movement_speed",
            "modifier": {
                "name": "tiered:legendary_ranged",
                "operation": "MULTIPLY_TOTAL",
                "amount": 0.15
            },
            "optional_equipment_slots": [
                "MAINHAND"
            ]
        },
        {
            "type": "combatroll:count",
            "modifier": {
                "name": "tiered:legendary_ranged",
                "operation": "ADDITION",
                "amount": 1
            },
            "optional_equipment_slots": [
                "MAINHAND"
            ]
        }
    ]
}