{
    "id": "tiered:uncommon_ranged",
    "verifiers": [
        {
            "tag": "tier:1ranged"
        },
        {
            "tag": "tier:2ranged"
        },
        {
            "tag": "tier:3ranged"
        }
    ],
    "weight": 350,
    "style": {
        "color": "dark_green"
    },
    "attributes": [
        {
            "type": "tiered:generic.durable",
            "modifier": {
                "name": "tiered:uncommon_ranged",
                "operation": "MULTIPLY_TOTAL",
                "amount": 0.15
            },
            "optional_equipment_slots": [
                "MAINHAND"
            ]
        },
        {
            "type": "tiered:generic.range_attack_damage",
            "modifier": {
                "name": "tiered:uncommon_ranged",
                "operation": "ADDITION",
                "amount": 1.0
            },
            "optional_equipment_slots": [
                "MAINHAND"
            ]
        }
    ]
}