{
  "attributes": {
    "attack_range": 20.0,
    "two_handed": true,
    "category": "flysword",
    "attacks": [
      {
        "hitbox": "FORWARD_BOX",
        "damage_multiplier": 1.0,
        "angle": 0,
        "upswing": 0.6,
        "animation": "bettercombat:one_handed_slash_fly_right",
        "swing_sound": {
          "id": "bettercombat:axe_slash"
        }
      },
      {
        "hitbox": "HORIZONTAL_PLANE",
        "damage_multiplier": 1.0,
        "angle": 120,
        "upswing": 0.6,
        "animation": "bettercombat:one_handed_slash_fly_left",
        "swing_sound": {
          "id": "bettercombat:axe_slash"
        }
      }
    ]
  }
}