{
  "attributes": {
    "attack_range": 2.4,
    "category": "sword",
    "two_handed": true,
    "attacks": [
      {
        "hitbox": "HORIZONTAL_PLANE",
        "damage_multiplier": 0.7,
        "angle": 130,
        "upswing": 0.5,
        "animation": "bettercombat:two_handed_slash_horizontal_left",
        "swing_sound": {
          "id": "bettercombat:katana_slash"
        }
      },
      {
        "hitbox": "HORIZONTAL_PLANE",
        "damage_multiplier": 0.7,
        "angle": 130,
        "upswing": 0.5,
        "animation": "bettercombat:two_handed_slash_horizontal_right",
        "swing_sound": {
          "id": "bettercombat:katana_slash"
        }
      },
      {
        "hitbox": "HORIZONTAL_PLANE",
        "damage_multiplier": 0.8,
        "angle": 120,
        "upswing": 0.5,
        "animation": "bettercombat:two_handed_slash_horizontal_left",
        "swing_sound": {
          "id": "bettercombat:katana_slash"
        }
      },
      {
        "hitbox": "HORIZONTAL_PLANE",
        "damage_multiplier": 0.8,
        "angle": 130,
        "upswing": 0.5,
        "animation": "bettercombat:two_handed_slash_horizontal_right",
        "swing_sound": {
          "id": "bettercombat:katana_slash"
        }
      },
      {
        "hitbox": "FORWARD_BOX",
        "damage_multiplier": 0.9,
        "angle": 100,
        "upswing": 0.5,
        "animation": "bettercombat:one_handed_stab",
        "swing_sound": {
          "id": "bettercombat:sword_slash",
          "pitch": 1.2
        }
      },
      {
        "hitbox": "HORIZONTAL_PLANE",
        "damage_multiplier": 1.0,
        "angle": 120,
        "upswing": 0.5,
        "animation": "bettercombat:two_handed_slash_horizontal_left",
        "swing_sound": {
          "id": "bettercombat:katana_slash"
        }
      },
      {
        "hitbox": "HORIZONTAL_PLANE",
        "damage_multiplier": 1.0,
        "angle": 120,
        "upswing": 0.5,
        "animation": "bettercombat:two_handed_slash_horizontal_right",
        "swing_sound": {
          "id": "bettercombat:katana_slash"
        }
      },
      {
        "conditions": [NO_OFFHAND_ITEM],
        "hitbox": "HORIZONTAL_PLANE",
        "damage_multiplier": 1.0,
        "angle": 120,
        "upswing": 0.5,
        "animation": "bettercombat:one_handed_slash_downcut_left",
        "swing_sound": {
          "id": "bettercombat:sickle_slash"
        }
      },
      {
        "conditions": [NO_OFFHAND_ITEM],
        "hitbox": "HORIZONTAL_PLANE",
        "damage_multiplier": 1.1,
        "angle": 120,
        "upswing": 0.5,
        "animation": "bettercombat:one_handed_uppercut_right",
        "swing_sound": {
          "id": "bettercombat:sickle_slash"
        }
      },
      {
        "hitbox": "HORIZONTAL_PLANE",
        "damage_multiplier": 1.2,
        "angle": 120,
        "upswing": 0.5,
        "animation": "bettercombat:two_handed_slash_horizontal_left",
        "swing_sound": {
          "id": "bettercombat:katana_slash"
        }
      },
      {
        "hitbox": "HORIZONTAL_PLANE",
        "damage_multiplier": 1.3,
        "angle": 120,
        "upswing": 0.5,
        "animation": "bettercombat:two_handed_slash_horizontal_right",
        "swing_sound": {
          "id": "bettercombat:katana_slash"
        }
      }
    ]
  }
}