{
    "attributes": {
      "attack_range": 5.0,
      "category": "pickaxe",
      "attacks": [
        {
            "hitbox": "HORIZONTAL_PLANE",
            "damage_multiplier": 0.95,
            "angle": 80,
            "upswing": 0.5,
            "animation": "bettercombat:one_handed_slash_horizontal_right",
            "swing_sound": {
              "id": "bettercombat:pickaxe_swing"
            }
          },
          {
            "hitbox": "HORIZONTAL_PLANE",
            "damage_multiplier": 0.95,
            "angle": 80,
            "upswing": 0.5,
            "animation": "bettercombat:one_handed_slash_horizontal_left",
            "swing_sound": {
              "id": "bettercombat:pickaxe_swing"
            }
          },
          {
          "hitbox": "VERTICAL_PLANE",
          "damage_multiplier": 1,
          "angle": 80,
          "upswing": 0.5,
          "animation": "bettercombat:one_handed_slam",
          "swing_sound": {
            "id": "bettercombat:pickaxe_swing"
        }
    }
  ]
}
}