{
  "attributes": {
    "attack_range": 2.8,
    "category": "sword",
    "attacks": [
      {
        "hitbox": "HORIZONTAL_PLANE",
        "damage_multiplier": 1.0,
        "angle": 120,
        "upswing": 0.5,
        "animation": "bettercombat:one_handed_slash_downcut_right",
        "swing_sound": {
          "id": "bettercombat:sword_slash"
        }
      },
      {
        "hitbox": "HORIZONTAL_PLANE",
        "conditions": [NOT_DUAL_WIELDING],
        "damage_multiplier": 1.1,
        "angle": 120,
        "upswing": 0.5,
        "animation": "bettercombat:one_handed_slash_downcut_left",
        "swing_sound": {
          "id": "bettercombat:sword_slash"
        }
      },
      {
        "hitbox": "FORWARD_BOX",
        "conditions": ["DUAL_WIELDING_SAME", "MAIN_HAND_ONLY"],
        "damage_multiplier": 1.7,
        "angle": 0,
        "upswing": 0.5,
        "animation": "bettercombat:dual_handed_slash_cross",
        "swing_sound": {
          "id": "bettercombat:sickle_slash",
          "pitch": 0.8
        }
      },
      {
        "hitbox": "FORWARD_BOX",
        "conditions": ["DUAL_WIELDING_SAME", "OFF_HAND_ONLY"],
        "damage_multiplier": 2.5,
        "angle": 0,
        "upswing": 0.5,
        "animation": "bettercombat:dual_handed_slash_uncross",
        "swing_sound": {
          "id": "bettercombat:sickle_slash",
          "pitch": 1.2
        }
      },
      {
        "hitbox": "HORIZONTAL_PLANE",
        "conditions": ["MAIN_HAND_ONLY","DUAL_WIELDING_SAME"],
        "damage_multiplier": 1.8,
        "angle": 360,
        "upswing": 0.5,
        "animation": "bettercombat:dual_handed_downspin",
        "swing_sound": {
          "id": "bettercombat:mace_slash",
          "pitch": 1.5
        }
      },
      {
        "hitbox": "VERTICAL_PLANE",
        "conditions": ["OFF_HAND_ONLY","DUAL_WIELDING_SAME"],
        "damage_multiplier": 3.0,
        "angle": 150,
        "upswing": 0.5,
        "animation": "bettercombat:dual_handed_slam",
        "swing_sound": {
          "id": "bettercombat:sword_slash",
          "pitch": 0.5
        }
      }
    ]
  }
}