{
  "attributes": {
    "attack_range": 2.3,
    "category": "sword",
    "attacks": [
      {
        "hitbox": "HORIZONTAL_PLANE",
        "damage_multiplier": 1.0,
        "angle": 120,
        "upswing": 0.5,
        "animation": "bettercombat:one_handed_slash_downcut_right",
        "swing_sound": {
          "id": "bettercombat:sword_slash"
        }
      },
      {
        "conditions": ["DUAL_WIELDING_SAME_CATEGORYE","MAIN_HAND_ONLY"],
        "hitbox": "HORIZONTAL_PLANE",
        "damage_multiplier": 1.1,
        "angle": 360,
        "upswing": 0.5,
        "animation": "bettercombat:dual_handed_downspin",
        "swing_sound": {
          "id": "bettercombat:axe_slash"
        }
      },
      {
        "conditions": ["DUAL_WIELDING_SAME_CATEGORY","OFF_HAND_ONLY"],
        "hitbox": "VERTICAL_PLANE",
        "damage_multiplier": 4.5,
        "angle": 100,
        "upswing": 0.5,
        "animation": "bettercombat:dual_handed_slam",
        "swing_sound": {
          "id": "bettercombat:axe_slash"
        }
      },
      {
        "hitbox": "VERTICAL_PLANE",
        "damage_multiplier": 1.1,
        "angle": 100,
        "upswing": 0.55,
        "animation": "bettercombat:two_handed_slash_draw",
        "swing_sound": {
          "id": "bettercombat:katana_slash",
          "pitch": 0.6
        }
      }
    ]
  }
}