{
    "display": {
        "icon": {
            "item": "minecraft:grass_block"
        },
        "title": {"translate":"BlazeandCave's Advancements"},
        "description": {"translate":"Loads of brand new advancements for your Minecraft world!"},
        "background": "minecraft:textures/block/dirt.png",
        "show_toast": false,
        "announce_to_chat": "false"
    },
	"rewards": {
		"function": "bc_rewards:bacap/root"
    },		
    "criteria": {
        "location": {
            "trigger": "minecraft:location"
        }
    }
}