{
  "name": "dnl:structures/forgotten_field/monolith",
  "fallback": "dnl:structures/forgotten_field/monolith",
  "elements": [
    {
      "weight": 1,
      "element": {
        "element_type": "minecraft:single_pool_element",
        "projection": "rigid",
        "location": "dnl:forgotten_field/monoliths/golem_helmet",
        "processors": "minecraft:empty"
      }
    },
    {
      "weight": 1,
      "element": {
        "element_type": "minecraft:single_pool_element",
        "projection": "rigid",
        "location": "dnl:forgotten_field/monoliths/golem_chestplate",
        "processors": "minecraft:empty"
      }
    },
    {
      "weight": 1,
      "element": {
        "element_type": "minecraft:single_pool_element",
        "projection": "rigid",
        "location": "dnl:forgotten_field/monoliths/golem_leggings",
        "processors": "minecraft:empty"
      }
    },
    {
      "weight": 1,
      "element": {
        "element_type": "minecraft:single_pool_element",
        "projection": "rigid",
        "location": "dnl:forgotten_field/monoliths/golem_boots",
        "processors": "minecraft:empty"
      }
    }
  ]
}
