{
  "name": "dnl:structures/forgotten_field/path",
  "fallback": "dnl:structures/forgotten_field/monolith",
  "elements": [
    {
      "weight": 1,
      "element": {
        "element_type": "minecraft:single_pool_element",
        "projection": "terrain_matching",
        "location": "dnl:forgotten_field/path_turn",
        "processors": "dnl:structures/forgotten_field/path_change"
      }
    },
    {
      "weight": 1,
      "element": {
        "element_type": "minecraft:single_pool_element",
        "projection": "terrain_matching",
        "location": "dnl:forgotten_field/path_cross",
        "processors": "dnl:structures/forgotten_field/path_change"
      }
    },
    {
      "weight": 1,
      "element": {
        "element_type": "minecraft:single_pool_element",
        "projection": "terrain_matching",
        "location": "dnl:forgotten_field/path_split",
        "processors": "dnl:structures/forgotten_field/path_change"
      }
    },
    {
      "weight": 3,
      "element": {
        "element_type": "minecraft:single_pool_element",
        "projection": "terrain_matching",
        "location": "dnl:forgotten_field/path_straight",
        "processors": "dnl:structures/forgotten_field/path_change"
      }
    }
  ]
}
