{
  "type": "minecraft:generic",
  "pools": [
    {
      "rolls": 1,
      "entries": [
        {
          "type": "minecraft:item",
          "name": "minecraft:bow",
          "functions": [
            {
              "function": "minecraft:set_nbt",
              "tag": "{display:{Name:'{\"text\":\"古代弓\",\"color\":\"gold\",\"italic\":false}',Lore:['{\"text\":\"风暴之圣物\",\"color\":\"dark_purple\",\"italic\":false}','{\"translate\":\"\"}','{\"text\":\"最大蓄力时:\",\"color\":\"gray\",\"italic\":false}','{\"text\":\"9-16 伤害\",\"color\":\"dark_aqua\",\"italic\":false}','{\"translate\":\"\"}','{\"text\":\"副手物品消耗: \",\"color\":\"gray\",\"italic\":false}','{\"text\":\"1 恶魂之泪\",\"color\":\"blue\",\"italic\":false}']},CustomModelData:12004,dnl.item:1b,dnl.ancient_bow:1b,dnl.relic.yellow:1b}"
            }
          ]
        }
      ]
    }
  ]
}
