{
  "type": "minecraft:entity",
  "pools": [
    {
      "rolls": 1,
      "entries": [
        {
          "type": "minecraft:item",
          "name": "minecraft:netherite_sword",
          "functions": [
            {
              "function": "minecraft:set_nbt",
              "tag": "{display:{Name:'{\"text\":\"古代剑\",\"color\":\"gold\",\"italic\":false}',Lore:['{\"translate\":\"\"}','{\"text\":\"在主手时:\",\"color\":\"gray\",\"italic\":false}','{\"text\":\" 10 攻击伤害\",\"color\":\"dark_green\",\"italic\":false}','{\"text\":\" 1.6 攻击速度\",\"color\":\"dark_green\",\"italic\":false}']},HideFlags:2,CustomModelData:15001,dnl.item:1b,dnl.ancient_sword:1b,AttributeModifiers:[{AttributeName:\"generic.attack_damage\",Name:\"generic.attack_damage\",Amount:10,Operation:0,UUID:[I;1808257353,980240255,-1678636628,1631896827],Slot:\"mainhand\"},{AttributeName:\"generic.attack_speed\",Name:\"generic.attack_speed\",Amount:-2.4,Operation:0,UUID:[I;-1874436179,-340377130,-1574867180,-1776873136],Slot:\"mainhand\"}]}"
            }
          ]
        }
      ]
    }
  ]
}
