{
  "type": "minecraft:entity",
  "pools": [
    {
      "rolls": 1,
      "entries": [
        {
          "type": "minecraft:item",
          "name": "minecraft:shield",
          "functions": [
            {
              "function": "minecraft:set_nbt",
              "tag": "{display:{Name:'{\"text\":\"古代盾牌\",\"color\":\"gold\",\"italic\":false}'},HideFlags:32,CustomModelData:15004,dnl.item:1b,dnl.ancient_shield:1b,AttributeModifiers:[{AttributeName:\"generic.armor\",Name:\"generic.armor\",Amount:4,Operation:0,UUID:[I;1866509640,-1920384181,-1849613879,1398832561],Slot:\"offhand\"}],BlockEntityTag:{Base:0,Patterns:[{Color:8,Pattern:\"cbo\"},{Color:7,Pattern:\"bo\"},{Color:15,Pattern:\"gra\"},{Color:15,Pattern:\"gru\"},{Color:15,Pattern:\"mr\"},{Color:7,Pattern:\"flo\"}]}}"
            }
          ]
        }
      ]
    }
  ]
}
