{
  "type": "minecraft:entity",
  "pools": [
    {
      "rolls": 1,
      "entries": [
        {
          "type": "minecraft:item",
          "name": "minecraft:netherite_axe",
          "functions": [
            {
              "function": "minecraft:set_nbt",
              "tag": "{display:{Name:'{\"text\":\"古代斧\",\"color\":\"gold\",\"italic\":false}',Lore:['{\"translate\":\"\"}','{\"text\":\"在主手时:\",\"color\":\"gray\",\"italic\":false}','{\"text\":\" 12 攻击伤害\",\"color\":\"dark_green\",\"italic\":false}','{\"text\":\" 1 攻击速度\",\"color\":\"dark_green\",\"italic\":false}']},HideFlags:2,CustomModelData:15002,dnl.item:1b,dnl.ancient_axe:1b,AttributeModifiers:[{AttributeName:\"generic.attack_damage\",Name:\"generic.attack_damage\",Amount:12,Operation:0,UUID:[I;1593594741,533873384,-1575374395,-1172293549],Slot:\"mainhand\"},{AttributeName:\"generic.attack_speed\",Name:\"generic.attack_speed\",Amount:-3,Operation:0,UUID:[I;1055999556,-1473558539,-2087289738,906605482],Slot:\"mainhand\"}]}"
            }
          ]
        }
      ]
    }
  ]
}
