{
  "type": "minecraft:generic",
  "pools": [
    {
      "rolls": 1,
      "entries": [
        {
          "type": "minecraft:item",
          "name": "minecraft:golden_helmet",
          "functions": [
            {
              "function": "minecraft:set_nbt",
              "tag": "{display:{Name:'{\"text\":\"奥林匹斯冠冕\",\"color\":\"gold\",\"italic\":false}',Lore:['{\"translate\":\"\",\"italic\":false}','{\"text\":\"戴在头部时:\",\"color\":\"gray\",\"italic\":false}','{\"text\":\"+5 护甲值\",\"color\":\"blue\",\"italic\":false}','{\"text\":\"+5 盔甲韧性\",\"color\":\"blue\",\"italic\":false}','{\"text\":\"+1 击退抗性\",\"color\":\"blue\",\"italic\":false}']},HideFlags:2,CustomModelData:15005,dnl.item:1b,dnl.crown_of_olympus:1b,Enchantments:[{id:\"minecraft:unbreaking\",lvl:10s}],AttributeModifiers:[{AttributeName:\"generic.armor\",Name:\"generic.armor\",Amount:5,Operation:0,UUID:[I;-1860916887,-1290973400,-2132503215,490442743],Slot:\"head\"},{AttributeName:\"generic.armor_toughness\",Name:\"generic.armor_toughness\",Amount:5,Operation:0,UUID:[I;-900826856,-615103739,-1656021335,459686881],Slot:\"head\"},{AttributeName:\"generic.knockback_resistance\",Name:\"generic.knockback_resistance\",Amount:1,Operation:0,UUID:[I;160011101,1991396803,-1156682540,-1108964711],Slot:\"head\"}]}"
            }
          ]
        }
      ]
    }
  ]
}
