{
  "type": "minecraft:generic",
  "pools": [
    {
      "rolls": 1,
      "entries": [
        {
          "type": "minecraft:item",
          "name": "minecraft:melon_slice",
          "functions": [
            {
              "function": "minecraft:set_nbt",
              "tag": "{display:{Name:'{\"text\":\"禁忌之西瓜片\",\"color\":\"light_purple\",\"italic\":false}',Lore:['{\"text\":\"+5 活力\",\"color\":\"blue\",\"italic\":false}']},dnl.item:1b,dnl.forbidden_fruit:1b,dnl.forbidden_melon_slice:1b,dnl.vitality:5b,Enchantments:[{}]}"
            }
          ]
        }
      ]
    }
  ]
}
