{
  "type": "minecraft:generic",
  "pools": [
    {
      "rolls": 1,
      "entries": [
        {
          "type": "minecraft:item",
          "name": "minecraft:iron_leggings",
          "functions": [
            {
              "function": "minecraft:set_nbt",
              "tag": "{display:{Name:'{\"text\":\"戈仑之心护腿\",\"color\":\"gold\",\"italic\":false}',Lore:['{\"text\":\"套装奖励:\",\"color\":\"gray\",\"italic\":false}','{\"text\":\"力量 I\",\"color\":\"blue\",\"italic\":false}','{\"text\":\"抗性提升 I\",\"color\":\"blue\",\"italic\":false}']},CustomModelData:15556,dnl.item:1b,dnl.golem_heart_leggings:1b,AttributeModifiers:[{AttributeName:\"generic.armor\",Name:\"generic.armor\",Amount:6,Operation:0,UUID:[I;995505360,-472626502,-1831812914,1866495931],Slot:\"legs\"},{AttributeName:\"generic.armor_toughness\",Name:\"generic.armor_toughness\",Amount:1,Operation:0,UUID:[I;553758938,1073499315,-1267955630,649369167],Slot:\"legs\"},{AttributeName:\"generic.knockback_resistance\",Name:\"generic.knockback_resistance\",Amount:0.1,Operation:0,UUID:[I;-1209234405,124668418,-1597826952,1642454812],Slot:\"legs\"},{AttributeName:\"generic.max_health\",Name:\"generic.max_health\",Amount:2,Operation:0,UUID:[I;-1588287999,-1821489294,-1858498989,1826411242],Slot:\"legs\"}]}"
            }
          ]
        }
      ]
    }
  ]
}
