{
  "type": "minecraft:generic",
  "pools": [
    {
      "rolls": 1,
      "entries": [
        {
          "type": "minecraft:item",
          "name": "minecraft:iron_helmet",
          "functions": [
            {
              "function": "minecraft:set_nbt",
              "tag": "{display:{Name:'{\"text\":\"戈仑之心头盔\",\"color\":\"gold\",\"italic\":false}',Lore:['{\"text\":\"套装奖励:\",\"color\":\"gray\",\"italic\":false}','{\"text\":\"力量 I\",\"color\":\"blue\",\"italic\":false}','{\"text\":\"抗性提升 I\",\"color\":\"blue\",\"italic\":false}']},CustomModelData:15556,dnl.item:1b,dnl.golem_heart_helmet:1b,AttributeModifiers:[{AttributeName:\"generic.armor_toughness\",Name:\"generic.armor_toughness\",Amount:1,Operation:0,UUID:[I;-249311023,-1749925565,-1704110300,808295520],Slot:\"head\"},{AttributeName:\"generic.knockback_resistance\",Name:\"generic.knockback_resistance\",Amount:0.1,Operation:0,UUID:[I;10115823,-1450096563,-1766350056,-1899304770],Slot:\"head\"},{AttributeName:\"generic.armor\",Name:\"generic.armor\",Amount:3,Operation:0,UUID:[I;-376756547,1945324862,-2093895826,134240071],Slot:\"head\"},{AttributeName:\"generic.max_health\",Name:\"generic.max_health\",Amount:2,Operation:0,UUID:[I;-1016346187,-999734534,-1298661431,508586402],Slot:\"head\"}]}"
            }
          ]
        }
      ]
    }
  ]
}
