{
  "type": "minecraft:generic",
  "pools": [
    {
      "rolls": 1,
      "entries": [
        {
          "type": "minecraft:item",
          "name": "minecraft:iron_chestplate",
          "functions": [
            {
              "function": "minecraft:set_nbt",
              "tag": "{display:{Name:'{\"text\":\"戈仑之心胸甲\",\"color\":\"gold\",\"italic\":false}',Lore:['{\"text\":\"套装奖励:\",\"color\":\"gray\",\"italic\":false}','{\"text\":\"力量 I\",\"color\":\"blue\",\"italic\":false}','{\"text\":\"抗性提升 I\",\"color\":\"blue\",\"italic\":false}']},CustomModelData:15556,dnl.item:1b,dnl.golem_heart_chestplate:1b,AttributeModifiers:[{AttributeName:\"generic.armor\",Name:\"generic.armor\",Amount:8,Operation:0,UUID:[I;-1087776946,-759935131,-1261291535,440039544],Slot:\"chest\"},{AttributeName:\"generic.armor_toughness\",Name:\"generic.armor_toughness\",Amount:1,Operation:0,UUID:[I;-172634301,-1092792703,-1718382363,-210958762],Slot:\"chest\"},{AttributeName:\"generic.knockback_resistance\",Name:\"generic.knockback_resistance\",Amount:0.3,Operation:0,UUID:[I;-416101484,198724912,-1524354673,-1776522134],Slot:\"chest\"},{AttributeName:\"generic.max_health\",Name:\"generic.max_health\",Amount:2,Operation:0,UUID:[I;1006408798,609504560,-1161754772,-520466586],Slot:\"chest\"}]}"
            }
          ]
        }
      ]
    }
  ]
}
