{
  "type": "minecraft:generic",
  "pools": [
    {
      "rolls": 1,
      "entries": [
        {
          "type": "minecraft:item",
          "name": "minecraft:iron_boots",
          "functions": [
            {
              "function": "minecraft:set_nbt",
              "tag": "{display:{Name:'{\"text\":\"戈仑之心靴子\",\"color\":\"gold\",\"italic\":false}',Lore:['{\"text\":\"套装奖励:\",\"color\":\"gray\",\"italic\":false}','{\"text\":\"力量 I\",\"color\":\"blue\",\"italic\":false}','{\"text\":\"抗性提升 I\",\"color\":\"blue\",\"italic\":false}']},CustomModelData:15556,dnl.item:1b,dnl.golem_heart_boots:1b,AttributeModifiers:[{AttributeName:\"generic.armor\",Name:\"generic.armor\",Amount:3,Operation:0,UUID:[I;898471069,2058832821,-1698531562,-984962025],Slot:\"feet\"},{AttributeName:\"generic.armor_toughness\",Name:\"generic.armor_toughness\",Amount:1,Operation:0,UUID:[I;-2072221910,-181515236,-1368984170,1859548987],Slot:\"feet\"},{AttributeName:\"generic.knockback_resistance\",Name:\"generic.knockback_resistance\",Amount:0.1,Operation:0,UUID:[I;1071255997,1835355139,-1874791847,327641371],Slot:\"feet\"},{AttributeName:\"generic.max_health\",Name:\"generic.max_health\",Amount:2,Operation:0,UUID:[I;-1360000700,-402501916,-2134664476,-1246929001],Slot:\"feet\"}]}"
            }
          ]
        }
      ]
    }
  ]
}
