{
  "type": "minecraft:generic",
  "pools": [
    {
      "rolls": 1,
      "entries": [
        {
          "type": "minecraft:item",
          "name": "minecraft:yellow_shulker_box",
          "functions": [
            {
              "function": "minecraft:set_nbt",
              "tag": "{display:{Name:'{\"text\":\"蜂香匣\",\"color\":\"gold\",\"italic\":false}'},dnl.hive_chest:1b,BlockEntityTag:{LootTable:\"dnl:structures/hivenest/chests/hive_chest\"}}"
            }
          ]
        }
      ]
    }
  ]
}