{
    "pools": [
        {
            "rolls": 1,
            "entries": [
                {
                    "type": "minecraft:item",
                    "name": "minecraft:iron_ingot",
                    "functions": [
                        {
                            "function": "minecraft:set_nbt",
                            "tag": "{display:{Name:'{\"text\":\"骑士之剑残片\",\"color\":\"gold\",\"italic\":false}',Lore:['{\"text\":\"精粹材料\",\"color\":\"gray\",\"italic\":false}']},CustomModelData:16003,dnl.item:1b,dnl.knightly_sword_fragment:1b,dnl.unconvertable:1b,Enchantments:[{}]}"
                        }
                    ]
                }
            ]
        }
    ]
}