{
    "pools": [
        {
            "rolls": 1,
            "entries": [
                {
                    "type": "minecraft:item",
                    "name": "minecraft:iron_sword",
                    "functions": [
                        {
                            "function": "minecraft:set_nbt",
                            "tag": "{display:{Name:'{\"text\":\"骑士之剑\",\"color\":\"gold\",\"italic\":false}',Lore:['{\"text\":\"崇高 I\",\"color\":\"gray\",\"italic\":false}','{\"text\":\"当副手持盾时，\",\"color\":\"dark_gray\",\"italic\":false}','{\"text\":\"赋予使用者力量 I 效果\",\"color\":\"dark_gray\",\"italic\":false}']},CustomModelData:16002,dnl.item:1b,dnl.knightly_sword:1b,dnl.unconvertable:1b,Enchantments:[{id:\"minecraft:sharpness\",lvl:1s}]}"
                        }
                    ]
                }
            ]
        }
    ]
}