{
  "type": "minecraft:generic",
  "pools": [
    {
      "rolls": 1,
      "entries": [
        {
          "type": "minecraft:item",
          "name": "minecraft:poppy",
          "functions": [
            {
              "function": "minecraft:set_nbt",
              "tag": "{display:{Lore:['{\"text\":\"凝望着这件物品，逝去的过往仿佛闪回于记忆之中......\",\"color\":\"gray\",\"italic\":false}']},dnl.item:1b,dnl.memento:1b,dnl.poppy_of_flanders:1b,Enchantments:[{}]}"
            }
          ]
        }
      ]
    }
  ]
}
