{
  "type": "minecraft:generic",
  "pools": [
    {
      "rolls": 1,
      "entries": [
        {
          "type": "minecraft:item",
          "name": "minecraft:paper",
          "functions": [
            {
              "function": "minecraft:set_nbt",
              "tag": "{display:{Name:'{\"text\":\"Letter\",\"italic\":false}',Lore:['{\"text\":\"Memento\",\"color\":\"gray\",\"italic\":false}']},dnl.item:1b,dnl.memento:1b,dnl.letter:1b,Enchantments:[{}]}"
            }
          ]
        }
      ]
    }
  ]
}
