{
  "type": "minecraft:generic",
  "pools": [
    {
      "rolls": 1,
      "entries": [
        {
          "type": "minecraft:item",
          "name": "minecraft:music_disc_strad",
          "functions": [
            {
              "function": "minecraft:set_nbt",
              "tag": "{display:{Lore:['{\"text\":\"C418 - Alpha\",\"color\":\"gray\",\"italic\":false}']},HideFlags:32,dnl.item:1b,dnl.music_disc:1b,dnl.alpha:1b,Enchantments:[{}]}"
            }
          ]
        }
      ]
    }
  ]
}
