{
    "pools": [
        {
            "rolls": 1,
            "entries": [
                {
                    "type": "minecraft:item",
                    "name": "minecraft:enchanted_book",
                    "functions": [
                        {
                            "function": "minecraft:set_nbt",
                            "tag": "{display:{Lore:['{\"text\":\"崇高 I\",\"color\":\"gray\",\"italic\":false}','{\"translate\":\"\"}','{\"text\":\"仅用于特殊合成\",\"color\":\"dark_gray\",\"italic\":false}']},CustomModelData:16005,dnl.item:1b,dnl.enchanted_book:1b,dnl.nobility:1b,dnl.level:1b,dnl.unconvertable:1b}"
                        }
                    ]
                }
            ]
        }
    ]
}