{
  "type": "minecraft:generic",
  "pools": [
    {
      "rolls": 1,
      "entries": [
        {
          "type": "minecraft:item",
          "name": "minecraft:golden_sword",
          "functions": [
            {
              "function": "minecraft:set_nbt",
              "tag": "{display:{Name:'{\"text\":\"巫毒长刃\",\"color\":\"gold\",\"italic\":false}',Lore:['{\"text\":\"毒针 I\",\"color\":\"dark_purple\",\"italic\":false}','{\"translate\":\"\"}','{\"text\":\"在主手时:\",\"color\":\"gray\",\"italic\":false}','{\"text\":\" 4 攻击伤害\",\"color\":\"dark_green\",\"italic\":false}','{\"text\":\" 2.0 攻击速度\",\"color\":\"dark_green\",\"italic\":false}']},HideFlags:2,CustomModelData:13002,dnl.item:1b,dnl.poison_rapier:1b,AttributeModifiers:[{AttributeName:\"generic.attack_damage\",Name:\"generic.attack_damage\",Amount:4.0,Operation:0,UUID:[I;-881343799,-691188407,-1812519174,1731027234],Slot:\"mainhand\"},{AttributeName:\"generic.attack_speed\",Name:\"generic.attack_speed\",Amount:-2.0,Operation:0,UUID:[I;622434354,-165851298,-1524796298,-1928816170],Slot:\"mainhand\"}]}"
            }
          ]
        }
      ]
    }
  ]
}
