{
    "name": "one_handed_strike",
    "author": "Anti_Yv",
    "description": "One handed strike attack",
    "emote":{
        "isLoop": "false",
        "returnTick": 2,
        "beginTick":8,
        "endTick":20,
        "stopTick":30,
        "degrees":false,
        "moves":[
            
            {
                "tick":8,
                "easing": "EASEINQUAD",
                "turn": 0,
                "head":{
                    "y":-0.0
                }
            },
            {
                "tick":12,
                "easing": "EASEOUTQUAD",
                "turn": 0,
                "head":{
                    "y":-0.0
                }
            },
            {
                "tick":20,
                "easing": "EASEOUTQUAD",
                "turn": 0,
                "head":{
                    "y":-0.0
                }
            },
            {
                "tick":8,
                "easing": "EASEINQUAD",
                "turn": 0,
                "head":{
                    "z":-0.0
                }
            },
            {
                "tick":12,
                "easing": "EASEOUTQUAD",
                "turn": 0,
                "head":{
                    "z":-0.0
                }
            },
            {
                "tick":20,
                "easing": "EASEOUTQUAD",
                "turn": 0,
                "head":{
                    "z":-0.0
                }
            },
            {
                "tick":8,
                "easing": "EASEINQUAD",
                "turn": 0,
                "head":{
                    "x":-0.0
                }
            },
            {
                "tick":12,
                "easing": "EASEOUTQUAD",
                "turn": 0,
                "head":{
                    "x":-0.0
                }
            },
            {
                "tick":20,
                "easing": "EASEOUTQUAD",
                "turn": 0,
                "head":{
                    "x":-0.0
                }
            },
            {
                "tick":8,
                "easing": "EASEINQUAD",
                "turn": 0,
                "head":{
                    "yaw":0.9919615983963013
                }
            },
            {
                "tick":12,
                "easing": "EASEOUTQUAD",
                "turn": 0,
                "head":{
                    "yaw":0.902276873588562
                }
            },
            {
                "tick":20,
                "easing": "EASEOUTQUAD",
                "turn": 0,
                "head":{
                    "yaw":0.8884723782539368
                }
            },
            {
                "tick":8,
                "easing": "EASEINQUAD",
                "turn": 0,
                "head":{
                    "roll":0.021218739449977875
                }
            },
            {
                "tick":12,
                "easing": "EASEOUTQUAD",
                "turn": 0,
                "head":{
                    "roll":-0.24933168292045593
                }
            },
            {
                "tick":20,
                "easing": "EASEOUTQUAD",
                "turn": 0,
                "head":{
                    "roll":-0.15460382401943207
                }
            },
            {
                "tick":8,
                "easing": "EASEINQUAD",
                "turn": 0,
                "head":{
                    "pitch":0.03920198976993561
                }
            },
            {
                "tick":12,
                "easing": "EASEOUTQUAD",
                "turn": 0,
                "head":{
                    "pitch":-0.30146417021751404
                }
            },
            {
                "tick":20,
                "easing": "EASEOUTQUAD",
                "turn": 0,
                "head":{
                    "pitch":-0.2284918576478958
                }
            },
            {
                "tick":8,
                "easing": "EASEINQUAD",
                "turn": 0,
                "torso":{
                    "yaw":1.0088012218475342
                }
            },
            {
                "tick":12,
                "easing": "EASEOUTQUAD",
                "turn": 0,
                "torso":{
                    "yaw":0.8993110060691833
                }
            },
            {
                "tick":13,
                "easing": "EASEINOUTQUAD",
                "turn": 0,
                "torso":{
                    "yaw":0.8954840302467346
                }
            },
            {
                "tick":20,
                "easing": "EASEINOUTQUAD",
                "turn": 0,
                "torso":{
                    "yaw":0.8931003212928772
                }
            },
            {
                "tick":8,
                "easing": "EASEINQUAD",
                "turn": 0,
                "torso":{
                    "roll":0.3441118001937866
                }
            },
            {
                "tick":12,
                "easing": "EASEOUTQUAD",
                "turn": 0,
                "torso":{
                    "roll":-0.00738358311355114
                }
            },
            {
                "tick":13,
                "easing": "EASEINOUTQUAD",
                "turn": 0,
                "torso":{
                    "roll":-0.07782133668661118
                }
            },
            {
                "tick":20,
                "easing": "EASEINOUTQUAD",
                "turn": 0,
                "torso":{
                    "roll":-0.062228817492723465
                }
            },
            {
                "tick":8,
                "easing": "EASEINQUAD",
                "turn": 0,
                "torso":{
                    "pitch":0.25669950246810913
                }
            },
            {
                "tick":12,
                "easing": "EASEOUTQUAD",
                "turn": 0,
                "torso":{
                    "pitch":-0.2025531679391861
                }
            },
            {
                "tick":13,
                "easing": "EASEINOUTQUAD",
                "turn": 0,
                "torso":{
                    "pitch":-0.28846895694732666
                }
            },
            {
                "tick":20,
                "easing": "EASEINOUTQUAD",
                "turn": 0,
                "torso":{
                    "pitch":-0.21536746621131897
                }
            },
            {
                "tick":8,
                "easing": "EASEINQUAD",
                "turn": 0,
                "torso":{
                    "y":0.0
                }
            },
            {
                "tick":12,
                "easing": "EASEOUTQUAD",
                "turn": 0,
                "torso":{
                    "y":-0.016019942238926888
                }
            },
            {
                "tick":13,
                "easing": "EASEINOUTQUAD",
                "turn": 0,
                "torso":{
                    "y":-0.016019942238926888
                }
            },
            {
                "tick":20,
                "easing": "EASEINOUTQUAD",
                "turn": 0,
                "torso":{
                    "y":-0.016019942238926888
                }
            },
            {
                "tick":8,
                "easing": "EASEINQUAD",
                "turn": 0,
                "torso":{
                    "x":0.0
                }
            },
            {
                "tick":12,
                "easing": "EASEOUTQUAD",
                "turn": 0,
                "torso":{
                    "x":0.0
                }
            },
            {
                "tick":13,
                "easing": "EASEINOUTQUAD",
                "turn": 0,
                "torso":{
                    "x":0.0
                }
            },
            {
                "tick":20,
                "easing": "EASEINOUTQUAD",
                "turn": 0,
                "torso":{
                    "x":0.0
                }
            },
            {
                "tick":8,
                "easing": "EASEINQUAD",
                "turn": 0,
                "torso":{
                    "z":0.17004521191120148
                }
            },
            {
                "tick":12,
                "easing": "EASEOUTQUAD",
                "turn": 0,
                "torso":{
                    "z":-0.11213959753513336
                }
            },
            {
                "tick":13,
                "easing": "EASEINOUTQUAD",
                "turn": 0,
                "torso":{
                    "z":-0.11213959753513336
                }
            },
            {
                "tick":20,
                "easing": "EASEINOUTQUAD",
                "turn": 0,
                "torso":{
                    "z":-0.11213959753513336
                }
            },
            {
                "tick":8,
                "easing": "EASEINQUAD",
                "turn": 0,
                "rightArm":{
                    "yaw":-0.10099712014198303
                }
            },
            {
                "tick":12,
                "easing": "EASEOUTQUAD",
                "turn": 0,
                "rightArm":{
                    "yaw":0.16232779622077942
                }
            },
            {
                "tick":16,
                "easing": "EASEINOUTQUAD",
                "turn": 0,
                "rightArm":{
                    "yaw":0.14295168220996857
                }
            },
            {
                "tick":20,
                "easing": "EASEINOUTQUAD",
                "turn": 0,
                "rightArm":{
                    "yaw":-0.042381227016448975
                }
            },
            {
                "tick":8,
                "easing": "EASEINQUAD",
                "turn": 0,
                "rightArm":{
                    "roll":1.6898155212402344
                }
            },
            {
                "tick":12,
                "easing": "EASEOUTQUAD",
                "turn": 0,
                "rightArm":{
                    "roll":1.5301707983016968
                }
            },
            {
                "tick":16,
                "easing": "EASEINOUTQUAD",
                "turn": 0,
                "rightArm":{
                    "roll":1.6130244731903076
                }
            },
            {
                "tick":20,
                "easing": "EASEINOUTQUAD",
                "turn": 0,
                "rightArm":{
                    "roll":1.4045393466949463
                }
            },
            {
                "tick":8,
                "easing": "EASEINQUAD",
                "turn": 0,
                "rightArm":{
                    "y":2.1661481857299805
                }
            },
            {
                "tick":12,
                "easing": "EASEOUTQUAD",
                "turn": 0,
                "rightArm":{
                    "y":2.257852554321289
                }
            },
            {
                "tick":16,
                "easing": "EASEINOUTQUAD",
                "turn": 0,
                "rightArm":{
                    "y":2.257852554321289
                }
            },
            {
                "tick":20,
                "easing": "EASEINOUTQUAD",
                "turn": 0,
                "rightArm":{
                    "y":2.257852554321289
                }
            },
            {
                "tick":8,
                "easing": "EASEINQUAD",
                "turn": 0,
                "rightArm":{
                    "z":-2.395448923110962
                }
            },
            {
                "tick":12,
                "easing": "EASEOUTQUAD",
                "turn": 0,
                "rightArm":{
                    "z":-1.96254563331604
                }
            },
            {
                "tick":16,
                "easing": "EASEINOUTQUAD",
                "turn": 0,
                "rightArm":{
                    "z":-1.96254563331604
                }
            },
            {
                "tick":20,
                "easing": "EASEINOUTQUAD",
                "turn": 0,
                "rightArm":{
                    "z":-1.96254563331604
                }
            },
            {
                "tick":8,
                "easing": "EASEINQUAD",
                "turn": 0,
                "rightArm":{
                    "x":-4.900559425354004
                }
            },
            {
                "tick":12,
                "easing": "EASEOUTQUAD",
                "turn": 0,
                "rightArm":{
                    "x":-3.746713161468506
                }
            },
            {
                "tick":16,
                "easing": "EASEINOUTQUAD",
                "turn": 0,
                "rightArm":{
                    "x":-3.746713161468506
                }
            },
            {
                "tick":20,
                "easing": "EASEINOUTQUAD",
                "turn": 0,
                "rightArm":{
                    "x":-3.746713161468506
                }
            },
            {
                "tick":8,
                "easing": "EASEINQUAD",
                "turn": 0,
                "rightArm":{
                    "pitch":-2.4176185131073
                }
            },
            {
                "tick":12,
                "easing": "EASEOUTQUAD",
                "turn": 0,
                "rightArm":{
                    "pitch":-1.4368175268173218
                }
            },
            {
                "tick":16,
                "easing": "EASEINOUTQUAD",
                "turn": 0,
                "rightArm":{
                    "pitch":-1.1438498497009277
                }
            },
            {
                "tick":20,
                "easing": "EASEINOUTQUAD",
                "turn": 0,
                "rightArm":{
                    "pitch":-1.0133708715438843
                }
            },
            {
                "tick":8,
                "easing": "EASEINQUAD",
                "turn": 0,
                "leftArm":{
                    "roll":0.5235809087753296
                }
            },
            {
                "tick":12,
                "easing": "EASEINOUTQUAD",
                "turn": 0,
                "leftArm":{
                    "roll":0.14552418887615204
                }
            },
            {
                "tick":17,
                "easing": "EASEOUTQUAD",
                "turn": 0,
                "leftArm":{
                    "roll":-0.2863081991672516
                }
            },
            {
                "tick":20,
                "easing": "EASEINOUTQUAD",
                "turn": 0,
                "leftArm":{
                    "roll":-0.42689692974090576
                }
            },
            {
                "tick":8,
                "easing": "EASEINQUAD",
                "turn": 0,
                "leftArm":{
                    "yaw":0.22538220882415771
                }
            },
            {
                "tick":12,
                "easing": "EASEINOUTQUAD",
                "turn": 0,
                "leftArm":{
                    "yaw":0.7194601893424988
                }
            },
            {
                "tick":17,
                "easing": "EASEOUTQUAD",
                "turn": 0,
                "leftArm":{
                    "yaw":0.6078945398330688
                }
            },
            {
                "tick":20,
                "easing": "EASEINOUTQUAD",
                "turn": 0,
                "leftArm":{
                    "yaw":0.4884354770183563
                }
            },
            {
                "tick":8,
                "easing": "EASEINQUAD",
                "turn": 0,
                "leftArm":{
                    "pitch":-1.2841764688491821
                }
            },
            {
                "tick":12,
                "easing": "EASEINOUTQUAD",
                "turn": 0,
                "leftArm":{
                    "pitch":-1.533918857574463
                }
            },
            {
                "tick":17,
                "easing": "EASEOUTQUAD",
                "turn": 0,
                "leftArm":{
                    "pitch":-1.7138160467147827
                }
            },
            {
                "tick":20,
                "easing": "EASEINOUTQUAD",
                "turn": 0,
                "leftArm":{
                    "pitch":-1.4930702447891235
                }
            },
            {
                "tick":8,
                "easing": "EASEINQUAD",
                "turn": 0,
                "leftArm":{
                    "y":2.0
                }
            },
            {
                "tick":12,
                "easing": "EASEINOUTQUAD",
                "turn": 0,
                "leftArm":{
                    "y":2.1735639572143555
                }
            },
            {
                "tick":17,
                "easing": "EASEOUTQUAD",
                "turn": 0,
                "leftArm":{
                    "y":2.0
                }
            },
            {
                "tick":20,
                "easing": "EASEINOUTQUAD",
                "turn": 0,
                "leftArm":{
                    "y":1.8536882400512695
                }
            },
            {
                "tick":8,
                "easing": "EASEINQUAD",
                "turn": 0,
                "leftArm":{
                    "z":-0.0
                }
            },
            {
                "tick":12,
                "easing": "EASEINOUTQUAD",
                "turn": 0,
                "leftArm":{
                    "z":-1.543271541595459
                }
            },
            {
                "tick":17,
                "easing": "EASEOUTQUAD",
                "turn": 0,
                "leftArm":{
                    "z":-0.0
                }
            },
            {
                "tick":20,
                "easing": "EASEINOUTQUAD",
                "turn": 0,
                "leftArm":{
                    "z":-0.5688470005989075
                }
            },
            {
                "tick":8,
                "easing": "EASEINQUAD",
                "turn": 0,
                "leftArm":{
                    "x":5.0
                }
            },
            {
                "tick":12,
                "easing": "EASEINOUTQUAD",
                "turn": 0,
                "leftArm":{
                    "x":3.135921001434326
                }
            },
            {
                "tick":17,
                "easing": "EASEOUTQUAD",
                "turn": 0,
                "leftArm":{
                    "x":5.0
                }
            },
            {
                "tick":20,
                "easing": "EASEINOUTQUAD",
                "turn": 0,
                "leftArm":{
                    "x":4.268294334411621
                }
            },
            {
                "tick":8,
                "easing": "EASEINQUAD",
                "turn": 0,
                "rightLeg":{
                    "yaw":1.0558451414108276
                }
            },
            {
                "tick":11,
                "easing": "EASEOUTQUAD",
                "turn": 0,
                "rightLeg":{
                    "yaw":0.89534991979599
                }
            },
            {
                "tick":13,
                "easing": "EASEINOUTQUAD",
                "turn": 0,
                "rightLeg":{
                    "yaw":0.8760481476783752
                }
            },
            {
                "tick":20,
                "easing": "EASEINOUTQUAD",
                "turn": 0,
                "rightLeg":{
                    "yaw":0.8844542503356934
                }
            },
            {
                "tick":8,
                "easing": "EASEINQUAD",
                "turn": 0,
                "rightLeg":{
                    "roll":0.05853754281997681
                }
            },
            {
                "tick":11,
                "easing": "EASEOUTQUAD",
                "turn": 0,
                "rightLeg":{
                    "roll":-0.10896732658147812
                }
            },
            {
                "tick":13,
                "easing": "EASEINOUTQUAD",
                "turn": 0,
                "rightLeg":{
                    "roll":-0.18320097029209137
                }
            },
            {
                "tick":20,
                "easing": "EASEINOUTQUAD",
                "turn": 0,
                "rightLeg":{
                    "roll":-0.11834476888179779
                }
            },
            {
                "tick":8,
                "easing": "EASEINQUAD",
                "turn": 0,
                "rightLeg":{
                    "pitch":-0.05656283348798752
                }
            },
            {
                "tick":11,
                "easing": "EASEOUTQUAD",
                "turn": 0,
                "rightLeg":{
                    "pitch":-0.3293319642543793
                }
            },
            {
                "tick":13,
                "easing": "EASEINOUTQUAD",
                "turn": 0,
                "rightLeg":{
                    "pitch":-0.3260648548603058
                }
            },
            {
                "tick":20,
                "easing": "EASEINOUTQUAD",
                "turn": 0,
                "rightLeg":{
                    "pitch":-0.2044125199317932
                }
            },
            {
                "tick":8,
                "easing": "EASEINQUAD",
                "turn": 0,
                "rightLeg":{
                    "x":-1.8743540287017821
                }
            },
            {
                "tick":11,
                "easing": "EASEOUTQUAD",
                "turn": 0,
                "rightLeg":{
                    "x":-2.2836660385131835
                }
            },
            {
                "tick":13,
                "easing": "EASEINOUTQUAD",
                "turn": 0,
                "rightLeg":{
                    "x":-3.011542224884033
                }
            },
            {
                "tick":20,
                "easing": "EASEINOUTQUAD",
                "turn": 0,
                "rightLeg":{
                    "x":-3.209141159057617
                }
            },
            {
                "tick":8,
                "easing": "EASEINQUAD",
                "turn": 0,
                "rightLeg":{
                    "y":12.33717879652977
                }
            },
            {
                "tick":11,
                "easing": "EASEOUTQUAD",
                "turn": 0,
                "rightLeg":{
                    "y":10.316841125488281
                }
            },
            {
                "tick":13,
                "easing": "EASEINOUTQUAD",
                "turn": 0,
                "rightLeg":{
                    "y":11.342343747615814
                }
            },
            {
                "tick":20,
                "easing": "EASEINOUTQUAD",
                "turn": 0,
                "rightLeg":{
                    "y":11.325549721717834
                }
            },
            {
                "tick":8,
                "easing": "EASEINQUAD",
                "turn": 0,
                "rightLeg":{
                    "z":0.11760923862457276
                }
            },
            {
                "tick":11,
                "easing": "EASEOUTQUAD",
                "turn": 0,
                "rightLeg":{
                    "z":0.3603291571140289
                }
            },
            {
                "tick":13,
                "easing": "EASEINOUTQUAD",
                "turn": 0,
                "rightLeg":{
                    "z":0.179713374376297
                }
            },
            {
                "tick":20,
                "easing": "EASEINOUTQUAD",
                "turn": 0,
                "rightLeg":{
                    "z":-0.017533177137374872
                }
            },
            {
                "tick":8,
                "easing": "EASEINQUAD",
                "turn": 0,
                "leftLeg":{
                    "yaw":1.114925503730774
                }
            },
            {
                "tick":12,
                "easing": "EASEINOUTQUAD",
                "turn": 0,
                "leftLeg":{
                    "yaw":0.820713460445404
                }
            },
            {
                "tick":20,
                "easing": "EASEINOUTQUAD",
                "turn": 0,
                "leftLeg":{
                    "yaw":0.8957009315490723
                }
            },
            {
                "tick":8,
                "easing": "EASEINQUAD",
                "turn": 0,
                "leftLeg":{
                    "roll":-0.24583734571933746
                }
            },
            {
                "tick":12,
                "easing": "EASEINOUTQUAD",
                "turn": 0,
                "leftLeg":{
                    "roll":-0.2585291266441345
                }
            },
            {
                "tick":20,
                "easing": "EASEINOUTQUAD",
                "turn": 0,
                "leftLeg":{
                    "roll":-0.1889287531375885
                }
            },
            {
                "tick":8,
                "easing": "EASEINQUAD",
                "turn": 0,
                "leftLeg":{
                    "pitch":0.02501874417066574
                }
            },
            {
                "tick":12,
                "easing": "EASEINOUTQUAD",
                "turn": 0,
                "leftLeg":{
                    "pitch":0.0032597840763628483
                }
            },
            {
                "tick":20,
                "easing": "EASEINOUTQUAD",
                "turn": 0,
                "leftLeg":{
                    "pitch":0.02137105166912079
                }
            },
            {
                "tick":8,
                "easing": "EASEINQUAD",
                "turn": 0,
                "leftLeg":{
                    "y":11.60000005364418
                }
            },
            {
                "tick":12,
                "easing": "EASEINOUTQUAD",
                "turn": 0,
                "leftLeg":{
                    "y":11.740200132131577
                }
            },
            {
                "tick":20,
                "easing": "EASEINOUTQUAD",
                "turn": 0,
                "leftLeg":{
                    "y":11.726220190525055
                }
            },
            {
                "tick":8,
                "easing": "EASEINQUAD",
                "turn": 0,
                "leftLeg":{
                    "z":-0.1
                }
            },
            {
                "tick":12,
                "easing": "EASEINOUTQUAD",
                "turn": 0,
                "leftLeg":{
                    "z":-0.13732764720916749
                }
            },
            {
                "tick":20,
                "easing": "EASEINOUTQUAD",
                "turn": 0,
                "leftLeg":{
                    "z":-0.04608896970748902
                }
            },
            {
                "tick":8,
                "easing": "EASEINQUAD",
                "turn": 0,
                "leftLeg":{
                    "x":1.9
                }
            },
            {
                "tick":12,
                "easing": "EASEINOUTQUAD",
                "turn": 0,
                "leftLeg":{
                    "x":2.7769879341125487
                }
            },
            {
                "tick":20,
                "easing": "EASEINOUTQUAD",
                "turn": 0,
                "leftLeg":{
                    "x":2.697191858291626
                }
            },
            {
                "tick":3,
                "easing": "EASEINOUTQUAD",
                "turn": 0,
                "rightItem":{
                    "x":-0.28833141922950745
                }
            },
            {
                "tick":8,
                "easing": "EASEINQUAD",
                "turn": 0,
                "rightItem":{
                    "x":0.11514651775360107
                }
            },
            {
                "tick":12,
                "easing": "EASEINOUTQUAD",
                "turn": 0,
                "rightItem":{
                    "x":-0.21658480167388916
                }
            },
            {
                "tick":14,
                "easing": "EASEINOUTQUAD",
                "turn": 0,
                "rightItem":{
                    "x":0.31465673446655273
                }
            },
            {
                "tick":16,
                "easing": "EASEINOUTQUAD",
                "turn": 0,
                "rightItem":{
                    "x":-0.08204138278961182
                }
            },
            {
                "tick":19,
                "easing": "EASEINOUTQUAD",
                "turn": 0,
                "rightItem":{
                    "x":-0.3141484260559082
                }
            },
            {
                "tick":3,
                "easing": "EASEINOUTQUAD",
                "turn": 0,
                "rightItem":{
                    "z":0.36251503229141235
                }
            },
            {
                "tick":8,
                "easing": "EASEINQUAD",
                "turn": 0,
                "rightItem":{
                    "z":1.464528203010559
                }
            },
            {
                "tick":12,
                "easing": "EASEINOUTQUAD",
                "turn": 0,
                "rightItem":{
                    "z":0.5935722589492798
                }
            },
            {
                "tick":14,
                "easing": "EASEINOUTQUAD",
                "turn": 0,
                "rightItem":{
                    "z":-2.255129098892212
                }
            },
            {
                "tick":16,
                "easing": "EASEINOUTQUAD",
                "turn": 0,
                "rightItem":{
                    "z":-1.6225545406341553
                }
            },
            {
                "tick":19,
                "easing": "EASEINOUTQUAD",
                "turn": 0,
                "rightItem":{
                    "z":-0.7743983268737793
                }
            },
            {
                "tick":3,
                "easing": "EASEINOUTQUAD",
                "turn": 0,
                "rightItem":{
                    "y":-4.8454484939575195
                }
            },
            {
                "tick":8,
                "easing": "EASEINQUAD",
                "turn": 0,
                "rightItem":{
                    "y":-3.1807684898376465
                }
            },
            {
                "tick":12,
                "easing": "EASEINOUTQUAD",
                "turn": 0,
                "rightItem":{
                    "y":-2.3574793338775635
                }
            },
            {
                "tick":14,
                "easing": "EASEINOUTQUAD",
                "turn": 0,
                "rightItem":{
                    "y":-3.4903810024261475
                }
            },
            {
                "tick":16,
                "easing": "EASEINOUTQUAD",
                "turn": 0,
                "rightItem":{
                    "y":-2.9449267387390137
                }
            },
            {
                "tick":19,
                "easing": "EASEINOUTQUAD",
                "turn": 0,
                "rightItem":{
                    "y":-2.6347601413726807
                }
            },
            {
                "tick":3,
                "easing": "EASEINOUTQUAD",
                "turn": 0,
                "rightItem":{
                    "pitch":0.13292616605758667
                }
            },
            {
                "tick":8,
                "easing": "EASEINQUAD",
                "turn": 0,
                "rightItem":{
                    "pitch":0.45929259061813354
                }
            },
            {
                "tick":12,
                "easing": "EASEINOUTQUAD",
                "turn": 0,
                "rightItem":{
                    "pitch":-0.34815147519111633
                }
            },
            {
                "tick":14,
                "easing": "EASEINOUTQUAD",
                "turn": 0,
                "rightItem":{
                    "pitch":-0.8370802402496338
                }
            },
            {
                "tick":16,
                "easing": "EASEINOUTQUAD",
                "turn": 0,
                "rightItem":{
                    "pitch":-0.8021056652069092
                }
            },
            {
                "tick":19,
                "easing": "EASEINOUTQUAD",
                "turn": 0,
                "rightItem":{
                    "pitch":-0.8021056652069092
                }
            },
            {
                "tick":3,
                "easing": "EASEINOUTQUAD",
                "turn": 0,
                "rightItem":{
                    "yaw":-0.025308798998594284
                }
            },
            {
                "tick":8,
                "easing": "EASEINQUAD",
                "turn": 0,
                "rightItem":{
                    "yaw":0.08865278959274292
                }
            },
            {
                "tick":12,
                "easing": "EASEINOUTQUAD",
                "turn": 0,
                "rightItem":{
                    "yaw":0.028461407870054245
                }
            },
            {
                "tick":14,
                "easing": "EASEINOUTQUAD",
                "turn": 0,
                "rightItem":{
                    "yaw":0.05216892436146736
                }
            },
            {
                "tick":16,
                "easing": "EASEINOUTQUAD",
                "turn": 0,
                "rightItem":{
                    "yaw":-0.019581377506256104
                }
            },
            {
                "tick":19,
                "easing": "EASEINOUTQUAD",
                "turn": 0,
                "rightItem":{
                    "yaw":-0.019581377506256104
                }
            },
            {
                "tick":3,
                "easing": "EASEINOUTQUAD",
                "turn": 0,
                "rightItem":{
                    "roll":3.2738189697265625
                }
            },
            {
                "tick":8,
                "easing": "EASEINQUAD",
                "turn": 0,
                "rightItem":{
                    "roll":3.271881580352783
                }
            },
            {
                "tick":12,
                "easing": "EASEINOUTQUAD",
                "turn": 0,
                "rightItem":{
                    "roll":3.0844650268554688
                }
            },
            {
                "tick":14,
                "easing": "EASEINOUTQUAD",
                "turn": 0,
                "rightItem":{
                    "roll":3.155886650085449
                }
            },
            {
                "tick":16,
                "easing": "EASEINOUTQUAD",
                "turn": 0,
                "rightItem":{
                    "roll":3.127612590789795
                }
            },
            {
                "tick":19,
                "easing": "EASEINOUTQUAD",
                "turn": 0,
                "rightItem":{
                    "roll":3.127612590789795
                }
            }
        ]
    }
}