{
  "criteria": {
    "requirement": {
      "trigger": "minecraft:player_hurt_entity",
      "conditions": {
        "player": {
          "equipment": {}
        },
        "damage": {
          "type": {
            "direct_entity": {
              "equipment": {
                "mainhand": {
                  "item": "minecraft:golden_sword",
                  "nbt": "{dnl.item:1b,dnl.poison_rapier:1b}"
                }
              }
            }
          }
        },
        "entity": {
          "effects": {
            "minecraft:poison": {
              "amplifier": 1
            }
          }
        }
      }
    }
  },
  "rewards": {
    "function": "dnl:items/poison_rapier/poison_2"
  }
}
