{
  "attributes": {
    "attack_range": 3.45,
    "category": "crucible_sword",
    "attacks": [
      {
        "hitbox": "FORWARD_BOX",
        "damage_multiplier": 2.0,
        "conditions": [NO_OFFHAND_ITEM],
        "angle": 0,
        "upswing": 0.5,
        "animation": "bettercombat:one_handed_stab",
        "swing_sound": {
          "id": "bettercombat:sword_slash"
        }
      },
      {
        "hitbox": "HORIZONTAL_PLANE",
        "conditions": [MAIN_HAND_ONLY],
        "damage_multiplier": 2.2,
        "angle": 80,
        "upswing": 0.5,
        "animation": "bettercombat:one_handed_uppercut_right",
        "swing_sound": {
          "id": "bettercombat:sword_slash"
        }
      },
      {
        "hitbox": "FORWARD_BOX",
        "damage_multiplier": 2.4,
        "conditions": [OFF_HAND_ONLY],
        "angle": 0,
        "upswing": 0.5,
        "animation": "bettercombat:one_handed_stab",
        "swing_sound": {
          "id": "bettercombat:sword_slash"
        }
      },
      {
        "hitbox": "HORIZONTAL_PLANE",
        "conditions": [MAIN_HAND_ONLY],
        "damage_multiplier": 2.7,
        "angle": 150,
        "upswing": 0.5,
        "animation": "bettercombat:one_handed_slash_downcut_left",
        "swing_sound": {
          "id": "bettercombat:sword_slash",
          "pitch": 1.2
        }
      },
      {
        "hitbox": "VERTICAL_PLANE",
        "conditions": ["DUAL_WIELDING_SAME_CATEGORY", "OFF_HAND_ONLY"],
        "damage_multiplier": 4.1,
        "angle": 150,
        "upswing": 0.5,
        "animation": "bettercombat:dual_handed_slam",
        "swing_sound": {
          "id": "bettercombat:sword_slash",
          "pitch": 0.8
        }
      }
    ]
  }
}