{
  "attributes": {
    "attack_range": 2.5,
    "category": "draugr",
    "attacks": [
      {
        "hitbox": "FORWARD_BOX",
        "conditions": [MAIN_HAND_ONLY],
        "damage_multiplier": 1.2,
        "angle": 0,
        "upswing": 0.5,
        "animation": "bettercombat:one_handed_stab",
        "swing_sound": {
          "id": "bettercombat:dagger_slash",
          "pitch": 0.8
        }
      },
      {
        "hitbox": "HORIZONTAL_PLANE",
        "conditions": [OFF_HAND_ONLY],
        "damage_multiplier": 1.25,
        "angle": 120,
        "upswing": 0.5,
        "animation": "bettercombat:one_handed_slash_horizontal_right",
        "swing_sound": {
          "id": "bettercombat:dagger_slash",
          "pitch": 0.5
        }
      },
      {
        "hitbox": "HORIZONTAL_PLANE",
        "conditions": [MAIN_HAND_ONLY],
        "damage_multiplier": 1,
        "angle": 120,
        "upswing": 0.5,
        "animation": "bettercombat:one_handed_slash_horizontal_right",
        "swing_sound": {
          "id": "bettercombat:dagger_slash",
          "pitch": 0.5
        }
      },
      {
        "hitbox": "HORIZONTAL_PLANE",
        "conditions": ["DUAL_WIELDING_SAME_CATEGORY", "OFF_HAND_ONLY"],
        "damage_multiplier": 1.75,
        "angle": 360,
        "upswing": 0.5,
        "animation": "bettercombat:two_handed_spin",
        "swing_sound": {
          "id": "bettercombat:dagger_slash",
          "pitch": 0.9
        }
      }
    ]
  }
}