{
  "attributes": {
    "attack_range": 3.2,
    "pose": "bettercombat:pose_two_handed_polearm",
    "two_handed": true,
    "attacks": [
      {
        "hitbox": "HORIZONTAL_PLANE",
        "damage_multiplier": 1.1,
        "angle": 120,
        "upswing": 0.5,
        "animation": "bettercombat:one_handed_slash_horizontal_right",
        "swing_sound": {
          "id": "bettercombat:claymore_swing",
          "pitch": 1.2
        }
      },
      {
        "hitbox": "HORIZONTAL_PLANE",
        "damage_multiplier": 1.2,
        "angle": 120,
        "upswing": 0.5,
        "animation": "bettercombat:one_handed_slash_horizontal_left",
        "swing_sound": {
          "id": "bettercombat:claymore_swing",
          "pitch": 1.2
        }
      },
      {
        "hitbox": "FORWARD_BOX",
        "damage_multiplier": 1.3,
        "angle": 0,
        "upswing": 0.5,
        "animation": "bettercombat:one_handed_stab",
        "swing_sound": {
          "id": "bettercombat:claymore_stab",
          "pitch": 1.2
        }
      }
    ]
  }
}