{
  "attributes": {
    "attack_range": 3,
    "two_handed": true,
    "category": "staff",
    "attacks": [
      {
        "hitbox": "HORIZONTAL_PLANE",
        "damage_multiplier": 0.8,
        "angle": 180,
        "upswing": 0.5,
        "animation": "bettercombat:two_handed_slash_horizontal_right",
        "swing_sound": {
          "id": "bettercombat:staff_slash"
        }
      },
      {
        "hitbox": "HORIZONTAL_PLANE",
        "damage_multiplier": 1,
        "angle": 180,
        "upswing": 0.5,
        "animation": "bettercombat:two_handed_slash_horizontal_left",
        "swing_sound": {
          "id": "bettercombat:staff_slash"
        }
      },
      {
        "hitbox": "HORIZONTAL_PLANE",
        "damage_multiplier": 1.2,
        "angle": 360,
        "upswing": 0.5,
        "animation": "bettercombat:two_handed_spin",
        "swing_sound": {
          "id": "bettercombat:staff_slash"
        }
      },
      {
        "hitbox": "FORWARD_BOX",
        "damage_multiplier": 1.4,
        "angle": 180,
        "upswing": 0.5,
        "animation": "bettercombat:two_handed_slam",
        "swing_sound": {
          "id": "bettercombat:staff_slam"
        }
      },
      {
        "hitbox": "FORWARD_BOX",
        "damage_multiplier": 1,
        "angle": 180,
        "upswing": 0.5,
        "animation": "bettercombat:two_handed_stab_left",
        "swing_sound": {
          "id": "bettercombat:staff_slash",
          "pitch": 1.2
        }
      },
      {
        "hitbox": "FORWARD_BOX",
        "damage_multiplier": 1,
        "angle": 180,
        "upswing": 0.5,
        "animation": "bettercombat:two_handed_stab_right",
        "swing_sound": {
          "id": "bettercombat:staff_slash",
          "pitch": 1.2
        }
      }
    ]
  }
}