{
  "parent": "bettercombat:claymore",
  "attributes" : {
    "attack_range": 3.3,
    "two_handed": true,
    "pose": "bettercombat:pose_two_handed_katana",
    "category": "claymore",
    "attacks": [
      {
        "animation": "bettercombat:two_handed_slash_horizontal_right",
        "damage_multiplier": 0.9
      },
      {
        "animation": "bettercombat:two_handed_stab_left",
        "damage_multiplier": 1.2
      },
      {
        "animation": "bettercombat:two_handed_slam",
        "damage_multiplier": 1.4
      }
    ]
  }
}