{
  "display": {
    "icon": {
      "item": "minecraft:bee_nest"
    },
    "title": "蜜蜂之家",
    "description": "潜入蜂房",
    "frame": "goal",
    "show_toast": true,
    "announce_to_chat": true,
    "hidden": false
  },
  "parent": "dnl:story/general/locate_dungeon",
  "criteria": {
    "locate_hivenest": {
      "trigger": "minecraft:location",
      "conditions": {
        "location": {
          "feature": "dnl:hivenest"
        }
      }
    }
  },
  "requirements": [
    [
      "locate_hivenest"
    ]
  ]
}