{
  "type": "minecraft:entity",
  "pools": [
    {
      "rolls": {
        "min": 1,
        "max": 3
      },
      "entries": [
        {
          "type": "minecraft:item",
          "weight": 4,
          "name": "minecraft:sweet_berries",
          "functions": [
            {
              "function": "minecraft:set_count",
              "count": 1
            },
            {
              "function": "minecraft:set_nbt",
              "tag": "{Enchantments:[{}]}"
            },
            {
              "function": "minecraft:set_name",
              "name": [
                {
                  "text": "禁忌之浆果",
                  "color": "light_purple",
                  "italic": false
                }
              ]
            },
            {
              "function": "minecraft:set_lore",
              "lore": [
                {
                  "text": "+3 活力",
                  "color": "blue",
                  "italic": false
                }
              ]
            }
          ]
        },
        {
          "type": "minecraft:item",
          "weight": 48,
          "name": "minecraft:sweet_berries",
          "functions": [
            {
              "function": "minecraft:set_count",
              "count": {
                "min": 7,
                "max": 14
              }
            }
          ]
        },
        {
          "type": "minecraft:item",
          "weight": 48,
          "name": "minecraft:spruce_sapling",
          "functions": [
            {
              "function": "minecraft:set_count",
              "count": {
                "min": 7,
                "max": 14
              }
            }
          ]
        }
      ]
    },
    {
      "rolls": 1,
      "entries": [
        {
          "type": "minecraft:loot_table",
          "name": "dnl:player_head",
          "conditions": [
            {
              "condition": "minecraft:random_chance",
              "chance": 0.1
            }
          ]
        }
      ]
    }
  ]
}
