{
  "name": "Serenade of the Nether",
  "icon": "minecraft:lava_bucket",
  "category": "bloodmagic:rituals/ritual_list",
  "pages": [
    {
      "type": "multiblock",
      "name": "Serenade of the Nether",
      "multiblock_id": "bloodmagic:lava",
      "text": "Use a $(l:bloodmagic:rituals/ritual_diviner)Ritual Diviner$(/l) for easier construction."
    },
    {
      "type": "bloodmagic:ritual_info",
      "ritual": "lava",
      "text_overrides": [
        ["master ritual stone", "l:bloodmagic:rituals/ritual_stones"]
      ]
    },
    {
      "type": "bloodmagic:ritual_data",
      "ritual": "lava",
      "page_type": "raw",
      "text_overrides": [
        ["LP", "blood"],
        ["tank", "item"]
      ]
    },
    {
      "type": "bloodmagic:ritual_data",
      "ritual": "lava",
      "page_type": "corrosive",
      "text": "Particularly useful against denizens of The Nether."
    },
    {
      "type": "bloodmagic:ritual_data",
      "ritual": "lava",
      "page_type": "vengeful",
      "text_overrides": [
        ["Fire Fuse", "thing"]
      ],
      "text": "When the debuff ends, they will do a wonderful impression of a firework."
    },
    {
      "type": "bloodmagic:ritual_data",
      "ritual": "lava",
      "page_type": "destructive",
      "text_overrides": [
        ["Destructive Will", "destructive"]
      ]
    },
        {
      "type": "bloodmagic:ritual_data",
      "ritual": "lava",
      "page_type": "steadfast",
      "text_overrides": [
        ["Fire Resistance", "thing"]
      ]
    },
    {
      "type": "bloodmagic:ritual_data",
      "ritual": "lava",
      "page_type": "lavaRange"
    },
    {
      "type": "bloodmagic:ritual_data",
      "ritual": "lava",
      "page_type": "fireDamage",
      "text_overrides": [
        ["Corrosive Will", "corrosive"]
      ]
    },
    {
      "type": "bloodmagic:ritual_data",
      "ritual": "lava",
      "page_type": "fireFuse",
      "text_overrides": [
        ["Fire Fuse", "thing"]
      ]
    },
    {
      "type": "bloodmagic:ritual_data",
      "ritual": "lava",
      "page_type": "fireResist",
      "text_overrides": [
        ["Fire Resistance", "thing"]
      ]
    },
    {
      "type": "bloodmagic:ritual_data",
      "ritual": "lava",
      "page_type": "lavaTank",
      "text_overrides": [
        ["tank", "item"]
      ]
    }
  ]
}
