{
  "name": "Focus of the Ellipsoid",
  "icon": "minecraft:bucket",
  "category": "bloodmagic:rituals/ritual_list",
  "pages": [
    {
      "type": "multiblock",
      "name": "Focus of the Ellipsoid",
      "multiblock_id": "bloodmagic:ellipsoid",
      "text": "Use a $(l:bloodmagic:rituals/ritual_diviner#dusk)Ritual Diviner [Dusk]$(/l) for easier construction."
    },
    {
      "type": "bloodmagic:ritual_info",
      "ritual": "ellipsoid"
    },
    {
      "type": "text",
      "text": "This ritual is purely aesthetic in nature, designed for the budding, yet lazy, builder that resides in all of us. It's particularly good for building complicated shapes, such as the mighty gold dome above your Evil Lair. ...You do have one of those, right?"
    },
	{
	  "type": "bloodmagic:ritual_data",
	  "ritual": "ellipsoid",
	  "page_type": "chest"
	},
	{
	  "type": "bloodmagic:ritual_data",
	  "ritual": "ellipsoid",
	  "page_type": "spheroidRange"
	}
  ]
}
