{
  "name": "Ritual of Living Evolution",
  "icon": "bloodmagic:livingplate",
  "category": "bloodmagic:rituals/ritual_list",
  "pages": [
    {
      "type": "multiblock",
      "name": "Ritual of Living Evolution",
      "multiblock_id": "bloodmagic:armour_evolve",
      "text": "Use a $(l:bloodmagic:rituals/ritual_diviner#dusk)Ritual Diviner [Dusk]$(/l) for easier construction."
    },
    {
      "type": "bloodmagic:ritual_info",
      "ritual": "armour_evolve",
      "text_overrides": [
        ["Living Armor", "l:bloodmagic:alchemy_array/living_equipment/living_basics"]
      ],
      "text": "Stand on the $(l:bloodmagic:rituals/ritual_stones)Master Ritual Stone$() while wearing $(l:bloodmagic:alchemy_array/living_equipment/living_basics)Living Armor$() to use this $(thing)ritual$()."
    }
  ]
}
