{
  "name": "Ritual of Regeneration",
  "icon": "minecraft:golden_apple",
  "category": "bloodmagic:rituals/ritual_list",
  "pages": [
    {
      "type": "multiblock",
      "name": "Ritual of Regeneration",
      "multiblock_id": "bloodmagic:regeneration",
      "text": "Use a $(l:bloodmagic:rituals/ritual_diviner#dusk)Ritual Diviner [Dusk]$(/l) for easier construction."
    },
    {
      "type": "bloodmagic:ritual_info",
      "ritual": "regeneration"
    },
    {
      "type": "bloodmagic:ritual_data",
      "ritual": "regeneration",
      "page_type": "corrosive"
    },
    {
      "type": "bloodmagic:ritual_data",
      "ritual": "regeneration",
      "page_type": "heal"
    },
    {
      "type": "bloodmagic:ritual_data",
      "ritual": "regeneration",
      "page_type": "vampire",
      "text": "Requires $(corrosive)Corrosive Will$()."
    }
  ]
}
