{
  "name": "Ritual of the Crusher",
  "icon": "minecraft:iron_pickaxe",
  "category": "bloodmagic:rituals/ritual_list",
  "pages": [
    {
      "type": "multiblock",
      "name": "Ritual of the Crusher",
      "multiblock_id": "bloodmagic:crushing",
      "text": "Use a $(l:bloodmagic:rituals/ritual_diviner#dusk)Ritual Diviner [Dusk]$(/l) for easier construction."
    },
    {
      "type": "bloodmagic:ritual_info",
      "ritual": "crushing"
    },
    {
      "type": "bloodmagic:ritual_data",
      "ritual": "crushing",
      "page_type": "raw",
      "text_overrides": [
        ["Raw Will", "raw"]
      ]
    },
    {
      "type": "bloodmagic:ritual_data",
      "ritual": "crushing",
      "page_type": "corrosive",
      "text_overrides": [
        ["Cutting Fluid", "l:bloodmagic:alchemy_table/alchemy_table#cutting_fluid"],
        ["Silk Touch", "item"]
      ]
    },
    {
      "type": "bloodmagic:ritual_data",
      "ritual": "crushing",
      "page_type": "vengeful",
      "text": "For example, it will turn Coal into Blocks of Coal, Redstone Dust into Blocks of Redstone, etc."
    },
    {
      "type": "bloodmagic:ritual_data",
      "ritual": "crushing",
      "page_type": "destructive",
      "text_overrides": [
        ["Fortune III", "item"]
      ]
    },
    {
      "type": "bloodmagic:ritual_data",
      "ritual": "crushing",
      "page_type": "steadfast",
      "text_overrides": [
        ["Silk Touch", "item"],
        ["Fortune", "item"]
      ]
    },
    {
      "type": "bloodmagic:ritual_data",
      "ritual": "crushing",
      "page_type": "chest"
    },
    {
      "type": "bloodmagic:ritual_data",
      "ritual": "crushing",
      "page_type": "crushingRange"
    }
  ]
}
