{
  "name": "红石与自动化",
  "icon": "minecraft:redstone",
  "category": "bloodmagic:altar",
  "pages": [
    {
      "type": "text",
      "text": "$(l:bloodmagic:altar/blood_altar)血之祭坛$()用起来十分顺手，但傻站在它旁边，等着祭坛内的石板一个一个地合成，这就不是什么快活时光了。好在，祭坛支持物品与 $(blood)LP$() 的自动化输入输出，这里有一些关于这方面的注意事项。$(br2)当你使用$(item)漏斗$()自动输入物品时，祭坛并不会阻止超过 1 个物品的输入。它很乐意一次性合成 64 份石板，并消耗掉 64 份对应的 $(blood)LP$()。"
    },
    {
      "type": "text",
      "text": "然而，如果你的 $(blood)LP$() 供应速度不够快，那你就有麻烦了。$(br2)此外，不会自动区分出输入物和输出物，所以，如果你没有使用过滤器一类的东西进行控制，那么，你的传输系统就会以最高工作频率，不断地对祭坛内的物品进行输入和抽出。也许你可以研究一下路由节点的相关信息，它可以帮你解决这些问题（等它实装吧）。"
    },
	{
      "type": "text",
      "text": "祭坛同样也支持$(blood)生命源质$()的传输，利用外部储罐输入或是输出均可。你可以选择你心仪的流体管道，将祭坛内的$(blood)生命源质$()抽出，用于之后的合成。$(br2)注意，默认的传输速度非常缓慢。如果你需要加速这一过程，你最好研究一下$(l:bloodmagic:altar/blood_rune/acceleration_rune)促速符文$()和$(l:bloodmagic:altar/blood_rune/dislocation_rune)转位符文$()。"
    },
	{
      "type": "text",
      "text": "别忘了，$(blood)生命源质$()可不是直接从$(l:bloodmagic:altar/blood_altar)祭坛$()本身提取出来的，而是从一个次级 的、隐秘的内部流体槽中提取出来的。这一流体槽可以存储祭坛容量的 10% 的血液，所以，如果你感觉你的祭坛的数值增量不大对劲，或是祭坛内的$(blood)生命源质$()逐渐消失，那估计这些源质就跑到了这个流体槽里。这一限制也同样会出现在抽取$(blood)生命源质$()的过程中。"
    },
    {
      "type": "text",
      "text": "(Also not implemented:) $(strike)你可以在侧边使用比较器阅读血之祭坛内的 $(blood)LP$()$(strike) 值，这和原版的箱子类似。$(br2)$(strike)如果你在祭坛下方放置了一块$(item)血石砖$()$(strike)，那么比较器便会转而阅读放置在祭坛内宝珠的主人的$(l:bloodmagic:altar/soul_network)灵魂网络$(/l)。$(br2)$(strike)信号强度取决于祭坛内宝珠的宝珠大小。而不是宝珠内网络的最大 $(blood)LP$()$(strike) 值，"
    },
    {
      "type": "text",
      "text": "$(strike)比方说，如果你有 $(blood)500,000 LP$()$(strike)，那么一个虚弱气血宝珠便会让信号全满，而一个大师气血宝珠只会让信号半满。这一特性可以用在一些特定场景，例如，在 $(blood)LP$()$(strike) 过低时关闭一些特定的仪式，确保你不会被榨干。$(br2)$(strike)最后，如果是在祭坛下方放上$(item)红石灯$()$(strike)，比较器便会在合成结束时释放红石信号。现在，只需要转动起你的小脑袋瓜，这些特性应该足以让你的石板生产完全自动化了。"
    }
  ]
}
