{
    "display": {
        "icon": {
            "item": "minecraft:pumpkin"
        },
        "title": {"translate":"Naturally Carved"},
        "description": {"translate":"Harvest some spooky pumpkins"},
        "announce_to_chat": "true"
    },
    "parent": "minecraft:husbandry/plant_seed",
	"rewards": {
		"function": "bc_rewards:farming/naturally_carved"
    },		
    "criteria": {
        "pumpkin": {
            "trigger": "minecraft:inventory_changed",
            "conditions": {
                "items": [
                    {
						"items": [
							"minecraft:pumpkin"
						]
                    }
                ]
            }
        }
    }
}