{
  "type": "alloy_forgery:forging",
  "inputs": [
    {
      "item": "soulsweapons:altar_block",
     "count": 1
    },
    {
      "item": "mythicmetals:unobtainium",
      "count": 2
    },
    {
      "item": "mythicmetals:durasteel_ingot",
     "count": 64
    },
    {
      "item": "soulsweapons:soul_ingot",
      "count": 12
    },
    {
      "item": "soulsweapons:verglas",
     "count": 5
    },
    {
      "item": "soulsweapons:moonstone",
      "count": 20
    },
    {
      "item": "mythicmetals:steel_ingot",
     "count": 9
    }
  ],
  "output": {
    "id": "soulsweapons:altar_block",
      "count": 2
  },
  "min_forge_tier": 3,
  "fuel_per_tick": 800
}