{
  "type": "minecraft:chest",
  "pools": [
    {
      "rolls": 1,
      "entries": [
        {
          "type": "minecraft:item",
          "weight": 3,
          "name": "minecraft:lily_of_the_valley"
        },
        {
          "type": "minecraft:item",
          "weight": 3,
          "name": "minecraft:cornflower"
        },
        {
          "type": "minecraft:item",
          "weight": 3,
          "name": "minecraft:oxeye_daisy"
        },
        {
          "type": "minecraft:item",
          "weight": 3,
          "name": "minecraft:azure_bluet"
        },
        {
          "type": "minecraft:item",
          "weight": 3,
          "name": "minecraft:allium"
        },
        {
          "type": "minecraft:item",
          "weight": 5,
          "name": "minecraft:pink_tulip"
        },
        {
          "type": "minecraft:item",
          "weight": 5,
          "name": "minecraft:white_tulip"
        },
        {
          "type": "minecraft:item",
          "weight": 5,
          "name": "minecraft:orange_tulip"
        },
        {
          "type": "minecraft:item",
          "weight": 5,
          "name": "minecraft:red_tulip"
        },
        {
          "type": "minecraft:item",
          "weight": 7,
          "name": "minecraft:poppy"
        },
        {
          "type": "minecraft:item",
          "weight": 7,
          "name": "minecraft:dandelion"
        }
      ]
    }
  ]
}
