{
    "replace": false,
    "values": [
        {
            "id": "terralith:alpha_islands",
            "required": false
        },
        {
            "id": "terralith:birch_taiga",
            "required": false
        },
        {
            "id": "terralith:blooming_valley",
            "required": false
        },
        {
            "id": "terralith:sakura_grove",
            "required": false
        },
        {
            "id": "terralith:sakura_valley",
            "required": false
        }
    ]
}