{
    "replace": false,
    "values": [
        {
            "id": "terralith:lavender_forest",
            "required": false
        },
        {
            "id": "terralith:lavender_valley",
            "required": false
        },
        {
            "id": "terralith:mirage_isles",
            "required": false
        },
        {
            "id": "terralith:moonlight_grove",
            "required": false
        },
        {
            "id": "terralith:moonlight_valley",
            "required": false
        }
    ]
}