{
    "replace": false,
    "values": [
        {
            "id": "terralith:alpha_islands_winter",
            "required": false
        },
        {
            "id": "terralith:alpha_islands",
            "required": false
        },
        {
            "id": "terralith:alpine_grove",
            "required": false
        },
        {
            "id": "terralith:birch_taiga",
            "required": false
        },
        {
            "id": "terralith:blooming_valley",
            "required": false
        },
        {
            "id": "terralith:lavender_forest",
            "required": false
        },
        {
            "id": "terralith:mirage_isles",
            "required": false
        },
        {
            "id": "terralith:moonlight_grove",
            "required": false
        },
        {
            "id": "terralith:moonlight_valley",
            "required": false
        },
        {
            "id": "terralith:sakura_grove",
            "required": false
        },
        {
            "id": "terralith:sakura_valley",
            "required": false
        }
    ]
}