{
    "replace": false,
    "values": [
        {
            "id": "terralith:skylands",
            "required": false
        },
        {
            "id": "terralith:skylands_autumn",
            "required": false
        },
        {
            "id": "terralith:skylands_spring",
            "required": false
        },
        {
            "id": "terralith:skylands_summer",
            "required": false
        },
        {
            "id": "terralith:skylands_winter",
            "required": false
        }
    ]
}