{
    "replace": false,
    "values": [
        {
            "id": "terralith:cold_shrubland",
            "required": false
        },
        {
            "id": "terralith:highlands",
            "required": false
        },
        {
            "id": "terralith:hot_shrubland",
            "required": false
        },
        {
            "id": "terralith:rocky_shrubland",
            "required": false
        },
        {
            "id": "terralith:shield_clearing",
            "required": false
        },
        {
            "id": "terralith:steppe",
            "required": false
        },
        {
            "id": "terralith:valley_clearing",
            "required": false
        }
    ]
}