{
  "criteria": {
    "requirement": {
      "trigger": "minecraft:player_hurt_entity",
      "conditions": {
        "damage": {
          "type": {
            "is_explosion": true,
            "direct_entity": {
              "type": "minecraft:firework_rocket"
            }
          }
        },
        "entity": {
          "type": "minecraft:ghast",
          "team": "dnl.g_ghast"
        }
      }
    }
  },
  "rewards": {
    "function": "dnl:mobs/guardian_ghast/state/stunned/damage/12"
  }
}
