{
  "name": "激活水晶",
  "icon": "bloodmagic:activationcrystalweak",
  "category": "bloodmagic:rituals",
  "pages": [
    {
      "type": "text",
      "text": "Your rituals require more than simply the correct arrangement of blocks and Sigils. An effort of will is required to open a channel from your Soul Network to the ritual, and The $(item)Activation Crystal$() will allow you to focus yourself enough to activate your rituals."
    },
    {
      "type": "crafting_altar",
      "heading": "Weak Activation Crystal",
      "recipe": "bloodmagic:weak_activation_crystal",
      "text": "Simply press [$(k:use)] with a bound Activation Crystal on a Master Ritual Stone to activate the ritual it's part of - assuming it's suitably assembled, that is.",
      "anchor": "weak"
    }
  ]
}
