{
    "id": "tiered:epic_fishing",
    "verifiers": [
        {
            "id": "minecraft:fishing_rod"
        }
    ],
    "weight": 60,
    "style": {
        "color": "dark_purple"
    },
    "attributes": [
        {
            "type": "tiered:generic.durable",
            "modifier": {
                "name": "tiered:epic_fishing",
                "operation": "ADDITION",
                "amount": 280
            },
            "optional_equipment_slots": [
                "MAINHAND"
            ]
        },
        {
            "type": "generic.luck",
            "modifier": {
                "name": "tiered:epic_fishing",
                "operation": "ADDITION",
                "amount": 1.5
            },
            "optional_equipment_slots": [
                "MAINHAND"
            ]
        }
    ]
}