{
    "id": "tiered:legendary_fishing",
    "verifiers": [
        {
            "id": "minecraft:fishing_rod"
        }
    ],
    "weight": 15,
    "style": {
        "color": "gold"
    },
    "attributes": [
        {
            "type": "tiered:generic.durable",
            "modifier": {
                "name": "tiered:legendary_fishing",
                "operation": "ADDITION",
                "amount": 500
            },
            "optional_equipment_slots": [
                "MAINHAND"
            ]
        },
        {
            "type": "generic.luck",
            "modifier": {
                "name": "tiered:legendary_fishing_2",
                "operation": "ADDITION",
                "amount": 2.5
            },
            "optional_equipment_slots": [
                "MAINHAND"
            ]
        }
    ]
}