{
    "id": "tiered:uncommon_fishing",
    "verifiers": [
        {
            "id": "minecraft:fishing_rod"
        }
    ],
    "weight": 230,
    "style": {
        "color": "dark_green"
    },
    "attributes": [
        {
            "type": "tiered:generic.durable",
            "modifier": {
                "name": "tiered:uncommon_fishing",
                "operation": "ADDITION",
                "amount": 120
            },
            "optional_equipment_slots": [
                "MAINHAND"
            ]
        },
        {
            "type": "generic.luck",
            "modifier": {
                "name": "tiered:uncommon_fishing",
                "operation": "ADDITION",
                "amount": 0.5
            },
            "optional_equipment_slots": [
                "MAINHAND"
            ]
        }
    ]
}