{
    "id": "tiered:unique_fishing",
    "verifiers": [
        {
            "id": "minecraft:fishing_rod"
        }
    ],
    "weight": 5,
    "style": {
        "color": "red"
    },
    "attributes": [
        {
            "type": "tiered:generic.durable",
            "modifier": {
                "name": "tiered:unique_fishing",
                "operation": "ADDITION",
                "amount": 800
            },
            "optional_equipment_slots": [
                "MAINHAND"
            ]
        },
        {
            "type": "generic.luck",
            "modifier": {
                "name": "tiered:unique_fishing",
                "operation": "ADDITION",
                "amount": 5.0
            },
            "optional_equipment_slots": [
                "MAINHAND"
            ]
        }
    ]
}