{
    "display": {
        "title": {
            "text": "“鹦鹉螺”守卫者"
        },
        "description": {
            "text": "凿穿远古守卫者的硬甲壳"
        },
        "icon": {
            "item": "minecraft:nautilus_shell"
        },
        "frame": "task",
        "show_toast": true,
        "announce_to_chat": true,
        "hidden": false
    },
    "parent": "dnl:story/structures/deep_oasis/locate",
    "criteria": {
        "kill nautilus guardian": {
            "trigger": "minecraft:player_killed_entity",
            "conditions": {
                "entity": {
                    "type": "minecraft:elder_guardian",
                    "nbt": "{Tags:[\"nautilus_guardian\"]}",
                    "distance": {
                        "absolute": {
                            "min": 0,
                            "max": 64
                        }
                    }
                }
            }
        }
    }
}
