{
    "id": "tiered:common_melee",
    "verifiers": [
        {
            "tag": "tier:1weapon"
        },
        {
            "tag": "tier:2weapon"
        }
    ],
    "weight": 300,
    "style": {
        "color": "gray"
    },
    "attributes": [
        {
            "type": "tiered:generic.durable",
            "modifier": {
                "name": "tiered:common_melee",
                "operation": "MULTIPLY_TOTAL",
                "amount": 0.05
            },
            "optional_equipment_slots": [
                "MAINHAND"
            ]
        }
    ]
}