{
    "id": "tiered:infinity_melee",
    "verifiers": [
        {
            "tag": "tier:5weapon"
        },
        {
            "tag": "c:swords"
        }
    ],
    "weight": -1,
    "style": {
        "color": "aqua"
    },
    "attributes": [
        {
            "type": "tiered:generic.durable",
            "modifier": {
                "name": "tiered:infinity_melee",
                "operation": "MULTIPLY_BASE",
                "amount": -1
            },
            "optional_equipment_slots": [
                "MAINHAND"
            ]
        },
        {
            "type": "minecraft:generic.attack_damage",
            "modifier": {
                "name": "tiered:infinity_melee",
                "operation": "MULTIPLY_TOTAL",
                "amount": 1
            },
            "optional_equipment_slots": [
                "MAINHAND"
            ]
        },
        {
            "type": "minecraft:generic.attack_speed",
            "modifier": {
                "name": "tiered:infinity_melee",
                "operation": "MULTIPLY_TOTAL",
                "amount": 0.5
            },
            "optional_equipment_slots": [
                "MAINHAND"
            ]
        }
    ]
}