{
    "id": "tiered:meide_jiezhi",
    "verifiers": [
        {
            "tag": "tier:1weapon"
        },
        {
            "tag": "tier:2weapon"
        },
        {
            "tag": "tier:3weapon"
        },
        {
            "tag": "tier:4weapon"
        },
        {
            "tag": "tier:5weapon"
        },
        {
          "tag": "c:swords"
        }
    ],
    "weight": 1,
    "style": {
        "color": "aqua"
    },
    
    "attributes": [
        {
            "type": "playerex:melee_crit_chance",
            "modifier": {
                "name": "tiered:meide_jiezhi",
                "operation": "MULTIPLY_TOTAL",
                "amount": -0.3
            },
            "optional_equipment_slots": [
                "MAINHAND"
            ]
        },
        {
            "type": "minecraft:generic.attack_damage",
            "modifier": {
                "name": "tiered:meide_jiezhi",
                "operation": "MULTIPLY_TOTAL",
                "amount": 1.5
            },
            "optional_equipment_slots": [
                "MAINHAND"
            ]
        },
        {
            "type": "minecraft:generic.attack_speed",
            "modifier": {
                "name": "tiered:meide_jiezhi",
                "operation": "MULTIPLY_TOTAL",
                "amount": -0.8
            },
            "optional_equipment_slots": [
                "MAINHAND"
            ]
        },
        {
            "type": "playerex:melee_crit_damage",
            "modifier": {
                "name": "tiered:meide_jiezhi",
                "operation": "MULTIPLY_TOTAL",
                "amount": 0.6
            },
            "optional_equipment_slots": [
                "MAINHAND"
            ]
        }
    ]
}