{
    "id": "tiered:qixing_melee",
    "verifiers": [
        {
            "tag": "tier:5weapon"
        }
    ],
    "weight": 1,
    "style": {
        "color": "light_purple"
    },
    "attributes": [
        {
            "type": "tiered:generic.durable",
            "modifier": {
                "name": "tiered:qixing_melee",
                "operation": "MULTIPLY_BASE",
                "amount": 1
            },
            "optional_equipment_slots": [
                "MAINHAND"
            ]
        },
        {
            "type": "minecraft:generic.attack_damage",
            "modifier": {
                "name": "tiered:qixing_melee",
                "operation": "MULTIPLY_TOTAL",
                "amount": 0.5
            },
            "optional_equipment_slots": [
                "MAINHAND"
            ]
        },
        {
            "type": "minecraft:generic.attack_speed",
            "modifier": {
                "name": "tiered:qixing_melee",
                "operation": "MULTIPLY_TOTAL",
                "amount": 0.2
            },
            "optional_equipment_slots": [
                "MAINHAND"
            ]
        }
    ]
}