{
    "display": {
      "icon": {
        "item": "grass_block"
      },
      "title": {
        "translate": "advancement.craid.root"
      },
      "description": {
        "translate": "advancement.craid.root.desc"
      },
      "frame":"task",
      "background": "textures/block/stone.png",
      "announce_to_chat": true
    },
    "criteria": {
      "in_world": {
        "trigger": "craid:raid",
        "conditions": {
          "type": "craid:test"
        }
      }
    },
    "requirements": [[
      "in_world"
    ]],
    "rewards":{
      "experience":100
    }
  }