{
    "display": {
        "icon": {
            "item": "minecraft:spruce_boat"
        },
        "title": {"translate":"Boatception"},
        "description": {"color":"#75E1FF","translate":"Get in a boat within a shipwreck"},
        "announce_to_chat": "true",
		"frame": "goal"
    },
    "parent": "blazeandcave:biomes/ahoy",
    "rewards": {
		"function": "bc_rewards:biomes/boatception"
    },		
    "criteria": {
        "boatception": {
			"trigger": "minecraft:started_riding",
			"conditions": {
                "player": [
					{
						"condition": "minecraft:alternative",
						"terms": [
							{
								"condition": "minecraft:entity_properties",
								"entity": "this",
								"predicate": {
									"vehicle": {
										"type": "minecraft:boat",
										"location": {
											"feature": "shipwreck"
										}
									}
								}
							},
							{
								"condition": "minecraft:entity_properties",
								"entity": "this",
								"predicate": {
									"vehicle": {
										"type": "minecraft:boat",
										"location": {
											"feature": "shipwreck_beached"
										}
									}
								}
							}
						]
					},
                    {
                        "condition": "minecraft:inverted",
                        "term": {
                            "condition": "minecraft:entity_properties",
						    "entity": "this",
						    "predicate": {
						    	"player": {
						    		"gamemode": "spectator"
			    				}
                            }
						}
                    }
                ]
			}
		}
    }
}