{
    "display": {
        "icon": {
            "item": "minecraft:shield",
			"nbt": "{BlockEntityTag:{Patterns:[{Pattern:mr,Color:14},{Pattern:mc,Color:0},{Pattern:flo,Color:11},{Pattern:cbo,Color:14}],Base:0}}"
        },
        "title": {"translate":"Captain America"},
        "description": {"translate":"Get completely frozen inside two blocks of Powder Snow for a loooong time.","extra":[{"text":"\n"},{"translate":"Big question is: Can you do this all day?"}]},
        "announce_to_chat": "true",
		"frame": "challenge"
    },
    "parent": "minecraft:adventure/walk_on_powder_snow_with_leather_boots",
    "rewards": {
        "function": "bc_rewards:biomes/captain_america"
    },		
    "criteria": {
		"captain_america": {
			"trigger": "minecraft:impossible"
		}
    }
}