{
    "display": {
        "icon": {
            "item": "minecraft:leather_leggings",
			"nbt": "{display:{color:3847130}}"
        },
        "title": {"translate":"Dive Bomb"},
        "description": {"color":"#75E1FF","translate":"Dive into water from a cliff at least 50 blocks tall"},
        "announce_to_chat": "true",
		"frame": "goal"
    },
    "parent": "blazeandcave:biomes/boaty_mcboatface",
    "rewards": {
        "function": "bc_rewards:biomes/dive_bomb"
    },		
    "criteria": {
		"dive_bomb": {
			"trigger": "minecraft:fall_from_height",
			"conditions": {
				"player": [
					{
						"condition": "minecraft:entity_properties",
						"predicate": {
							"stepping_on": {
								"block": {
									"blocks": [
										"minecraft:water"
									]
								}
							}
						},
						"entity": "this"
					}
				],
				"distance": {
					"y": {
						"min": 50.0
					}
				}
			}
		}
    }
}