{
    "display": {
        "icon": {
            "item": "minecraft:leather_boots"
        },
        "title": {"translate":"Kilometre Walk"},
        "description": {"translate":"Travel at least 1000 blocks from the centre of the world in any direction.","extra":[{"text":"\n"},{"translate":"It's not that far in real life"}]},
        "announce_to_chat": "true",
        "frame": "task"
    },
    "parent": "blazeandcave:biomes/root",
    "rewards": {
        "function": "bc_rewards:biomes/kilometre_walk"
    },		
    "criteria": {
        "outer_pos_x": {
            "trigger": "minecraft:location",
            "conditions": {
				"position": {
					"x": {
						"min": 1000.0
					}
				},
                "player": [
                    {
                        "condition": "minecraft:inverted",
                        "term": {
                            "condition": "minecraft:entity_properties",
						    "entity": "this",
						    "predicate": {
						    	"player": {
						    		"gamemode": "spectator"
			    				}
                            }
						}
                    }
                ]
            }
        },
        "outer_pos_z": {
            "trigger": "minecraft:location",
            "conditions": {
				"position": {
					"z": {
						"min": 1000.0
					}
				},
                "player": [
                    {
                        "condition": "minecraft:inverted",
                        "term": {
                            "condition": "minecraft:entity_properties",
						    "entity": "this",
						    "predicate": {
						    	"player": {
						    		"gamemode": "spectator"
			    				}
                            }
						}
                    }
                ]
            }
        },
        "outer_neg_x": {
            "trigger": "minecraft:location",
            "conditions": {
				"position": {
					"x": {
						"max": -1000.0
					}
				},
                "player": [
                    {
                        "condition": "minecraft:inverted",
                        "term": {
                            "condition": "minecraft:entity_properties",
						    "entity": "this",
						    "predicate": {
						    	"player": {
						    		"gamemode": "spectator"
			    				}
                            }
						}
                    }
                ]
            }
        },
        "outer_neg_z": {
            "trigger": "minecraft:location",
            "conditions": {
				"position": {
					"z": {
						"max": -1000.0
					}
				},
                "player": [
                    {
                        "condition": "minecraft:inverted",
                        "term": {
                            "condition": "minecraft:entity_properties",
						    "entity": "this",
						    "predicate": {
						    	"player": {
						    		"gamemode": "spectator"
			    				}
                            }
						}
                    }
                ]
            }
        }	
    },
    "requirements": [
        [
            "outer_pos_x",
            "outer_pos_z",
            "outer_neg_x",
            "outer_neg_z"
        ]
    ]
}