{
    "display": {
        "icon": {
            "item": "minecraft:magma_block"
        },
        "title": {"translate":"Pushed Around"},
        "description": {"translate":"Enter a bubble column"},
        "announce_to_chat": "true"
    },
    "parent": "blazeandcave:biomes/echolocation",
	"rewards": {
		"function": "bc_rewards:biomes/pushed_around"
    },
    "criteria": {
        "enter_water": {
            "trigger": "minecraft:enter_block",
            "conditions": {
				"block": "minecraft:bubble_column"
            }
        }
    }
}