{
    "display": {
        "icon": {
            "item": "minecraft:vine"
        },
        "title": {"translate":"Tarzan"},
        "description": {"translate":"Swing (or climb) on some vines"},
        "announce_to_chat": "true"
    },
    "parent": "blazeandcave:biomes/the_mighty_jungle",
	"rewards": {
		"function": "bc_rewards:biomes/tarzan"
    },
    "criteria": {
        "enter_vine": {
            "trigger": "minecraft:enter_block",
            "conditions": {
				"block": "minecraft:vine"
            }
        }
    }
}