{
    "display": {
        "icon": {
            "item": "minecraft:blue_ice"
        },
        "title": {"translate":"Thick Ice!"},
        "description": {"translate":"Craft or mine a blue ice block from an iceberg"},
        "announce_to_chat": "true"
    },
    "parent": "blazeandcave:biomes/spike_ice",
    "rewards": {
        "function": "bc_rewards:biomes/thick_ice"
    },		
    "criteria": {
        "blue_ice": {
            "trigger": "minecraft:inventory_changed",
            "conditions": {
                "items": [
                    {
						"items": [
							"minecraft:blue_ice"
						]
                    }
                ]
            }
        }
    }
}