{
    "display": {
        "icon": {
            "item": "minecraft:golden_carrot"
        },
        "title": {"translate":"Bunny Lover"},
        "description": {"color":"#75E1FF","translate":"Breed a baby bunny of every variant"},
        "announce_to_chat": "true",
		"frame": "goal"
    },
    "parent": "blazeandcave:animal/in_a_hole_there_lived_a_rabbit",
	"rewards": {
		"function": "bc_rewards:animal/bunny_lover"
    },		
    "criteria": {
        "brown": {
            "trigger": "minecraft:bred_animals",
            "conditions": {
				"child": {
					"type": "minecraft:rabbit",
					"nbt": "{RabbitType:0}"
				}
            }
        },
        "white": {
            "trigger": "minecraft:bred_animals",
            "conditions": {
				"child": {
					"type": "minecraft:rabbit",
					"nbt": "{RabbitType:1}"
				}
            }
        },
        "black": {
            "trigger": "minecraft:bred_animals",
            "conditions": {
				"child": {
					"type": "minecraft:rabbit",
					"nbt": "{RabbitType:2}"
				}
            }
        },
        "black_and_white": {
            "trigger": "minecraft:bred_animals",
            "conditions": {
				"child": {
					"type": "minecraft:rabbit",
					"nbt": "{RabbitType:3}"
				}
            }
        },
        "gold": {
            "trigger": "minecraft:bred_animals",
            "conditions": {
				"child": {
					"type": "minecraft:rabbit",
					"nbt": "{RabbitType:4}"
				}
            }
        },
        "salt_and_pepper": {
            "trigger": "minecraft:bred_animals",
            "conditions": {
				"child": {
					"type": "minecraft:rabbit",
					"nbt": "{RabbitType:5}"
				}
            }
        }
    }
}