{
    "display": {
        "icon": {
            "item": "minecraft:stone_sword"
        },
        "title": {"translate":"Direct Fishing"},
        "description": {"translate":"Catch a fish by directly skewering it with a sword"},
        "announce_to_chat": "true"
    },
    "parent": "minecraft:husbandry/fishy_business",
    "rewards": {
        "function": "bc_rewards:animal/direct_fishing"
    },		
    "criteria": {
        "cod": {
            "trigger": "minecraft:player_killed_entity",
            "conditions": {
                "entity": {
                    "type": "cod"
                }
            }
        },
        "salmon": {
            "trigger": "minecraft:player_killed_entity",
            "conditions": {
                "entity": {
                    "type": "salmon"
                }
            }
        },
        "pufferfish": {
            "trigger": "minecraft:player_killed_entity",
            "conditions": {
                "entity": {
                    "type": "pufferfish"
                }
            }
        },
        "tropical_fish": {
            "trigger": "minecraft:player_killed_entity",
            "conditions": {
                "entity": {
                    "type": "tropical_fish"
                }
            }
        }		
    },
    "requirements": [
		[
        "cod",
        "salmon",
		"pufferfish",
		"tropical_fish"
		]
    ]
}