{
    "display": {
        "icon": {
            "item": "minecraft:turtle_egg"
        },
        "title": {"translate":"Hey, look, Mom!"},
        "description": {"translate":"Use sea grass to make a turtle lay some eggs"},
        "announce_to_chat": "true"
    },
    "parent": "blazeandcave:animal/poacher",
	"rewards": {
		"function": "bc_rewards:animal/hey_look_mom"
    },		
    "criteria": {
        "turtle": {
            "trigger": "minecraft:bred_animals",
            "conditions": {
				"parent": {
					"type": "minecraft:turtle"
				},
				"partner": {
					"type": "minecraft:turtle"
				}
            }
        }
    }
}