{
    "display": {
        "icon": {
            "item": "minecraft:blue_ice"
        },
        "title": {"translate":"Iceologer Should've Won"},
        "description": {"translate":"Kill 100 Glow Squids"},
        "announce_to_chat": "true",
		"frame": "challenge"
    },
    "parent": "blazeandcave:animal/flashy_items",
	"rewards": {
		"function": "bc_rewards:animal/iceologer_shouldve_won"
    },		
    "criteria": {
        "kill_100_glow_squids": {
            "trigger": "minecraft:location",
			"conditions": {
				"player":  {
					"player": {
						"stats": [
							{
								"type": "minecraft:killed",
								"stat": "minecraft:glow_squid",
								"value": {
									"min": 100
								}
							}
						]
					}
				}
			}
        }
    }
}