{
    "display": {
        "icon": {
            "item": "minecraft:mycelium"
        },
        "title": {"translate":"Mooshroom Kingdom"},
        "description": {"translate":"Find mooshrooms on a mushroom island"},
        "announce_to_chat": "true"
    },
    "parent": "blazeandcave:animal/true_cow_tipper",	
    "rewards": {
		"function": "bc_rewards:animal/mooshroom_kingdom"
    },	
    "criteria": {
        "mushroom_fields": {
            "trigger": "minecraft:location",
            "conditions": {
                "biome": "minecraft:mushroom_fields",
                "player": [
                    {
                        "condition": "minecraft:inverted",
                        "term": {
                            "condition": "minecraft:entity_properties",
						    "entity": "this",
						    "predicate": {
						    	"player": {
						    		"gamemode": "spectator"
			    				}
                            }
						}
                    }
                ]
            }
        }
    }
}