{
    "display": {
        "icon": {
            "item": "minecraft:rotten_flesh"
        },
        "title": {"translate":"Puppies! Yipe!"},
        "description": {"translate":"Breed two wolves together to get a puppy!"},
        "announce_to_chat": "true"
    },
    "parent": "minecraft:husbandry/tame_an_animal",
	"rewards": {
		"function": "bc_rewards:animal/puppies_yipe"
    },		
    "criteria": {
        "wolf": {
            "trigger": "minecraft:bred_animals",
            "conditions": {
				"parent": {
					"type": "minecraft:wolf"
				},
				"partner": {
					"type": "minecraft:wolf"
				}
            }
        }
    }
}