{
    "display": {
        "icon": {
            "item": "minecraft:leather_boots"
        },
        "title": {"translate":"Someone's been here before..."},
        "description": {"color":"#75E1FF","translate":"Fish out a ratty old pair of boots"},
        "announce_to_chat": "true",
		"frame": "goal"
    },
    "parent": "blazeandcave:animal/treasure_hunter",
	"rewards": {
		"function": "bc_rewards:animal/someones_been_here_before"
    },		
    "criteria": {
        "leather_boots": {
            "trigger": "minecraft:fishing_rod_hooked",
            "conditions": {
                "item":
                {
					"items": [
						"minecraft:leather_boots"
					]
                }
            }
        }	
    }
}