{
    "display": {
        "icon": {
            "item": "minecraft:jungle_boat"
        },
        "title": {"translate":"Swine Sailing"},
        "description": {"color":"#75E1FF","translate":"Ride a saddled pig in a boat in a minecart"},
        "announce_to_chat": "true",
        "frame": "goal"
    },
    "parent": "blazeandcave:animal/pig_slaughterer",
    "rewards": {
        "function": "bc_rewards:animal/swine_sailing"
    },		
    "criteria": {
        "swine_sailing": {
            "trigger": "minecraft:started_riding",
            "conditions": {
                "player": [
                    {
                        "condition": "minecraft:entity_properties",
						"entity": "this",
						"predicate": {
							"vehicle": {
								"type": "pig",
								"vehicle": {
									"type": "boat",
									"vehicle": {
										"type": "minecart"
									}
								}
							}
						}
                    }
                ]
            }
		}
    }
}