{
    "display": {
        "icon": {
            "item": "minecraft:prismarine_shard"
        },
        "title": {"translate":"Thanks a lotl"},
        "description": {"color":"#75E1FF","translate":"Team up with an Axolotl in an Ocean Monument to help clear the curse of the Elders"},
        "announce_to_chat": "true",
		"frame": "goal"
    },
    "parent": "minecraft:husbandry/kill_axolotl_target",
	"rewards": {
		"function": "bc_rewards:animal/thanks_a_lotl"
    },		
    "criteria": {
        "kill_axolotl_target": {
            "trigger": "minecraft:effects_changed",
            "conditions": {
                "source": [
					{
						"condition": "minecraft:entity_properties",
						"predicate": {
							"type": "minecraft:axolotl",
							"location": {
								"feature": "monument"
							}
						},
						"entity": "this"
					}
				],
				"player": {
                    "condition": "minecraft:entity_properties",
					"entity": "this",
					"predicate": {
						"location": {
							"feature": "monument"
						}
					}
                }
            }
        }
	}
}