{
    "display": {
        "icon": {
            "item": "minecraft:turtle_spawn_egg"
        },
        "title": {"translate":"Turtle Army"},
        "description": {"color":"#75E1FF","translate":"Collect a stack of scutes"},
        "announce_to_chat": "true",
		"frame": "goal"
    },
    "parent": "blazeandcave:animal/save_the_turtles",
    "rewards": {
		"function": "bc_rewards:animal/turtle_army"
    },		
    "criteria": {
        "scute": {
            "trigger": "minecraft:inventory_changed",
            "conditions": {
                "items": [
                    {
						"items": [
							"minecraft:scute"
						],
						"count": 64
                    }
                ]
            }
        }		
    }	
}