{
    "display": {
        "icon": {
            "item": "minecraft:white_wool"
        },
        "title": {"translate":"Wooly!"},
        "description": {"translate":"Obtain wool from a sheep by killing it"},
        "announce_to_chat": "true"
    },
    "parent": "minecraft:husbandry/root",
    "rewards": {
        "function": "bc_rewards:animal/wooly"
    },		
    "criteria": {
        "sheep": {
            "trigger": "minecraft:player_killed_entity",
            "conditions": {
                "entity": {
                    "type": "sheep"
                }
            }
        }
    }
}