{
    "display": {
        "icon": {
            "item": "minecraft:light_blue_concrete"
        },
        "title": {"translate":"Concrete Evidence"},
        "description": {"translate":"Create concrete from concrete powder by dropping it into water"},
        "announce_to_chat": "true"
    },
    "parent": "blazeandcave:building/rainbow_sand",
	"rewards": {
		"function": "bc_rewards:building/concrete_evidence"
    },		
    "criteria": {
        "white_concrete": {
            "trigger": "minecraft:inventory_changed",
            "conditions": {
                "items": [
                    {
						"items": [
							"minecraft:white_concrete"
						]
                    }
                ]
            }
        },
        "orange_concrete": {
            "trigger": "minecraft:inventory_changed",
            "conditions": {
                "items": [
                    {
						"items": [
							"minecraft:orange_concrete"
						]
                    }
                ]
            }
        },
        "magenta_concrete": {
            "trigger": "minecraft:inventory_changed",
            "conditions": {
                "items": [
                    {
						"items": [
							"minecraft:magenta_concrete"
						]
                    }
                ]
            }
        },
        "light_blue_concrete": {
            "trigger": "minecraft:inventory_changed",
            "conditions": {
                "items": [
                    {
						"items": [
							"minecraft:light_blue_concrete"
						]
                    }
                ]
            }
        },
        "yellow_concrete": {
            "trigger": "minecraft:inventory_changed",
            "conditions": {
                "items": [
                    {
						"items": [
							"minecraft:yellow_concrete"
						]
                    }
                ]
            }
        },
        "lime_concrete": {
            "trigger": "minecraft:inventory_changed",
            "conditions": {
                "items": [
                    {
						"items": [
							"minecraft:lime_concrete"
						]
                    }
                ]
            }
        },
        "pink_concrete": {
            "trigger": "minecraft:inventory_changed",
            "conditions": {
                "items": [
                    {
						"items": [
							"minecraft:pink_concrete"
						]
                    }
                ]
            }
        },
        "gray_concrete": {
            "trigger": "minecraft:inventory_changed",
            "conditions": {
                "items": [
                    {
						"items": [
							"minecraft:gray_concrete"
						]
                    }
                ]
            }
        },
        "light_gray_concrete": {
            "trigger": "minecraft:inventory_changed",
            "conditions": {
                "items": [
                    {
						"items": [
							"minecraft:light_gray_concrete"
						]
                    }
                ]
            }
        },
        "cyan_concrete": {
            "trigger": "minecraft:inventory_changed",
            "conditions": {
                "items": [
                    {
						"items": [
							"minecraft:cyan_concrete"
						]
                    }
                ]
            }
        },
        "purple_concrete": {
            "trigger": "minecraft:inventory_changed",
            "conditions": {
                "items": [
                    {
						"items": [
							"minecraft:purple_concrete"
						]
                    }
                ]
            }
        },
        "blue_concrete": {
            "trigger": "minecraft:inventory_changed",
            "conditions": {
                "items": [
                    {
						"items": [
							"minecraft:blue_concrete"
						]
                    }
                ]
            }
        },
        "brown_concrete": {
            "trigger": "minecraft:inventory_changed",
            "conditions": {
                "items": [
                    {
						"items": [
							"minecraft:brown_concrete"
						]
                    }
                ]
            }
        },
        "green_concrete": {
            "trigger": "minecraft:inventory_changed",
            "conditions": {
                "items": [
                    {
						"items": [
							"minecraft:green_concrete"
						]
                    }
                ]
            }
        },
        "red_concrete": {
            "trigger": "minecraft:inventory_changed",
            "conditions": {
                "items": [
                    {
						"items": [
							"minecraft:red_concrete"
						]
                    }
                ]
            }
        },
        "black_concrete": {
            "trigger": "minecraft:inventory_changed",
            "conditions": {
                "items": [
                    {
						"items": [
							"minecraft:black_concrete"
						]
                    }
                ]
            }
        }
    },
    "requirements": [
		[
        "white_concrete",
        "orange_concrete",
        "magenta_concrete",
        "light_blue_concrete",
        "yellow_concrete",
        "lime_concrete",
        "pink_concrete",
        "gray_concrete",
        "light_gray_concrete",
        "cyan_concrete",
        "purple_concrete",
        "blue_concrete",
        "brown_concrete",
        "green_concrete",
        "red_concrete",
        "black_concrete"
		]
	]
}