{
    "display": {
        "icon": {
            "item": "minecraft:rabbit"
        },
        "title": {"translate":"Delicious, Hot Schmoes!"},
        "description": {"color":"#75E1FF","translate":"Place every type of cookable food on a campfire"},
        "announce_to_chat": "true",
		"frame": "goal"
    },
    "parent": "blazeandcave:building/camping_out",
    "rewards": {
		"function": "bc_rewards:building/delicious_hot_schmoes"
    },		
    "criteria": {
		"porkchop": {
			"trigger": "minecraft:item_used_on_block",
			"conditions": {
				"location": {
					"block": {
						"tag": "minecraft:campfires"
					}
				},
				"item": {
					"items": [
						"minecraft:porkchop"
					]
				}
			}
		},
        "beef": {
			"trigger": "minecraft:item_used_on_block",
			"conditions": {
				"location": {
					"block": {
						"tag": "minecraft:campfires"
					}
				},
				"item": {
					"items": [
						"minecraft:beef"
					]
				}
			}
		},
        "chicken": {
			"trigger": "minecraft:item_used_on_block",
			"conditions": {
				"location": {
					"block": {
						"tag": "minecraft:campfires"
					}
				},
				"item": {
					"items": [
						"minecraft:chicken"
					]
				}
			}
		},
        "cod": {
			"trigger": "minecraft:item_used_on_block",
			"conditions": {
				"location": {
					"block": {
						"tag": "minecraft:campfires"
					}
				},
				"item": {
					"items": [
						"minecraft:cod"
					]
				}
			}
		},
        "salmon": {
			"trigger": "minecraft:item_used_on_block",
			"conditions": {
				"location": {
					"block": {
						"tag": "minecraft:campfires"
					}
				},
				"item": {
					"items": [
						"minecraft:salmon"
					]
				}
			}
		},
        "potato": {
			"trigger": "minecraft:item_used_on_block",
			"conditions": {
				"location": {
					"block": {
						"tag": "minecraft:campfires"
					}
				},
				"item": {
					"items": [
						"minecraft:potato"
					]
				}
			}
		},
        "mutton": {
			"trigger": "minecraft:item_used_on_block",
			"conditions": {
				"location": {
					"block": {
						"tag": "minecraft:campfires"
					}
				},
				"item": {
					"items": [
						"minecraft:mutton"
					]
				}
			}
		},
        "rabbit": {
			"trigger": "minecraft:item_used_on_block",
			"conditions": {
				"location": {
					"block": {
						"tag": "minecraft:campfires"
					}
				},
				"item": {
					"items": [
						"minecraft:rabbit"
					]
				}
			}
		},
        "kelp": {
			"trigger": "minecraft:item_used_on_block",
			"conditions": {
				"location": {
					"block": {
						"tag": "minecraft:campfires"
					}
				},
				"item": {
					"items": [
						"minecraft:kelp"
					]
				}
			}
		}
	}	
}