{
    "display": {
        "icon": {
            "item": "minecraft:glowstone"
        },
        "title": {"translate":"Glowing!"},
        "description": {"translate":"Light up the area with glowstone"},
        "announce_to_chat": "true"
    },
    "parent": "blazeandcave:building/festival_of_lights",
	"rewards": {
		"function": "bc_rewards:building/glowing"
    },		
    "criteria": {
        "glowstone": {
            "trigger": "minecraft:placed_block",
            "conditions": {
				"block": "minecraft:glowstone"
            }
        }
    }
}