{
    "display": {
        "icon": {
            "item": "minecraft:oak_trapdoor"
        },
        "title": {"translate":"It's a Trap!"},
        "description": {"translate":"Craft and place down a trapdoor"},
        "announce_to_chat": "true"
    },
    "parent": "blazeandcave:building/ladder_climbers_inc",
	"rewards": {
		"function": "bc_rewards:building/its_a_trap"
    },		
    "criteria": {
        "oak_trapdoor": {
            "trigger": "minecraft:placed_block",
            "conditions": {
				"block": "minecraft:oak_trapdoor"
            }
        },
        "spruce_trapdoor": {
            "trigger": "minecraft:placed_block",
            "conditions": {
				"block": "minecraft:spruce_trapdoor"
            }
        },
        "birch_trapdoor": {
            "trigger": "minecraft:placed_block",
            "conditions": {
				"block": "minecraft:birch_trapdoor"
            }
        },
        "jungle_trapdoor": {
            "trigger": "minecraft:placed_block",
            "conditions": {
				"block": "minecraft:jungle_trapdoor"
            }
        },
        "acacia_trapdoor": {
            "trigger": "minecraft:placed_block",
            "conditions": {
				"block": "minecraft:acacia_trapdoor"
            }
        },
        "dark_oak_trapdoor": {
            "trigger": "minecraft:placed_block",
            "conditions": {
				"block": "minecraft:dark_oak_trapdoor"
            }
        },
        "crimson_trapdoor": {
            "trigger": "minecraft:placed_block",
            "conditions": {
				"block": "minecraft:crimson_trapdoor"
            }
        },
        "warped_trapdoor": {
            "trigger": "minecraft:placed_block",
            "conditions": {
				"block": "minecraft:warped_trapdoor"
            }
        },		
        "iron_trapdoor": {
            "trigger": "minecraft:placed_block",
            "conditions": {
				"block": "minecraft:iron_trapdoor"
            }
        }
    },
    "requirements": [
		[
        "oak_trapdoor",
		"spruce_trapdoor",
		"birch_trapdoor",
		"jungle_trapdoor",
		"acacia_trapdoor",
		"dark_oak_trapdoor",
		"crimson_trapdoor",
		"warped_trapdoor",
        "iron_trapdoor"
		]
    ]	
}