{
    "display": {
        "icon": {
            "item": "minecraft:oak_sapling"
        },
        "title": {"translate":"Professor Oak"},
        "description": {"color":"#75E1FF","translate":"Craft every item made out of oak wood"},
        "announce_to_chat": "true",
		"frame": "goal"
    },
    "parent": "blazeandcave:building/lost_its_bark",
    "rewards": {
		"function": "bc_rewards:building/professor_oak"
    },		
    "criteria": {
        "oak_planks": {
            "trigger": "minecraft:inventory_changed",
            "conditions": {
                "items": [
                    {
						"items": [
							"minecraft:oak_planks"
						]
                    }
                ]
            }
        },
        "oak_log": {
            "trigger": "minecraft:inventory_changed",
            "conditions": {
                "items": [
                    {
						"items": [
							"minecraft:oak_log"
						]
                    }
                ]
            }
        },
        "oak_wood": {
            "trigger": "minecraft:inventory_changed",
            "conditions": {
                "items": [
                    {
						"items": [
							"minecraft:oak_wood"
						]
                    }
                ]
            }
        },
        "stripped_oak_log": {
            "trigger": "minecraft:inventory_changed",
            "conditions": {
                "items": [
                    {
						"items": [
							"minecraft:stripped_oak_log"
						]
                    }
                ]
            }
        },
        "stripped_oak_wood": {
            "trigger": "minecraft:inventory_changed",
            "conditions": {
                "items": [
                    {
						"items": [
							"minecraft:stripped_oak_wood"
						]
                    }
                ]
            }
        },
        "oak_slab": {
            "trigger": "minecraft:inventory_changed",
            "conditions": {
                "items": [
                    {
						"items": [
							"minecraft:oak_slab"
						]
                    }
                ]
            }
        },
        "oak_pressure_plate": {
            "trigger": "minecraft:inventory_changed",
            "conditions": {
                "items": [
                    {
						"items": [
							"minecraft:oak_pressure_plate"
						]
                    }
                ]
            }
        },
        "oak_fence": {
            "trigger": "minecraft:inventory_changed",
            "conditions": {
                "items": [
                    {
						"items": [
							"minecraft:oak_fence"
						]
                    }
                ]
            }
        },
        "oak_trapdoor": {
            "trigger": "minecraft:inventory_changed",
            "conditions": {
                "items": [
                    {
						"items": [
							"minecraft:oak_trapdoor"
						]
                    }
                ]
            }
        },
        "oak_fence_gate": {
            "trigger": "minecraft:inventory_changed",
            "conditions": {
                "items": [
                    {
						"items": [
							"minecraft:oak_fence_gate"
						]
                    }
                ]
            }
        },
        "oak_stairs": {
            "trigger": "minecraft:inventory_changed",
            "conditions": {
                "items": [
                    {
						"items": [
							"minecraft:oak_stairs"
						]
                    }
                ]
            }
        },
        "oak_button": {
            "trigger": "minecraft:inventory_changed",
            "conditions": {
                "items": [
                    {
						"items": [
							"minecraft:oak_button"
						]
                    }
                ]
            }
        },
        "oak_door": {
            "trigger": "minecraft:inventory_changed",
            "conditions": {
                "items": [
                    {
						"items": [
							"minecraft:oak_door"
						]
                    }
                ]
            }
        },
        "oak_boat": {
            "trigger": "minecraft:inventory_changed",
            "conditions": {
                "items": [
                    {
						"items": [
							"minecraft:oak_boat"
						]
                    }
                ]
            }
        },
        "oak_sign": {
            "trigger": "minecraft:inventory_changed",
            "conditions": {
                "items": [
                    {
						"items": [
							"minecraft:oak_sign"
						]
                    }
                ]
            }
        }
    }
}