{
    "display": {
        "icon": {
            "item": "minecraft:stripped_jungle_log"
        },
        "title": {"translate":"Stripper"},
        "description": {"color":"#75E1FF","translate":"Strip the bark off of all six types of logs"},
        "announce_to_chat": "true",
		"frame": "goal"
    },
    "parent": "blazeandcave:building/yay_i_got_my_wood",
    "rewards": {
        "function": "bc_rewards:building/stripper"
    },		
    "criteria": {
        "stripped_oak_log": {
			"trigger": "minecraft:item_used_on_block",
			"conditions": {
				"location": {
					"block": {
						"blocks": [
							"minecraft:stripped_oak_log"
						]
					}
				},
				"item": {
					"tag": "minecraft:axes"
				}
			}
		},
        "stripped_spruce_log": {
			"trigger": "minecraft:item_used_on_block",
			"conditions": {
				"location": {
					"block": {
						"blocks": [
							"minecraft:stripped_spruce_log"
						]
					}
				},
				"item": {
					"tag": "minecraft:axes"
				}
			}
		},
        "stripped_birch_log": {
			"trigger": "minecraft:item_used_on_block",
			"conditions": {
				"location": {
					"block": {
						"blocks": [
							"minecraft:stripped_birch_log"
						]
					}
				},
				"item": {
					"tag": "minecraft:axes"
				}
			}
		},
        "stripped_jungle_log": {
			"trigger": "minecraft:item_used_on_block",
			"conditions": {
				"location": {
					"block": {
						"blocks": [
							"minecraft:stripped_jungle_log"
						]
					}
				},
				"item": {
					"tag": "minecraft:axes"
				}
			}
		},
        "stripped_acacia_log": {
			"trigger": "minecraft:item_used_on_block",
			"conditions": {
				"location": {
					"block": {
						"blocks": [
							"minecraft:stripped_acacia_log"
						]
					}
				},
				"item": {
					"tag": "minecraft:axes"
				}
			}
		},
        "stripped_dark_oak_log": {
			"trigger": "minecraft:item_used_on_block",
			"conditions": {
				"location": {
					"block": {
						"blocks": [
							"minecraft:stripped_dark_oak_log"
						]
					}
				},
				"item": {
					"tag": "minecraft:axes"
				}
			}
		}
	}		
}