{
    "id": "tiered:uncommon_ranged1",
    "verifiers": [
        {
            "tag": "tier:1ranged1"
        },
        {
            "tag": "tier:2ranged1"
        },
        {
            "tag": "tier:3ranged1"
        }
    ],
    "weight": 350,
    "style": {
        "color": "dark_green"
    },
    "attributes": [
        {
            "type": "tiered:generic.durable",
            "modifier": {
                "name": "tiered:uncommon_ranged",
                "operation": "MULTIPLY_TOTAL",
                "amount": 0.15
            },
            "optional_equipment_slots": [
                "MAINHAND"
            ]
        },
        {
            "type": "tiered:generic.range_attack_damage",
            "modifier": {
                "name": "tiered:uncommon_ranged",
                "operation": "ADDITION",
                "amount": 5.5
            },
            "optional_equipment_slots": [
                "MAINHAND"
            ]
        },
        {
            "type": "minecraft:generic.movement_speed",
            "modifier": {
                "name": "tiered:epic_ranged",
                "operation": "MULTIPLY_TOTAL",
                "amount": -0.05
            },
            "optional_equipment_slots": [
                "MAINHAND"
            ]
        }
    ]
}