{
  "name": "dnl:structures/olympus/maze/rooms/mine/mining_pocket",
  "fallback": "dnl:structures/olympus/maze/rooms/mine/mining_pocket",
  "elements": [
    {
      "weight": 1,
      "element": {
        "element_type": "minecraft:single_pool_element",
        "projection": "rigid",
        "location": "dnl:olympus/maze/rooms/mine/gold",
        "processors": {
          "processors": [
            {
              "processor_type": "minecraft:rule",
              "rules": [
                {
                  "location_predicate": {
                    "predicate_type": "minecraft:always_true"
                  },
                  "input_predicate": {
                    "predicate_type": "minecraft:random_block_match",
                    "block": "minecraft:raw_gold_block",
                    "probability": 0.9
                  },
                  "output_state": {
                    "Name": "minecraft:gold_ore"
                  }
                }
              ]
            }
          ]
        }
      }
    },
    {
      "weight": 1,
      "element": {
        "element_type": "minecraft:single_pool_element",
        "projection": "rigid",
        "location": "dnl:olympus/maze/rooms/mine/copper",
        "processors": {
          "processors": [
            {
              "processor_type": "minecraft:rule",
              "rules": [
                {
                  "location_predicate": {
                    "predicate_type": "minecraft:always_true"
                  },
                  "input_predicate": {
                    "predicate_type": "minecraft:random_block_match",
                    "block": "minecraft:raw_copper_block",
                    "probability": 0.9
                  },
                  "output_state": {
                    "Name": "minecraft:copper_ore"
                  }
                }
              ]
            }
          ]
        }
      }
    },
    {
      "weight": 1,
      "element": {
        "element_type": "minecraft:single_pool_element",
        "projection": "rigid",
        "location": "dnl:olympus/maze/rooms/mine/tnt",
        "processors": "minecraft:empty"
      }
    },
    {
      "weight": 1,
      "element": {
        "element_type": "minecraft:single_pool_element",
        "projection": "rigid",
        "location": "dnl:olympus/maze/rooms/mine/swordsmen",
        "processors": "minecraft:empty"
      }
    },
    {
      "weight": 1,
      "element": {
        "element_type": "minecraft:single_pool_element",
        "projection": "rigid",
        "location": "dnl:olympus/maze/rooms/mine/obsidian",
        "processors": "minecraft:empty"
      }
    },
    {
      "weight": 1,
      "element": {
        "element_type": "minecraft:single_pool_element",
        "projection": "rigid",
        "location": "dnl:olympus/maze/rooms/mine/miner",
        "processors": "minecraft:empty"
      }
    },
    {
      "weight": 1,
      "element": {
        "element_type": "minecraft:single_pool_element",
        "projection": "rigid",
        "location": "dnl:olympus/maze/rooms/mine/lava",
        "processors": "minecraft:empty"
      }
    },
    {
      "weight": 1,
      "element": {
        "element_type": "minecraft:single_pool_element",
        "projection": "rigid",
        "location": "dnl:olympus/maze/rooms/mine/iron",
        "processors": {
          "processors": [
            {
              "processor_type": "minecraft:rule",
              "rules": [
                {
                  "location_predicate": {
                    "predicate_type": "minecraft:always_true"
                  },
                  "input_predicate": {
                    "predicate_type": "minecraft:random_block_match",
                    "block": "minecraft:raw_iron_block",
                    "probability": 0.9
                  },
                  "output_state": {
                    "Name": "minecraft:iron_ore"
                  }
                }
              ]
            }
          ]
        }
      }
    },
    {
      "weight": 1,
      "element": {
        "element_type": "minecraft:single_pool_element",
        "projection": "rigid",
        "location": "dnl:olympus/maze/rooms/mine/coal",
        "processors": {
          "processors": [
            {
              "processor_type": "minecraft:rule",
              "rules": [
                {
                  "location_predicate": {
                    "predicate_type": "minecraft:always_true"
                  },
                  "input_predicate": {
                    "predicate_type": "minecraft:random_block_match",
                    "block": "minecraft:coal_ore",
                    "probability": 0.9
                  },
                  "output_state": {
                    "Name": "minecraft:coal_ore"
                  }
                }
              ]
            }
          ]
        }
      }
    },
    {
      "weight": 1,
      "element": {
        "element_type": "minecraft:single_pool_element",
        "projection": "rigid",
        "location": "dnl:olympus/maze/rooms/mine/chest",
        "processors": "minecraft:empty"
      }
    },
    {
      "weight": 1,
      "element": {
        "element_type": "minecraft:single_pool_element",
        "projection": "rigid",
        "location": "dnl:olympus/maze/rooms/mine/ancient_debris",
        "processors": "minecraft:empty"
      }
    },
    {
      "weight": 1,
      "element": {
        "element_type": "minecraft:single_pool_element",
        "projection": "rigid",
        "location": "dnl:olympus/maze/rooms/mine/air",
        "processors": "minecraft:empty"
      }
    },
    {
      "weight": 20,
      "element": {
        "element_type": "minecraft:empty_pool_element",
        "projection": "rigid"
      }
    }
  ]
}
