{
  "criteria": {
    "requirement": {
      "trigger": "minecraft:player_hurt_entity",
      "conditions": {
        "damage": {
          "type": {
            "is_projectile": true,
            "direct_entity": {
              "type": "minecraft:fireball"
            }
          }
        },
        "entity": [
          {
            "condition": "minecraft:entity_properties",
            "entity": "this",
            "predicate": {
              "type": "minecraft:ghast"
            }
          }
        ]
      }
    }
  },
  "rewards": {
    "function": "dnl:mobs/guardian_ghast/state/stunned/fireball"
  }
}
