{
  "name": "炼金术桌",
  "icon": "bloodmagic:alchemytable",
  "category": "bloodmagic:alchemy_table",
  "pages": [
    {
      "type": "text",
      "text": "些许原料，少量 LP，小小炼金术桌，却能创造出诸多奇妙事物！$(br2)炼金术桌的许多内容还处于待完善状态。$(br2)鼠标悬停在 LP 箭头上，便可以查看到更多信息。"
    },
    {
      "type": "crafting",
      "recipe": "bloodmagic:alchemy_table"
    },
    {
      "type": "image",
      "images": [
        "bloodmagic:images/entries/alchemy_table/alchemy_table_gui.png"
      ],
      "title": "炼金术桌 GUI",
      "border": true,
      "text": "炼金术桌可以被注入或是提取物品。以下这些按钮的使用方法。"
    },
    {
      "type": "text",
      "text": "$(item)炼金术桌$()的右手边有几个按钮。按顺序它们分别为：$(bold)下$()，$(bold)上$()，$(bold)北$()，$(bold)南$()，$(bold)西$()以及$(bold)东$()。使用方法为：首先，点击桌内的任意一个槽位（在这里，我们选择点击中央的“完成的物品”槽作为示例。）；接着，点击六个按钮中的一个，来切换$(item)炼金术桌$()是否允许从一面对选择槽位进行外部介入，例如$(item)漏斗$()，管道或是其他类似的东西。"
    },
    {
      "type": "text",
      "text": "若想退回到炼金术桌的正常功能，再次点击槽位取消选择即可。槽位内显示的图标意味着它是否会接受输入或是抽取输出。在示例图片中，我们令中央槽位仅接受从$(bold)下$()方接入的管道，来对槽位进行抽取的工作，任何尝试从其他面进行的抽取行为都会失败。$(br2)以下页面记录了一些目前可以在炼金术桌内进行的配方。"
    },

    {
      "type": "text",
      "text": "The Alchemy Table provides several ways to get vanilla items."
    },
    {
      "type": "3x_crafting_alchemy_table",
      "a.heading": "草",
      "a.recipe": "bloodmagic:alchemytable/grass_block",
      "b.heading": "皮革",
      "b.recipe": "bloodmagic:alchemytable/leather_from_flesh",
      "c.heading": "面包",
      "c.recipe": "bloodmagic:alchemytable/bread"
    },
    {
      "type": "2x_crafting_alchemy_table",
      "a.heading": "黏土",
      "a.recipe": "bloodmagic:alchemytable/clay_from_sand",
      "b.heading": "线",
      "b.recipe": "bloodmagic:alchemytable/string"
    },
    {
      "type": "2x_crafting_alchemy_table",
      "a.heading": "燧石",
      "a.recipe": "bloodmagic:alchemytable/flint_from_gravel",
      "b.heading": "火药",
      "b.recipe": "bloodmagic:alchemytable/gunpowder",
      "b.text": "Saltpeter NYI in Blood Magic."
    },
    {
      "type": "3x_crafting_alchemy_table",
      "a.heading": "植物油",
      "a.recipe": "bloodmagic:alchemytable/plantoil_from_wheat",
      "b.recipe": "bloodmagic:alchemytable/plantoil_from_carrots",
      "c.recipe": "bloodmagic:alchemytable/plantoil_from_taters"
    },
    {
      "type": "3x_crafting_alchemy_table",
      "a.heading": "植物油",
      "a.recipe": "bloodmagic:alchemytable/plantoil_from_beets",
      "b.heading": "煤砂",
      "b.recipe": "bloodmagic:alchemytable/sand_coal",
      "c.heading": "爆炸粉末",
      "c.recipe": "bloodmagic:alchemytable/explosive_powder"
    }
  ]
}
