{
  "name": "涂物",
  "icon": "bloodmagic:melee_anointment",
  "category": "bloodmagic:alchemy_table",
  "pages": [
    {
      "type": "text",
      "text": "$(item)涂物$()本质上乃是$(item)药水$()，只不过使用对象变为了你的工具、武器甚至是你的$(l:bloodmagic:demon_will/explosive_charges)炸药$()。手持$(item)涂物$()按下[$(k:use)]，若另一只手上持有工具，那么涂物便会作用于这一工具。并不是所有的涂物都可以用于所有装备上！$(br2)不像$(item)药水$()，$(item)涂物$()没有时间限制，而是在每次你使用工具或是武器的时候消耗掉一些使用次数。"
    },
    {
      "type": "crafting_alchemy_table",
      "heading": "注入石板的小瓶",
      "recipe": "bloodmagic:alchemytable/slate_vial",
      "text": "一种坚固的小瓶，可以装一些通常情况下无法承装的混合物。"
    }
  ]
}
