{
  "category": "bewitchment:tools",
  "name": "Druid Band",
  "icon": "bewitchment:druid_band",
  "advancement": "bewitchment:hidden_unlocks/altars",
  "pages": [
	{
	  "type": "text",
	  "text": "The Druid Band is a powerful trinket of the earth.$(br2)When worn, it will increase your movement speed and regeneration, as long as you walk on natural soil such as grass.$(br2)When active, the Druid Band consumes $(l:bewitchment:introduction/altars#internalme)ME$()."
	},
	{
	  "type": "crafting",
	  "recipe": "bewitchment:druid_band"
	}
  ]
}
