{
  "category": "bewitchment:tools",
  "name": "Harbinger",
  "icon": "bewitchment:harbinger",
  "advancement": "bewitchment:hidden_unlocks/harbinger",
  "pages": [
	{
	  "type": "text",
	  "text": "Acquired by defeating the $(l:bewitchment:creatures/lilith)Vampire Queen$() in battle, these shoes have a protection comparable to Netherite Boots.$(br2)Because of their dark energies, the undead are neutral to the wearer.$(br2)Harbinger can be repaired using Netherite Ingots."
	},
	{
	  "type": "spotlight",
	  "item": "bewitchment:harbinger"
	}
  ]
}
