{
  "category": "bewitchment:tools",
  "name": "Hedgewitch Armor",
  "icon": "bewitchment:hedgewitch_robes",
  "advancement": "bewitchment:hidden_unlocks/witch_cauldron",
  "pages": [
	{
	  "type": "text",
	  "text": "This old classic has proven itself over centuries of witchcraft. when worn, it increases crop yield.$(br2)Carpets of the same fabric can also be placed on $(l:bewitchment:introduction/altars)Altars$()."
	},
	{
	  "type": "crafting",
	  "recipe": "bewitchment:hedgewitch_hat",
	  "recipe2": "bewitchment:hedgewitch_hood"
	},
	{
	  "type": "crafting",
	  "recipe": "bewitchment:hedgewitch_robes",
	  "recipe2": "bewitchment:hedgewitch_pants"
	},
	{
	  "type": "crafting",
	  "recipe": "bewitchment:hedgewitch_wool",
	  "recipe2": "bewitchment:hedgewitch_carpet"
	}
  ]
}
