{
  "category": "bewitchment:tools",
  "name": "Poppet Shelves",
  "icon": "bewitchment:oak_poppet_shelf",
  "advancement": "bewitchment:hidden_unlocks/taglock",
  "pages": [
	{
	  "type": "text",
	  "text": "Poppet Shelves make for nice furniture. They can store up to nine $(l:bewitchment:poppets/poppet_practice)Poppets$(), which are all active.$(br2)This makes Poppet Shelves good for freeing up inventory space, while still having all $(l:bewitchment:poppets/poppet_practice)Poppets$() ready."
	},
	{
	  "type": "crafting",
	  "recipe": "bewitchment:oak_poppet_shelf",
	  "recipe2": "bewitchment:spruce_poppet_shelf"
	},
	{
	  "type": "crafting",
	  "recipe": "bewitchment:birch_poppet_shelf",
	  "recipe2": "bewitchment:jungle_poppet_shelf"
	},
	{
	  "type": "crafting",
	  "recipe": "bewitchment:acacia_poppet_shelf",
	  "recipe2": "bewitchment:dark_oak_poppet_shelf"
	},
	{
	  "type": "crafting",
	  "recipe": "bewitchment:crimson_poppet_shelf",
	  "recipe2": "bewitchment:warped_poppet_shelf"
	},
	{
	  "type": "crafting",
	  "recipe": "bewitchment:juniper_poppet_shelf",
	  "recipe2": "bewitchment:cypress_poppet_shelf"
	},
	{
	  "type": "crafting",
	  "recipe": "bewitchment:elder_poppet_shelf",
	  "recipe2": "bewitchment:dragons_blood_poppet_shelf"
	}
  ]
}
