{
  "category": "bewitchment:tools",
  "name": "Prickly Belt",
  "icon": "bewitchment:prickly_belt",
  "advancement": "bewitchment:hidden_unlocks/altars",
  "pages": [
	{
	  "type": "text",
	  "text": "The Prickly Belt is a handy trinket, able to store status effects.$(br2)When attacked, the wearer will receive positive effects, and the attacker negative, at the cost of $(l:bewitchment:introduction/altars#internalme)ME$().$(br2)To add a status effect, simply combine the belt with a Potion."
	},
	{
	  "type": "crafting",
	  "recipe": "bewitchment:prickly_belt"
	}
  ]
}
