{
  "category": "bewitchment:tools",
  "name": "Witch Cauldron",
  "icon": "bewitchment:witch_cauldron",
  "priority": true,
  "pages": [
	{
	  "type": "text",
	  "text": "By reinforcing a regular Cauldron with $(l:bewitchment:introduction/silver)Silver$(), you can create a Witch Cauldron.$(br2)This magical cauldron is extremely versatile in use and is namely used for $(l:bewitchment:brewing/elemental_oils)Oil Crafting$(), $(l:bewitchment:brewing/brewing_basics)Brewing$() and Teleportation."
	},
	{
	  "type": "crafting",
	  "recipe": "bewitchment:witch_cauldron"
	},
	{
	  "type": "text",
	  "title": "Usage",
	  "text": "Items can be tossed into the Witch Cauldron once it boils. To make it boil, place hot blocks such as Lava or Magma Blocks below it.$(br2)Note that the Witch Cauldron requires $(l:bewitchment:introduction/altars)Altar Power$(), except for $(l:bewitchment:brewing/elemental_oils)Oil Crafting$()."
	},
	{
	  "type": "text",
	  "title": "Teleportation",
	  "anchor": "teleportation",
	  "text": "To teleport with a Witch Cauldron, simply throw in an Ender Pearl, step on it, and say your destination. That destination must be another Witch Cauldron that has been named with a Name Tag.$(br2)The cost for teleportation is distance / 2, assuming you don't have $(l:bewitchment:creatures/leonard)Someone$() to help you out."
	}
  ]
}
