{
    "values": {
        "minecraft:player": {
            "playerex:level": 0.0,
            "playerex:constitution": 0.0,
            "playerex:strength": 0.0,
            "playerex:dexterity": 0.0,
            "playerex:intelligence": 0.0,
            "playerex:luckiness": 0.0,
            "playerex:evasion": 0.0,
            "playerex:lifesteal": 0.0,
            "playerex:health_regeneration": 0.0,
            "playerex:heal_amplification": 0.0,
            "playerex:melee_crit_damage": 0.0,
            "playerex:melee_crit_chance": 0.0,
            "playerex:ranged_crit_damage": 0.1,
            "playerex:ranged_crit_chance": 0.1,
            "playerex:ranged_damage": 0.0,
            "playerex:fire_resistance": 0.0,
            "playerex:freeze_resistance": 0.0,
            "playerex:lightning_resistance": 0.0,
            "playerex:poison_resistance": 0.0,
            "playerex:wither_resistance": 0.0,
            "playerex:breaking_speed": 1.0
        }
    }
}