{
    "values": {
        "playerex:constitution": {
            "minecraft:generic.max_health": 2.0,
            "minecraft:generic.knockback_resistance": 0.015,
            "playerex:poison_resistance": 0.02
        },
        "playerex:strength": {
            "minecraft:generic.attack_damage": 0.3,
            "playerex:ranged_damage": 0.05,
            "minecraft:generic.armor": 0.15,
            "playerex:health_regeneration": 0.05
        },
        "playerex:dexterity": {
            "minecraft:generic.attack_speed": 0.035,
            "combatroll:recharge": 1.5,
            "playerex:freeze_resistance": 0.05,
            "playerex:lightning_resistance": 0.05,
            "minecraft:generic.movement_speed": 0.01
        },
        "playerex:intelligence": {
            "playerex:melee_crit_damage": 0.005,
            "playerex:ranged_crit_damage": 0.001,
            "playerex:wither_resistance": 0.05
        },
        "playerex:luckiness": {
            "minecraft:generic.luck": 0.5,
            "playerex:evasion": 0.05,
            "playerex:melee_crit_chance": 0.02,
            "playerex:ranged_crit_chance": 0.015
        }
    }
}