{
    "values": {
        "minecraft:generic.max_health": {
            "integer": "0.0"
        },
        "playerex:level": {
            "integer": "0.0"
        },
        "playerex:constitution": {
            "integer": "0.0"
        },
        "playerex:strength": {
            "integer": "0.0"
        },
        "playerex:dexterity": {
            "integer": "0.0"
        },
        "playerex:intelligence": {
            "integer": "0.0"
        },
        "playerex:luckiness": {
            "integer": "0.0"
        },
        "minecraft:generic.knockback_resistance": {
            "multiplier": "10.0"
        },
        "playerex:evasion": {
            "percentage": "100.0"
        },
        "playerex:lifesteal": {
            "percentage": "1000.0"
        },
        "playerex:heal_amplification": {
            "percentage": "1000.0"
        },
        "playerex:fire_resistance": {
            "multiplier": "10.0"
        },
        "playerex:freeze_resistance": {
            "multiplier": "10.0"
        },
        "playerex:lightning_resistance": {
            "multiplier": "10.0"
        },
        "playerex:poison_resistance": {
            "multiplier": "10.0"
        },
        "playerex:wither_resistance": {
            "multiplier": "10.0"
        },
        "playerex:melee_crit_damage": {
            "percentage": "1000.0"
        },
        "playerex:melee_crit_chance": {
            "percentage": "100.0"
        },
        "playerex:ranged_crit_damage": {
            "percentage": "1000.0"
        },
        "playerex:ranged_crit_chance": {
            "percentage": "100.0"
        }
    }
}