{
  "name": "Demon Will Aspects",
  "icon": "bloodmagic:vengefulcrystal",
  "category": "bloodmagic:demon_will/will_manipulation",
  "extra_recipe_mappings":[
    ["bloodmagic:steadfastdemoncrystal", 2],
    ["bloodmagic:corrosivedemoncrystal", 2],
    ["bloodmagic:destructivedemoncrystal", 2],
    ["bloodmagic:vengefuldemoncrystal", 2],
    ["bloodmagic:steadfastcrystal", 2],
    ["bloodmagic:corrosivecrystal", 2],
    ["bloodmagic:destructivecrystal", 2],
    ["bloodmagic:vengefulcrystal", 2],
    ["bloodmagic:basemonstersoul_vengeful", 2],
    ["bloodmagic:basemonstersoul_corrosive", 2],
    ["bloodmagic:basemonstersoul_steadfast", 2],
    ["bloodmagic:basemonstersoul_destructive", 2]
  ],
  "pages": [
    {
      "type": "text",
      "text": "Unleashing $(l:bloodmagic:demon_will/will_manipulation/demon_will)Demon Will$() into the atmosphere was definitely an excellent idea. Not only has it proven most useful in empowering $(item)Rituals$(), you have also successfully condensed it into a $(l:bloodmagic:demon_will/will_manipulation/crystallized_will)Crystal Cluster$(), and are wondering what to turn your eye to next. $(br2)These $(item)Crystals$() feel somehow... conflicted, to you. A certain $(l:bloodmagic:rituals/ritual_list/ritual_crystal_split)Ritual$() may help coax them out into purer forms..."
    },
    {
      "type": "image",
      "images": [
        "bloodmagic:images/entries/demon_will/will_splitting.png"
      ],
      "title": "Aspects of Will",
      "border": true,
      "text": "The $(l:bloodmagic:rituals/ritual_list/ritual_crystal_split)Resonance of the Faceted Crystal$() ritual in action."
    },
    {
      "type": "text",
      "text": "Now we have $(item)Crystallized Will$() in four spicy new flavours! on the $(water)Water Rune$() we have $(steadfast)Steadfast Will$(), on the $(air)Air Rune$() we get $(destructive)Destructive Will$(), on the $(fire)Fire Rune$() comes $(vengeful)Vengeful Will$() and on the $(earth)Earth Rune$() we find $(corrosive)Corrosive Will.$() $(br2)These various new types of Will can be burned in the $(item)Demon Crucible$() just like Raw Will, and from there can be fed into various Rituals to great and fascinating effect."
    },
    {
      "type": "text",
      "anchor": "sentient_aspects",
      "text": "However, they also change how your Sentient Tools behave, making them more powerful.$(br) $(li)$(raw)Raw Will$(): Increases damage and attack speed. $(corrosive)$(li)Corrosive Will$(): Attacks have a chance to apply poison or wither to your foes, otherwise same as $(raw)Raw$(). $(vengeful)$(li)Vengeful Will$(): increases damage, but not as much as $(raw)Raw$(). Increases attack speed more than any other type. Gives a movement speed buff that increases with higher amounts of Will."
    },
    {
      "type": "text",
      "text": "$(steadfast)$(li)Steadfast Will$(): Increases damage (but not as much as $(raw)Raw$()) and grants Absorption after a kill. $(destructive)$(li)Destructive Will$(): Increases damage more than any other will type, but increases attack speed more slowly than any other type. Top Tier is still faster than an unempowered tool / equivalent iron tool, but slower than any other will type."
    },
    {
      "type": "text",
      "text": "You may be wondering: \"How on earth do I get this will into a usable form?\" Well, the answer is simple. Just place an EMPTY $(l:bloodmagic:demon_will/will_manipulation/soul_gem)Tartaric Gem$() into a $(l:bloodmagic:demon_will/will_manipulation/soul_forge)Hellfire Forge$() in the same chunk as a $(item)Demon Crucible$(), then feed the Demon Crucible with Will Crystals of the desired aspect. Your $(l:bloodmagic:demon_will/will_manipulation/soul_gem)Tartaric Gem$() will fill with that aspect of will. You can change which kind of will your $(raw)Sentient Tools$() use by pressing [$(k:use)] while holding them."
    },
    {
      "type": "text",
      "text": "Note that your $(raw)Sentient Tools$() will take on the aspect of the largest amount of $(raw)Will$() in your inventory. If you're carrying 10 $(corrosive)Corrosive Will$() in one $(l:bloodmagic:demon_will/will_manipulation/soul_gem)Tartaric Gem$(), and 1,000 $(raw)Raw Will$() in another, then your sword will remain $(raw)Raw$()."
    }
  ]
}
