{
  "name": "第一份意志",
  "icon": "bloodmagic:soulsnare",
  "category": "bloodmagic:demon_will/will_manipulation",
  "priority": "true",
  "pages": [
    {
      "type": "crafting_altar",
      "heading": "灵魂投网",
      "recipe": "bloodmagic:altar/soul_snare",
      "text": "$(item)灵魂投网$()是你打开$(blood)血魔法$()的$(l:bloodmagic:demon_will/will_manipulation/demon_will)恶魔意志$()领域的敲门砖。"
    },
    {
      "type": "text",
      "text": "$(item)投网$()的用法十分简单：首先做出一张结实耐用的投网，然后把它丢向一名$(thing)敌对生物$()，这时它们身边会出现白色的粒子效果。此时，只要击杀它们便可以获得$(l:bloodmagic:demon_will/will_manipulation/demon_will)恶魔意志$()。是的，可以，我知道你想问什么，抢夺附魔可以增加$(raw)意志$()的掉落数量。当你攒够了一定数量的意志后，你便可以制作一把$(l:bloodmagic:demon_will/demonic_items/sentient_sword)感知之剑$()，以及一块$(l:bloodmagic:demon_will/will_manipulation/soul_gem)地狱魂石$()，这两样工具会让你的$(l:bloodmagic:demon_will/will_manipulation/demon_will)恶魔意志$()搜集工作更为轻松快捷。"
    },
    {
      "type": "image",
      "images": [
        "bloodmagic:images/entries/demon_will/snare_particles.png"
      ],
      "title": "被投网击中的骷髅",
      "border": true,
      "text": "被投网击中后的骷髅，周身围绕着白色的粒子效果。"
    }
  ]
}
