{
  "name": "地狱魂石",
  "icon": "bloodmagic:soulgemgreater",
  "category": "bloodmagic:demon_will/will_manipulation",

  "pages": [
    {
      "type": "text",
      "text": "$(l:bloodmagic:demon_will/will_manipulation/demon_will)恶魔意志$()是一种相当有用的资源，但迄今为止，你获得的碎片都相当弱小。你需要一种能够将碎片中的意志存储积攒起来的物品，那就是$(item)地狱魂石$()。它不仅能够收纳你之后获得的意志，你之前用剩下的$(l:bloodmagic:demon_will/will_manipulation/demon_will)意志$()也能够收纳，只需把它丢在地上，你那崭新的魂石就能吸收掉它们。总算是不用考虑零散意志的存放问题了。"
    },
    {
      "type": "crafting_soulforge",
      "heading": "微尘地狱魂石",
      "recipe": "bloodmagic:soulforge/pettytartaricgem",
      "text": "这是你的第一枚地狱魂石，它能存储最多 64 份$(l:bloodmagic:demon_will/will_manipulation/demon_will)恶魔意志$()。量更大，占用位置更少！$(br2)如果你想要在两个魂石之间传输$(raw)意志$()，仅手持你想要清空的魂石按下[$(k:use)]，它便会开始搜索你的物品栏，并将存有的意志转送至搜索到的第一个魂石里。"
    },
    {
      "type": "text",
      "text": "$(item)微尘地狱魂石$()确实很有用，但很明显，它还不够强。我小心地尝试将$(item)钻石$()，$(item)青金石$()与$(item)红石$()与其反应，最后找到了一种方法，能够将它的存储上限翻四倍。"
    },  
    {
      "type": "crafting_soulforge",
      "heading": "细块地狱魂石",
      "recipe": "bloodmagic:soulforge/lessertartaricgem",
      "text": "这种增强过的魂石最多可以存储 256 份$(l:bloodmagic:demon_will/will_manipulation/demon_will)意志$()。$(br2)注意：升级魂石只会用到一枚魂石。$(item)狱火锻炉$()会在合成时优先抽取合成槽位中的$(raw)意志$()，然后才会抽取魂石槽位中的。不用担心，新合成出来的魂石会继承之前剩下的$(raw)意志$()。"
    },
    {
      "type": "text",
      "text": "$(item)细块地狱魂石$()的增强有目共睹，但你仍会烦恼于它的存储上限不够高。要想进一步升级你的魂石，你得将目光转向$(l:bloodmagic:altar/blood_altar)血之祭坛$()，这是因为你需要用到$(l:bloodmagic:altar/slates)灌注石板$()，用它的力量来升级魂石再好不过。将这一石板与魂石结合，在加以使用$(item)钻石$()与$(item)金块$()进行精炼，你便能再次让魂石的上限扩增 4 倍。"
    },  
    {
      "type": "crafting_soulforge",
      "heading": "普通地狱魂石",
      "recipe": "bloodmagic:soulforge/commontartaricgem",
      "text": "这一复杂而精细的魂石能够足足容纳 1024 份$(l:bloodmagic:demon_will/will_manipulation/demon_will)意志$()。"
    },
    {
      "type": "text",
      "text": "$(item)普通地狱魂石$()就是你不断超越自身的力证，但是你觉得这并不是终点——它仍有改进空间。然而，若想更进一步提升魂石，就必须用到你之前积累的所有学识与工作。你不仅需要用到$(l:bloodmagic:altar/slates)恶魔石板$()，也需要用到$(l:bloodmagic:utility/alchemical_reaction_chamber#blood_shard)虚弱气血碎片$()$(o)以及$()$(l:bloodmagic:demon_will/will_manipulation/crystallized_will)恶魔意志结晶$()。虽然耗材多且杂，但结果无疑是喜人的，在这一大块魂石的加持下，你的$(l:bloodmagic:demon_will/demonic_items/sentient_tools)感知工具$()的强度高得惊人，你从未见过如此之强的工具......"
    },
    {
      "type": "crafting_soulforge",
      "heading": "大块地狱魂石",
      "recipe": "bloodmagic:soulforge/greatertartaricgem",
      "text": "这一你辛苦制造出来的大师之作，能够容纳 4096 份$(l:bloodmagic:demon_will/will_manipulation/demon_will)意志$()。"
    },
    {
      "type": "text",
      "flag": "mod:curios",
      "text": "若你安装了$(thing)Curios API$()，你便可以将$(item)地狱魂石s$()作为项链戴在身上。如果你想戴上更多饰品，你可以尝试使用$(l:bloodmagic:alchemy_array/sigil/holding)集持印记$()，或是为你的$(l:bloodmagic:alchemy_array/living_equipment/living_basics)束灵盔甲$()加装$(l:bloodmagic:alchemy_array/living_equipment/armor_upgrades/curios_sockets)槽位升级$()。"
    }
  ]
}
