{
    "pools": [
        {
            "rolls": {
                "min": 2,
                "max": 3
            },
            "entries": [
                {
                    "type": "minecraft:item",
                    "weight": 1,
                    "name": "minecraft:rotten_flesh"
                },
                {
                    "type": "minecraft:item",
                    "weight": 1,
                    "name": "minecraft:bone"
                }
            ]
        }
    ]
}