{
  "type": "spectrum:enchanter",
  "time": 300,
  "required_experience": 100,
  "ingredients": [
    {
      "item": "minecraft:book"
    },
    {
      "item": "spectrum:blue_pigment"
    },
    {
      "item": "spectrum:blue_pigment"
    },
    {
      "item": "spectrum:moonstruck_nectar"
    },
    {
      "item": "spectrum:sparklestone_gem"
    },
    {
      "item": "spectrum:blue_pigment"
    },
    {
      "item": "spectrum:blue_pigment"
    },
    {
      "item": "spectrum:moonstruck_nectar"
    },
    {
      "item": "spectrum:sparklestone_gem"
    }
  ],
  "result": {
    "item": "minecraft:enchanted_book",
    "nbt": "{StoredEnchantments: [{id: \"spectrum:steadfast\", lvl: 1s}]}"
  },
  "required_advancement": "spectrum:progression/enchantments/steadfast",
  "fabric:load_conditions": [
    {
      "condition": "spectrum:enchantments_exist",
      "values": [
        "spectrum:steadfast"
      ]
    }
  ]
}