{
  "type": "spectrum:enchanter",
  "time": 300,
  "required_experience": 100,
  "ingredients": [
    {
      "item": "minecraft:book"
    },
    {
      "item": "spectrum:orange_pigment"
    },
    {
      "item": "spectrum:orange_pigment"
    },
    {
      "item": "minecraft:lava_bucket"
    },
    {
      "item": "spectrum:scarlet_gem"
    },
    {
      "item": "spectrum:orange_pigment"
    },
    {
      "item": "spectrum:orange_pigment"
    },
    {
      "item": "minecraft:lava_bucket"
    },
    {
      "item": "spectrum:scarlet_gem"
    }
  ],
  "result": {
    "item": "minecraft:enchanted_book",
    "nbt": "{StoredEnchantments: [{id: \"spectrum:autosmelt\", lvl: 1s}]}"
  },
  "required_advancement": "spectrum:progression/enchantments/autosmelt",
  "fabric:load_conditions": [
    {
      "condition": "spectrum:enchantments_exist",
      "values": [
        "spectrum:autosmelt"
      ]
    }
  ]
}