{
  "type": "spectrum:enchanter",
  "time": 300,
  "required_experience": 100,
  "ingredients": [
    {
      "item": "minecraft:book"
    },
    {
      "item": "spectrum:black_pigment"
    },
    {
      "item": "spectrum:black_pigment"
    },
    {
      "item": "minecraft:chorus_flower"
    },
    {
      "item": "minecraft:ender_pearl"
    },
    {
      "item": "spectrum:black_pigment"
    },
    {
      "item": "spectrum:black_pigment"
    },
    {
      "item": "minecraft:chorus_flower"
    },
    {
      "item": "minecraft:ender_pearl"
    }
  ],
  "result": {
    "item": "minecraft:enchanted_book",
    "nbt": "{StoredEnchantments: [{id: \"spectrum:voiding\", lvl: 1s}]}"
  },
  "required_advancement": "spectrum:progression/enchantments/voiding",
  "fabric:load_conditions": [
    {
      "condition": "spectrum:enchantments_exist",
      "values": [
        "spectrum:voiding"
      ]
    }
  ]
}