{
  "type": "spectrum:enchanter",
  "time": 300,
  "required_experience": 100,
  "ingredients": [
    {
      "item": "minecraft:book"
    },
    {
      "item": "spectrum:light_blue_pigment"
    },
    {
      "item": "spectrum:light_blue_pigment"
    },
    {
      "item": "spectrum:lightning_stone"
    },
    {
      "item": "minecraft:flint"
    },
    {
      "item": "spectrum:light_blue_pigment"
    },
    {
      "item": "spectrum:light_blue_pigment"
    },
    {
      "item": "spectrum:lightning_stone"
    },
    {
      "item": "minecraft:flint"
    }
  ],
  "result": {
    "item": "minecraft:enchanted_book",
    "nbt": "{StoredEnchantments: [{id: \"spectrum:treasure_hunter\", lvl: 1s}]}"
  },
  "required_advancement": "spectrum:progression/enchantments/treasure_hunter",
  "fabric:load_conditions": [
    {
      "condition": "spectrum:enchantments_exist",
      "values": [
        "spectrum:treasure_hunter"
      ]
    }
  ]
}