{
  "type": "spectrum:enchanter",
  "time": 300,
  "required_experience": 100,
  "ingredients": [
    {
      "item": "minecraft:book"
    },
    {
      "item": "spectrum:light_blue_pigment"
    },
    {
      "item": "spectrum:light_blue_pigment"
    },
    {
      "item": "minecraft:gold_ingot"
    },
    {
      "item": "spectrum:four_leaf_clover"
    },
    {
      "item": "spectrum:light_blue_pigment"
    },
    {
      "item": "spectrum:light_blue_pigment"
    },
    {
      "item": "minecraft:gold_ingot"
    },
    {
      "item": "spectrum:four_leaf_clover"
    }
  ],
  "result": {
    "item": "minecraft:enchanted_book",
    "nbt": "{StoredEnchantments: [{id: \"spectrum:clovers_favor\", lvl: 1s}]}"
  },
  "required_advancement": "spectrum:progression/enchantments/clovers_favor",
  "fabric:load_conditions": [
    {
      "condition": "spectrum:enchantments_exist",
      "values": [
        "spectrum:clovers_favor"
      ]
    }
  ]
}