{
  "type": "spectrum:enchanter",
  "time": 300,
  "required_experience": 100,
  "ingredients": [
    {
      "item": "minecraft:book"
    },
    {
      "item": "spectrum:black_pigment"
    },
    {
      "item": "spectrum:black_pigment"
    },
    {
      "item": "minecraft:iron_ingot"
    },
    {
      "item": "minecraft:flint"
    },
    {
      "item": "spectrum:black_pigment"
    },
    {
      "item": "spectrum:black_pigment"
    },
    {
      "item": "minecraft:iron_ingot"
    },
    {
      "item": "minecraft:flint"
    }
  ],
  "result": {
    "item": "minecraft:enchanted_book",
    "nbt": "{StoredEnchantments: [{id: \"spectrum:improved_critical\", lvl: 1s}]}"
  },
  "required_advancement": "spectrum:progression/enchantments/improved_critical",
  "fabric:load_conditions": [
    {
      "condition": "spectrum:enchantments_exist",
      "values": [
        "spectrum:improved_critical"
      ]
    }
  ]
}