{
  "type": "spectrum:enchanter",
  "time": 300,
  "required_experience": 100,
  "ingredients": [
    {
      "item": "minecraft:book"
    },
    {
      "item": "spectrum:light_gray_pigment"
    },
    {
      "item": "spectrum:light_gray_pigment"
    },
    {
      "item": "minecraft:soul_sand"
    },
    {
      "item": "spectrum:lightning_stone"
    },
    {
      "item": "spectrum:light_gray_pigment"
    },
    {
      "item": "spectrum:light_gray_pigment"
    },
    {
      "item": "minecraft:soul_sand"
    },
    {
      "item": "spectrum:lightning_stone"
    }
  ],
  "result": {
    "item": "minecraft:enchanted_book",
    "nbt": "{StoredEnchantments: [{id: \"spectrum:pest_control\", lvl: 1s}]}"
  },
  "required_advancement": "spectrum:progression/enchantments/pest_control",
  "fabric:load_conditions": [
    {
      "condition": "spectrum:enchantments_exist",
      "values": [
        "spectrum:pest_control"
      ]
    }
  ]
}