{
  "type": "spectrum:enchanter",
  "time": 300,
  "required_experience": 100,
  "ingredients": [
    {
      "item": "minecraft:book"
    },
    {
      "item": "spectrum:blue_pigment"
    },
    {
      "item": "spectrum:blue_pigment"
    },
    {
      "item": "minecraft:ender_pearl"
    },
    {
      "item": "minecraft:glowstone_dust"
    },
    {
      "item": "spectrum:blue_pigment"
    },
    {
      "item": "spectrum:blue_pigment"
    },
    {
      "item": "minecraft:ender_pearl"
    },
    {
      "item": "minecraft:glowstone_dust"
    }
  ],
  "result": {
    "item": "minecraft:enchanted_book",
    "nbt": "{StoredEnchantments: [{id: \"spectrum:inventory_insertion\", lvl: 1s}]}"
  },
  "required_advancement": "spectrum:progression/enchantments/inventory_insertion",
  "fabric:load_conditions": [
    {
      "condition": "spectrum:enchantments_exist",
      "values": [
        "spectrum:inventory_insertion"
      ]
    }
  ]
}