{
  "type": "spectrum:enchanter",
  "time": 300,
  "required_experience": 100,
  "ingredients": [
    {
      "item": "minecraft:book"
    },
    {
      "item": "spectrum:pink_pigment"
    },
    {
      "item": "spectrum:pink_pigment"
    },
    {
      "item": "minecraft:flint"
    },
    {
      "item": "minecraft:ghast_tear"
    },
    {
      "item": "spectrum:pink_pigment"
    },
    {
      "item": "spectrum:pink_pigment"
    },
    {
      "item": "minecraft:flint"
    },
    {
      "item": "minecraft:ghast_tear"
    }
  ],
  "result": {
    "item": "minecraft:enchanted_book",
    "nbt": "{StoredEnchantments: [{id: \"spectrum:first_strike\", lvl: 1s}]}"
  },
  "required_advancement": "spectrum:progression/enchantments/first_strike",
  "fabric:load_conditions": [
    {
      "condition": "spectrum:enchantments_exist",
      "values": [
        "spectrum:first_strike"
      ]
    }
  ]
}