{
  "type": "spectrum:enchanter",
  "time": 300,
  "required_experience": 100,
  "ingredients": [
    {
      "item": "minecraft:book"
    },
    {
      "item": "spectrum:yellow_pigment"
    },
    {
      "item": "spectrum:yellow_pigment"
    },
    {
      "item": "minecraft:string"
    },
    {
      "item": "spectrum:neolith"
    },
    {
      "item": "spectrum:yellow_pigment"
    },
    {
      "item": "spectrum:yellow_pigment"
    },
    {
      "item": "minecraft:string"
    },
    {
      "item": "spectrum:neolith"
    }
  ],
  "result": {
    "item": "minecraft:enchanted_book",
    "nbt": "{StoredEnchantments: [{id: \"spectrum:tight_grip\", lvl: 1s}]}"
  },
  "required_advancement": "spectrum:progression/enchantments/tight_grip",
  "fabric:load_conditions": [
    {
      "condition": "spectrum:enchantments_exist",
      "values": [
        "spectrum:tight_grip"
      ]
    }
  ]
}