{
  "type": "spectrum:enchanter",
  "time": 300,
  "required_experience": 1000,
  "ingredients": [
    {
      "item": "minecraft:book"
    },
    {
      "item": "spectrum:moonstruck_nectar"
    },
    {
      "item": "spectrum:moonstruck_nectar"
    },
    {
      "item": "spectrum:moonstone_shard"
    },
    {
      "item": "spectrum:bedrock_dust"
    },
    {
      "item": "spectrum:moonstruck_nectar"
    },
    {
      "item": "spectrum:moonstruck_nectar"
    },
    {
      "item": "spectrum:moonstone_shard"
    },
    {
      "item": "spectrum:bedrock_dust"
    }
  ],
  "result": {
    "item": "minecraft:enchanted_book",
    "nbt": "{StoredEnchantments: [{id: \"spectrum:indestructible\", lvl: 1s}]}"
  },
  "required_advancement": "spectrum:progression/enchantments/indestructible",
  "fabric:load_conditions": [
    {
      "condition": "spectrum:enchantments_exist",
      "values": [
        "spectrum:indestructible"
      ]
    }
  ]
}