{
  "name":"test",
  "authors":[
    "xiaxin"
  ],
  "tags":[
    "overworld"
  ],
  "pre_tick":200,
  "win_tick":400,
  "loss_tick":100,
  "bar_color":"red",
  "sounds":{
    "pre_sound":"entity.creeper.hurt",
    "wave_sound":"entity.creeper.hurt",
    "win_sound":"entity.creeper.hurt",
    "loss_sound":"entity.creeper.hurt"
  },
  "placement":{
    "outer":{
      "min":20,
      "max":40,
      "ground": true
    }
  },
  "waves":[
    {
      "spawns":[
        {
          "entity_type":"soulsweapons:returning_knight",
          "spawn_tick":200,
          "ground":true,
          "spawn_amount":{
            "count":2
          },
          "placement":{
            "outer":{
              "radius":40,
              "ground":true
            }
          }
        },
        {
          "entity_type":"minecraft:wither",
          "spawn_tick":100,
          "spawn_amount":{
            "count":4
          }
        }
      ],
      "duration":10000
    },
    {
      "spawns":[
        {
          "entity_type":"skeleton",
          "spawn_tick":10,
          "spawn_amount":{
            "count":5
          },
          "placement":{
            "center":{
              "radius":5,
              "ground":true
            }
          }
        },
        {
          "entity_type":"spider",
          "spawn_tick":500,
          "spawn_amount":{
            "count":1
          }
        }
      ],
      "duration":1000
    }
  ],
  "rewards":{
    "advancements":{
      "experience":10000
    }
  }
}