{
  "criteria": {
    "requirement": {
      "trigger": "minecraft:player_hurt_entity",
      "conditions": {
        "player": [],
        "damage": {
          "type": {
            "is_projectile": true,
            "direct_entity": {
              "type": "#minecraft:arrows",
              "nbt": "{Tags:[\"dnl.item.projectile\",\"dnl.ancient_bow.yellow_arrow\"]}"
            }
          }
        },
        "entity": []
      }
    }
  },
  "rewards": {
    "function": "dnl:items/ancient_bow/shot_entity/yellow/hit"
  }
}
