{
  "attributes": {
    "attack_range": 2.65,
    "category": "axe",
    "attacks": [
      {
        "hitbox": "HORIZONTAL_PLANE",
        "damage_multiplier": 1.0,
        "angle": 100,
        "upswing": 0.5,
        "animation": "bettercombat:one_handed_slash_horizontal_right",
        "swing_sound": {
          "id": "bettercombat:axe_slash"
        }
      },
      {
        "hitbox": "HORIZONTAL_PLANE",
        "conditions": [NOT_DUAL_WIELDING],
        "damage_multiplier": 1.0,
        "angle": 100,
        "upswing": 0.5,
        "animation": "bettercombat:one_handed_slash_horizontal_left",
        "swing_sound": {
          "id": "bettercombat:axe_slash"
        }
      },
      {
        "hitbox": "HORIZONTAL_PLANE",
        "conditions": ["DUAL_WIELDING_SAME_CATEGORY","MAIN_HAND_ONLY"],
        "damage_multiplier": 1.1,
        "angle": 100,
        "upswing": 0.5,
        "animation": "bettercombat:one_handed_slash_downcut_left",
        "swing_sound": {
          "id": "bettercombat:axe_slash"
        }
      },
      {
        "hitbox": "HORIZONTAL_PLANE",
        "conditions": [NOT_DUAL_WIELDING],
        "damage_multiplier": 1.2,
        "angle": 360,
        "upswing": 0.5,
        "animation": "bettercombat:two_handed_spin",
        "swing_sound": {
          "id": "bettercombat:axe_slash"
        }
      },
      {
        "conditions": ["DUAL_WIELDING_SAME_CATEGORY","OFF_HAND_ONLY"],
        "hitbox": "HORIZONTAL_PLANE",
        "damage_multiplier": 2.0,
        "angle": 360,
        "upswing": 0.5,
        "animation": "bettercombat:dual_handed_downspin",
        "swing_sound": {
          "id": "bettercombat:mace_slash",
          "pitch": 1.3
        }
      }
    ]
  }
}