{
  "attributes": {
    "attack_range": 3.5,
    "two_handed": true,
    "pose": "bettercombat:pose_greatsword",
    "category": "bastard",
    "attacks": [
      {
        "hitbox": "HORIZONTAL_PLANE",
        "damage_multiplier": 1.2,
        "angle": 150,
        "upswing": 0.5,
        "animation": "bettercombat:two_handed_slash_downcut_right",
        "swing_sound": {
          "id": "bettercombat:claymore_swing"
        }
      },
      {
        "hitbox": "FORWARD_BOX",
        "damage_multiplier": 1.6,
        "angle": 0,
        "upswing": 0.5,
        "animation": "bettercombat:two_handed_slam",
        "swing_sound": {
          "id": "bettercombat:claymore_slam",
          "randomness": 0
        }
      }
    ]
  }
}