{
  "attributes": {
    "attack_range": 2.7,
    "category": "blade",
    "attacks": [
      {
        "conditions": [MAIN_HAND_ONLY],
        "hitbox": "FORWARD_BOX",
        "damage_multiplier": 0.9,
        "angle": 0,
        "upswing": 0.5,
        "animation": "bettercombat:one_handed_stab",
        "swing_sound": {
          "id": "bettercombat:katana_slash"
        }
      },
      {
        "conditions": ["DUAL_WIELDING_SAME_CATEGORY","OFF_HAND_ONLY"],
        "hitbox": "HORIZONTAL_PLANE",
        "damage_multiplier": 1.4,
        "angle": 360,
        "upswing": 0.5,
        "animation": "bettercombat:dual_handed_spin2",
        "swing_sound": {
          "id": "bettercombat:axe_slash"
        }
      },
      {
        "conditions": ["DUAL_WIELDING_SAME_CATEGORY","MAIN_HAND_ONLY"],
        "hitbox": "HORIZONTAL_PLANE",
        "damage_multiplier": 1.4,
        "angle": 360,
        "upswing": 0.5,
        "animation": "bettercombat:dual_handed_slash_uncross",
        "swing_sound": {
          "id": "bettercombat:axe_slash"
        }
      },
      {
        "conditions": [NO_OFFHAND_ITEM],
        "hitbox": "HORIZONTAL_PLANE",
        "damage_multiplier": 1.2,
        "angle": 120,
        "upswing": 0.5,
        "animation": "bettercombat:one_handed_uppercut_right",
        "swing_sound": {
          "id": "bettercombat:sickle_slash"
        }
      },
      {
        "conditions": [NO_OFFHAND_ITEM],
        "hitbox": "HORIZONTAL_PLANE",
        "damage_multiplier": 1.2,
        "angle": 120,
        "upswing": 0.5,
        "animation": "bettercombat:one_handed_slash_downcut_left",
        "swing_sound": {
          "id": "bettercombat:sickle_slash"
        }
      },
      {
        "conditions": [OFF_HAND_ONLY],
        "hitbox": "FORWARD_BOX",
        "damage_multiplier": 1.5,
        "angle": 0,
        "upswing": 0.5,
        "animation": "bettercombat:one_handed_stab",
        "swing_sound": {
          "id": "bettercombat:katana_slash"
        }
      }
    ]
  }
}