{
  "attributes": {
    "attack_range": 2.3,
    "category": "claw",
    "attacks": [
      {
        "hitbox": "FORWARD_BOX",
        "upswing": 0.5,
        "animation": "bettercombat:one_handed_punch",
        "swing_sound": {
          "id": "bettercombat:fist_punch"
        }
      },
      {
        "conditions": [MAIN_HAND_ONLY],
        "hitbox": "FORWARD_BOX",
        "upswing": 0.5,
        "animation": "bettercombat:one_handed_punch",
        "swing_sound": {
          "id": "bettercombat:fist_punch"
        }
      },
      {
        "hitbox": "HORIZONTAL_PLANE",
        "damage_multiplier": 1.1,
        "angle": 120,
        "upswing": 0.5,
        "animation": "bettercombat:one_handed_swipe_horizontal_right",
        "swing_sound": {
          "id": "bettercombat:sword_slash"
        }
      },
      {
        "conditions": ["DUAL_WIELDING_SAME_CATEGORY", "OFF_HAND_ONLY"],
        "hitbox": "HORIZONTAL_PLANE",
        "damage_multiplier": 1.65,
        "angle": 120,
        "upswing": 0.5,
        "animation": "bettercombat:dual_handed_swipe_cross",
        "swing_sound": {
          "id": "bettercombat:sword_slash"
        }
      }
    ]
  }
}