{
  "attributes": {
    "attack_range": 2.5,
    "category": "cutlass",
    "attacks": [
      {
        "hitbox": "HORIZONTAL_PLANE",
        "damage_multiplier": 1,
        "angle": 120,
        "upswing": 0.5,
        "animation": "bettercombat:one_handed_slash_horizontal_right",
        "swing_sound": {
          "id": "bettercombat:katana_slash"
        }
      },
      {
        "conditions": [MAIN_HAND_ONLY],
        "hitbox": "HORIZONTAL_PLANE",
        "damage_multiplier": 1,
        "angle": 120,
        "upswing": 0.5,
        "animation": "bettercombat:one_handed_slash_horizontal_left",
        "swing_sound": {
          "id": "bettercombat:sickle_slash"
        }
      },
      {
        "conditions": ["DUAL_WIELDING_SAME_CATEGORY", "OFF_HAND_ONLY"],
        "hitbox": "HORIZONTAL_PLANE",
        "damage_multiplier": 1.65,
        "angle": 140,
        "upswing": 0.5,
        "animation": "bettercombat:dual_handed_slash_cross",
        "swing_sound": {
          "id": "bettercombat:glaive_slash_slow",
          "pitch": 1.3
        }
      },
      {
        "conditions": ["DUAL_WIELDING_SAME_CATEGORY", "MAIN_HAND_ONLY"],
        "hitbox": "HORIZONTAL_PLANE",
        "damage_multiplier": 1.5,
        "angle": 140,
        "upswing": 0.5,
        "animation": "bettercombat:dual_handed_slash_uncross",
        "swing_sound": {
          "id": "bettercombat:glaive_slash_slow",
          "pitch": 1.3
        }
      },
      {
        "conditions": ["DUAL_WIELDING_SAME_CATEGORY", "OFF_HAND_ONLY"],
        "hitbox": "VERTICAL_PLANE",
        "damage_multiplier": 2.0,
        "angle": 140,
        "upswing": 0.5,
        "animation": "bettercombat:dual_handed_slam",
        "swing_sound": {
          "id": "bettercombat:glaive_slash_slow",
          "pitch": 1.3
        }
      }
    ]
  }
}