{
  "attributes": {
    "attack_range": 2.5,
    "two_handed": false,
    "pose": "bettercombat:pose_dual_handed_backwards_daggers",
    "category": "dagger",
    "attacks": [
      {
        "hitbox": "HORIZONTAL_PLANE",
        "damage_multiplier": 1.2,
        "angle": 150,
        "upswing": 0.5,
        "animation": "bettercombat:one_handed_slash_horizontal_right",
        "swing_sound": {
          "id": "bettercombat:dagger_slash"
        }
      },
      {
        "hitbox": "HORIZONTAL_PLANE",
        "damage_multiplier": 1.2,
        "angle": 150,
        "upswing": 0.5,
        "animation": "bettercombat:one_handed_slash_horizontal_left",
        "swing_sound": {
          "id": "bettercombat:dagger_slash"
        }
      }
    ]
  }
}