{
  "attributes": {
    "attack_range": 2.6,
    "pose": "bettercombat:pose_two_handed_polearm",
    "two_handed": true,
    "category": "double_blade",
    "attacks": [
      {
        "hitbox": "HORIZONTAL_PLANE",
        "damage_multiplier": 1.1,
        "angle": 120,
        "upswing": 0.5,
        "animation": "bettercombat:one_handed_slash_horizontal_right",
        "swing_sound": {
          "id": "bettercombat:katana_slash"
        }
      },
      {
        "hitbox": "HORIZONTAL_PLANE",
        "damage_multiplier": 1.2,
        "angle": 120,
        "upswing": 0.5,
        "animation": "bettercombat:one_handed_slash_switch_blade_left",
        "swing_sound": {
          "id": "bettercombat:sickle_slash"
        }
      }
    ]
  }
}