{
  "attributes": {
    "attack_range": 2.3,
    "category": "fist",
    "attacks": [
      {
        "hitbox": "FORWARD_BOX",
        "upswing": 0.5,
        "animation": "bettercombat:one_handed_punch",
        "swing_sound": {
          "id": "bettercombat:fist_punch"
        }
      },
      {
        "hitbox": "FORWARD_BOX",
        "upswing": 0.5,
        "animation": "bettercombat:one_handed_punch",
        "swing_sound": {
          "id": "bettercombat:fist_punch"
        }
      },
      {
        "hitbox": "FORWARD_BOX",
        "damage_multiplier": 1.2,
        "angle": 0,
        "upswing": 0.5,
        "animation": "bettercombat:one_handed_super_punch",
        "swing_sound": {
          "id": "bettercombat:fist_punch"
        }
      },
      {
       "conditions": [MAIN_HAND_ONLY],
        "hitbox": "FORWARD_BOX",
        "damage_multiplier": 1.5,
        "angle": 0,
        "upswing": 0.5,
        "animation": "bettercombat:one_handed_super_punch",
        "swing_sound": {
          "id": "bettercombat:fist_punch"
        }
      }
    ]
  }
}