{
  "attributes": {
    "attack_range": 2.6,
    "category": "gladius",
    "attacks": [
      {
        "hitbox": "FORWARD_BOX",
        "conditions": [MAIN_HAND_ONLY],
        "damage_multiplier": 0.8,
        "angle": 0,
        "upswing": 0.5,
        "animation": "bettercombat:one_handed_stab",
        "swing_sound": {
          "id": "bettercombat:sickle_slash",
          "pitch": 1.2
        }
      },
      {
        "hitbox": "VERTICAL_PLANE",
        "conditions": [OFF_HAND_ONLY],
        "damage_multiplier": 1.1,
        "angle": 100,
        "upswing": 0.5,
        "animation": "bettercombat:one_handed_slash_downcut_right",
        "swing_sound": {
          "id": "bettercombat:sword_slash"
        }
      },
      {
        "hitbox": "HORIZONTAL_PLANE",
        "conditions": [MAIN_HAND_ONLY],
        "damage_multiplier": 0.8,
        "angle": 120,
        "upswing": 0.5,
        "animation": "bettercombat:one_handed_slash_horizontal_right",
        "swing_sound": {
          "id": "bettercombat:katana_slash"
        }
      },
      {
        "hitbox": "HORIZONTAL_PLANE",
        "conditions": ["DUAL_WIELDING_SAME_CATEGORY", "OFF_HAND_ONLY"],
        "damage_multiplier": 1.55,
        "angle": 360,
        "upswing": 0.5,
        "animation": "bettercombat:dual_handed_spin",
        "swing_sound": {
          "id": "bettercombat:sickle_slash",
          "pitch": 0.8
        }
      }
    ]
  }
}