{
  "attributes": {
    "attack_range": 2.9,
    "pose": "bettercombat:pose_two_handed_katana",
    "two_handed": true,
    "category": "katana",
    "attacks": [
      {
        "hitbox": "HORIZONTAL_PLANE",
        "damage_multiplier": 1.1,
        "angle": 130,
        "upswing": 0.5,
        "animation": "bettercombat:two_handed_slash_horizontal_right",
        "swing_sound": {
          "id": "bettercombat:katana_slash"
        }
      },
      {
        "hitbox": "HORIZONTAL_PLANE",
        "damage_multiplier": 1.2,
        "angle": 130,
        "upswing": 0.5,
        "animation": "bettercombat:two_handed_slash_horizontal_left",
        "swing_sound": {
          "id": "bettercombat:katana_slash"
        }
      },
      {
        "hitbox": "VERTICAL_PLANE",
        "damage_multiplier": 1.4,
        "angle": 100,
        "upswing": 0.55,
        "animation": "bettercombat:two_handed_slash_draw",
        "swing_sound": {
          "id": "bettercombat:katana_slash",
          "pitch": 0.6
        }
      },
      {
        "hitbox": "VERTICAL_PLANE",
        "damage_multiplier": 1.6,
        "angle": 120,
        "upswing": 0.52,
        "animation": "bettercombat:two_handed_slash_downcut_right",
        "swing_sound": {
          "id": "bettercombat:katana_slash",
          "pitch": 0.6
        }
      }
    ]
  }
}