{
  "attributes": {
    "attack_range": 2.6,
    "category": "knife",
    "attacks": [
      {
        "hitbox": "HORIZONTAL_PLANE",
        "damage_multiplier": 1,
        "angle": 120,
        "upswing": 0.5,
        "animation": "bettercombat:one_handed_slash_horizontal_right",
        "swing_sound": {
          "id": "bettercombat:sickle_slash"
        }
      },
      {
        "hitbox": "HORIZONTAL_PLANE",
        "damage_multiplier": 1,
        "angle": 120,
        "upswing": 0.5,
        "animation": "bettercombat:one_handed_slash_horizontal_left",
        "swing_sound": {
          "id": "bettercombat:sickle_slash"
        }
      },
      {
        "hitbox": "HORIZONTAL_PLANE",
        "damage_multiplier": 1.4,
        "angle": 150,
        "upswing": 0.5,
        "animation": "bettercombat:one_handed_slash_horizontal_right",
        "swing_sound": {
          "id": "bettercombat:sickle_slash"
        }
      }
    ]
  }
}