{
  "attributes": {
    "attack_range": 3.0,
    "two_handed": true,
    "pose": "bettercombat:pose_two_handed_sword",
    "category": "longsword",
    "attacks": [
      {
        "hitbox": "HORIZONTAL_PLANE",
        "damage_multiplier": 1,
        "angle": 150,
        "upswing": 0.5,
        "animation": "bettercombat:two_handed_slash_horizontal_right",
        "swing_sound": {
          "id": "bettercombat:claymore_swing",
          "pitch": 1.5
        }
      },
      {
        "hitbox": "HORIZONTAL_PLANE",
        "damage_multiplier": 1.1,
        "angle": 150,
        "upswing": 0.5,
        "animation": "bettercombat:two_handed_slash_horizontal_left",
        "swing_sound": {
          "id": "bettercombat:claymore_swing",
          "pitch": 1.5
        }
      },
      {
        "hitbox": "FORWARD_BOX",
        "damage_multiplier": 1.2,
        "angle": 0,
        "upswing": 0.5,
        "animation": "bettercombat:two_handed_stab_right",
        "swing_sound": {
          "id": "bettercombat:claymore_stab",
          "pitch": 1.6
        }
      }
    ]
  }
}
