{
  "attributes": {
    "attack_range": 2.6,
    "category": "mace",
    "attacks": [
      {
        "hitbox": "HORIZONTAL_PLANE",
        "damage_multiplier": 0.8,
        "angle": 150,
        "upswing": 0.5,
        "animation": "bettercombat:one_handed_slash_horizontal_right",
        "swing_sound": {
          "id": "bettercombat:mace_slash"
        }
      },
      {
        "conditions": [MAIN_HAND_ONLY],
        "hitbox": "HORIZONTAL_PLANE",
        "damage_multiplier": 0.8,
        "angle": 150,
        "upswing": 0.5,
        "animation": "bettercombat:one_handed_slash_horizontal_left",
        "swing_sound": {
          "id": "bettercombat:mace_slash"
        }
      },
      {
        "conditions": [OFF_HAND_ONLY],
        "hitbox": "VERTICAL_PLANE",
        "damage_multiplier": 1.5,
        "angle": 90,
        "upswing": 0.5,
        "animation": "bettercombat:one_handed_uppercut_right",
        "swing_sound": {
          "id": "bettercombat:mace_slash",
          "pitch": 0.9
        }
      },
      {
        "conditions": [MAIN_HAND_ONLY],
        "hitbox": "VERTICAL_PLANE",
        "damage_multiplier": 1.6,
        "angle": 90,
        "upswing": 0.5,
        "animation": "bettercombat:one_handed_slam",
        "swing_sound": {
          "id": "bettercombat:mace_slam"
        }
      },
      {
        "conditions": [OFF_HAND_ONLY],
        "hitbox": "VERTICAL_PLANE",
        "damage_multiplier": 1.7,
        "angle": 90,
        "upswing": 0.5,
        "animation": "bettercombat:one_handed_slash_downcut_right",
        "swing_sound": {
          "id": "bettercombat:mace_slash",
          "pitch": 1.4
        }
      }
    ]
  }
}