{
  "attributes": {
    "attack_range": 3.5,
    "pose": "bettercombat:pose_two_handed_polearm",
    "two_handed": true,
    "category": "spear",
    "attacks": [
      {
        "hitbox": "FORWARD_BOX",
        "damage_multiplier": 1,
        "angle": 0,
        "upswing": 0.5,
        "animation": "bettercombat:one_handed_stab_mounted",
        "swing_sound": {
          "id": "bettercombat:spear_stab"
        }
      },
      {
        "hitbox": "FORWARD_BOX",
        "damage_multiplier": 1.1,
        "angle": 0,
        "upswing": 0.5,
        "animation": "bettercombat:one_handed_stab",
        "swing_sound": {
          "id": "bettercombat:spear_stab"
        }
      },
      {
        "hitbox": "FORWARD_BOX",
        "damage_multiplier": 1.3,
        "angle": 0,
        "upswing": 0.5,
        "animation": "bettercombat:two_handed_spear_stab_right",
        "swing_sound": {
          "id": "bettercombat:spear_stab"
        }
      }
    ]
  }
}