{
  "attributes": {
    "attack_range": 2.5,
    "category": "striker",
    "attacks": [
      {
        "hitbox": "HORIZONTAL_PLANE",
        "damage_multiplier": 0.9,
        "angle": 120,
        "upswing": 0.5,
        "animation": "bettercombat:one_handed_strike_left",
        "swing_sound": {
          "id": "bettercombat:sickle_slash"
        }
      },
      {
        "hitbox": "FORWARD_BOX",
        "conditions": [MAIN_HAND_ONLY],
        "damage_multiplier": 0.8,
        "angle": 0,
        "upswing": 0.5,
        "animation": "bettercombat:one_handed_strike_down",
        "swing_sound": {
          "id": "bettercombat:sickle_slash"
        }
      },
      {
        "hitbox": "FORWARD_BOX",
        "conditions": [OFF_HAND_ONLY],
        "damage_multiplier": 1.2,
        "angle": 0,
        "upswing": 0.5,
        "animation": "bettercombat:one_handed_stab",
        "swing_sound": {
          "id": "bettercombat:sickle_slash"
        }
      },
      {
        "hitbox": "FORWARD_BOX",
        "conditions": [MAIN_HAND_ONLY],
        "damage_multiplier": 1.0,
        "angle": 0,
        "upswing": 0.5,
        "animation": "bettercombat:one_handed_strike",
        "swing_sound": {
          "id": "bettercombat:katana_slash",
          "pitch": 1.2
        }
      },
      {
        "hitbox": "FORWARD_BOX",
        "conditions": ["DUAL_WIELDING_SAME_CATEGORY", "OFF_HAND_ONLY"],
        "damage_multiplier": 1.95,
        "angle": 0,
        "upswing": 0.5,
        "animation": "bettercombat:dual_handed_strike_cross",
        "swing_sound": {
          "id": "bettercombat:katana_slash",
          "pitch": 0.8
        }
      }
    ]
  }
}