{
  "attributes": {
    "attack_range": 2.7,
    "category": "sword",
    "attacks": [
      {
        "hitbox": "HORIZONTAL_PLANE",
        "damage_multiplier": 1,
        "angle": 120,
        "upswing": 0.5,
        "animation": "bettercombat:one_handed_slash_horizontal_right",
        "swing_sound": {
          "id": "bettercombat:sword_slash"
        }
      },
      {
        "hitbox": "HORIZONTAL_PLANE",
        "conditions": [NO_OFFHAND_ITEM],
        "damage_multiplier": 1,
        "angle": 120,
        "upswing": 0.5,
        "animation": "bettercombat:one_handed_slash_horizontal_left",
        "swing_sound": {
          "id": "bettercombat:sword_slash"
        }
      },
      {
        "hitbox": "FORWARD_BOX",
        "conditions": [NOT_DUAL_WIELDING],
        "damage_multiplier": 1.3,
        "angle": 0,
        "upswing": 0.5,
        "animation": "bettercombat:one_handed_stab",
        "swing_sound": {
          "id": "bettercombat:sword_slash",
          "pitch": 1.2
        }
      },
      {
        "hitbox": "HORIZONTAL_PLANE",
        "conditions": ["DUAL_WIELDING_SAME_CATEGORY", "MAIN_HAND_ONLY"],
        "damage_multiplier": 1.4,
        "angle": 150,
        "upswing": 0.5,
        "animation": "bettercombat:dual_handed_slash_uncross",
        "swing_sound": {
          "id": "bettercombat:sword_slash",
          "pitch": 0.8
        }
      },
      {
        "hitbox": "HORIZONTAL_PLANE",
        "conditions": ["DUAL_WIELDING_SAME_CATEGORY", "OFF_HAND_ONLY"],
        "damage_multiplier": 2.0,
        "angle": 150,
        "upswing": 0.5,
        "animation": "bettercombat:dual_handed_slam",
        "swing_sound": {
          "id": "bettercombat:sword_slash",
          "pitch": 0.8
        }
      }
    ]
  }
}