{
  "attributes": {
    "attack_range": 4.0,
    "category": "tomahawk",
    "attacks": [
      {
        "hitbox": "VERTICAL_PLANE",
        "damage_multiplier": 1.2,
        "angle": 50,
        "upswing": 0.85,
        "animation": "bettercombat:one_handed_throw",
        "swing_sound": {
          "id": "bettercombat:axe_slash"
        }
      },
      {
        "conditions": ["DUAL_WIELDING_SAME_CATEGORY","MAIN_HAND_ONLY"],
        "hitbox": "HORIZONTAL_PLANE",
        "damage_multiplier": 1.5,
        "angle": 360,
        "upswing": 0.5,
        "animation": "bettercombat:dual_handed_downspin",
        "swing_sound": {
          "id": "bettercombat:axe_slash"
        }
      },
      {
        "conditions": ["DUAL_WIELDING_SAME_CATEGORY","OFF_HAND_ONLY"],
        "hitbox": "VERTICAL_PLANE",
        "damage_multiplier": 2.25,
        "angle": 90,
        "upswing": 0.5,
        "animation": "bettercombat:dual_handed_slam",
        "swing_sound": {
          "id": "bettercombat:axe_slash"
        }
      }
    ]
  }
}