{
  "attributes": {
    "attack_range": 3.0,
    "category": "war_axe",
    "attacks": [
      {
        "hitbox": "HORIZONTAL_PLANE",
        "damage_multiplier": 1.0,
        "angle": 60,
        "upswing": 0.5,
        "animation": "bettercombat:one_handed_slash_downcut_left",
        "swing_sound": {
          "id": "bettercombat:axe_slash"
        }
      },
      {
        "conditions": [NOT_DUAL_WIELDING],
        "hitbox": "HORIZONTAL_PLANE",
        "damage_multiplier": 1.1,
        "angle": 60,
        "upswing": 0.5,
        "animation": "bettercombat:one_handed_slash_downcut_right",
        "swing_sound": {
          "id": "bettercombat:axe_slash"
        }
      },
      {
        "conditions": ["DUAL_WIELDING_SAME_CATEGORYE","MAIN_HAND_ONLY"],
        "hitbox": "HORIZONTAL_PLANE",
        "damage_multiplier": 1.3,
        "angle": 360,
        "upswing": 0.5,
        "animation": "bettercombat:dual_handed_downspin",
        "swing_sound": {
          "id": "bettercombat:axe_slash"
        }
      },
      {
        "conditions": ["DUAL_WIELDING_SAME_CATEGORY","OFF_HAND_ONLY"],
        "hitbox": "VERTICAL_PLANE",
        "damage_multiplier": 2.0,
        "angle": 100,
        "upswing": 0.5,
        "animation": "bettercombat:dual_handed_slam",
        "swing_sound": {
          "id": "bettercombat:axe_slash"
        }
      }
    ]
  }
}