{
  "attributes": {
    "attack_range": 4.0,
    "two_handed": true,
    "category": "whip",
    "attacks": [
      {
        "hitbox": "FORWARD_BOX",
        "damage_multiplier": 1.0,
        "angle": 0,
        "upswing": 0.5,
        "animation": "bettercombat:one_handed_slash_horizontal_right",
        "swing_sound": {
          "id": "bettercombat:pickaxe_swing"
        }
      },
      {
        "hitbox": "FORWARD_BOX",
        "damage_multiplier": 1.0,
        "angle": 0,
        "upswing": 0.5,
        "animation": "bettercombat:one_handed_slash_horizontal_left",
        "swing_sound": {
          "id": "bettercombat:pickaxe_swing"
        }
      },
      {
        "hitbox": "FORWARD_BOX",
        "damage_multiplier": 1.0,
        "angle": 0,
        "upswing": 0.5,
        "animation": "bettercombat:one_handed_slam",
        "swing_sound": {
          "id": "bettercombat:pickaxe_swing"
        }
      }
    ]
  }
}