{
    "display": {
        "icon": {
            "item": "minecraft:popped_chorus_fruit"
        },
        "title": {"translate":"A Wizard’s Breakfast"},
        "description": {"translate":"Eat a stack of Chorus Fruit in one go"},
        "announce_to_chat": "true",
		"frame": "challenge"
    },
    "parent": "blazeandcave:end/purpurfect",
	"rewards": {
		"function": "bc_rewards:end/a_wizards_breakfast"
    },		
    "criteria": {
        "event_horizon": {
            "trigger": "minecraft:impossible"
        }
    }
}