{
    "display": {
        "icon": {
            "item": "minecraft:dragon_breath",
			"nbt": "{Charged:1b}"
        },
        "title": {"translate":"Dragon vs Dragon"},
        "description": {"color":"#75E1FF","translate":"Kill the Ender Dragon while wearing a Dragon Head"},
        "announce_to_chat": "true",
		"frame": "goal"
    },
    "parent": "blazeandcave:end/off_with_his_head",
	"rewards": {
		"function": "bc_rewards:end/dragon_vs_dragon"
    },		
    "criteria": {
        "dragon_vs_dragon": {
            "trigger": "minecraft:impossible"
        }
    }
}