{
    "display": {
        "icon": {
            "item": "minecraft:shield",
			"nbt": "{BlockEntityTag:{Base:10,Patterns:[{Pattern:gru,Color:2},{Pattern:cbo,Color:15},{Pattern:rs,Color:10},{Pattern:flo,Color:15},{Pattern:ms,Color:15},{Pattern:tt,Color:10},{Pattern:moj,Color:15}]}}"
        },
        "title": {"translate":"Dragon Shield"},
        "description": {"translate":"Attempt to block the dragon's attacks"},
        "announce_to_chat": "true"
    },
    "parent": "minecraft:end/root",
	"rewards": {
		"function": "bc_rewards:end/dragon_shield"
    },
    "criteria": {
        "deflected_dragon": {
            "trigger": "minecraft:entity_hurt_player",
            "conditions": {
                "damage": {
                    "blocked": true,
					"source_entity": {
						"type": "ender_dragon"
					}
                }
            }
        }
    }
}