{
    "display": {
        "icon": {
            "item": "minecraft:end_stone_bricks"
        },
        "title": {"translate":"End Bricks!"},
        "description": {"translate":"Craft end bricks from end stone"},
        "announce_to_chat": "true"
    },
    "parent": "minecraft:end/enter_end_gateway",
	"rewards": {
		"function": "bc_rewards:end/end_bricks"
    },	
    "criteria": {
        "end_stone_bricks": {
            "trigger": "minecraft:inventory_changed",
            "conditions": {
                "items": [
                    {
						"items": [
							"minecraft:end_stone_bricks"
						]
                    }
                ]
            }
        }
    }
}