{
    "display": {
        "title": {
            "text": "站台管理员"
        },
        "description": {
            "text": "夺回车站！"
        },
        "icon": {
            "item": "minecraft:crossbow"
        },
        "frame": "task",
        "show_toast": true,
        "announce_to_chat": true,
        "hidden": false
    },
    "parent": "dnl:story/structures/railway_outpost/locate",
    "criteria": {
        "kill station chief": {
            "trigger": "minecraft:player_killed_entity",
            "conditions": {
                "entity": {
                    "type": "minecraft:pillager",
                    "nbt": "{Tags:[\"station_chief\"]}",
                    "distance": {
                        "absolute": {
                            "min": 0,
                            "max": 64
                        }
                    }
                }
            }
        }
    }
}
