{
    "id": "tiered:mizar_multi_tool",
    "verifiers": [
        {
            "tag": "tiered:multi_tool"
        }
    ],
    "weight": 10,
    "style": {
        "color": "light_purple"
    },
    "attributes": [
        {
            "type": "tiered:generic.durable",
            "modifier": {
                "name": "tiered:mizar_multi_tool",
                "operation": "MULTIPLY_TOTAL",
                "amount": 1.5
            },
            "optional_equipment_slots": [
                "MAINHAND"
            ]
        },
        {
            "type": "minecraft:generic.attack_damage",
            "modifier": {
                "name": "tiered:mizar_multi_tool",
                "operation": "MULTIPLY_TOTAL",
                "amount": 0.75
            },
            "optional_equipment_slots": [
                "MAINHAND"
            ]
        },
        {
            "type": "tiered:generic.dig_speed",
            "modifier": {
                "name": "tiered:mizar_multi_tool",
                "operation": "MULTIPLY_TOTAL",
                "amount": 0.8
            },
            "optional_equipment_slots": [
                "MAINHAND"
            ]
        },
        {
            "type": "reach-entity-attributes:reach",
            "modifier": {
                "name": "tiered:mizar_multi_tool",
                "operation": "ADDITION",
                "amount": 3
            },
            "optional_equipment_slots": [
                "MAINHAND"
            ]
        }
    ]
}