{
    "id": "tiered:uncommon_multi_tool",
    "verifiers": [
        {
            "tag": "tiered:multi_tool"
        }
    ],
    "weight": 360,
    "style": {
        "color": "dark_green"
    },
    "attributes": [
        {
            "type": "tiered:generic.durable",
            "modifier": {
                "name": "tiered:uncommon_multi_tool",
                "operation": "MULTIPLY_TOTAL",
                "amount": 0.15
            },
            "optional_equipment_slots": [
                "MAINHAND"
            ]
        },
        {
            "type": "minecraft:generic.attack_damage",
            "modifier": {
                "name": "tiered:uncommon_multi_tool",
                "operation": "MULTIPLY_TOTAL",
                "amount": 0.1
            },
            "optional_equipment_slots": [
                "MAINHAND"
            ]
        },
        {
            "type": "tiered:generic.dig_speed",
            "modifier": {
                "name": "tiered:uncommon_multi_tool",
                "operation": "MULTIPLY_TOTAL",
                "amount": 0.1
            },
            "optional_equipment_slots": [
                "MAINHAND"
            ]
        }
    ]
}