{
    "id": "tiered:unique_multi_tool",
    "verifiers": [
        {
            "tag": "tiered:multi_tool"
        }
    ],
    "weight": 5,
    "style": {
        "color": "red"
    },
    "attributes": [
        {
            "type": "tiered:generic.durable",
            "modifier": {
                "name": "tiered:unique_multi_tool",
                "operation": "MULTIPLY_TOTAL",
                "amount": 1
            },
            "optional_equipment_slots": [
                "MAINHAND"
            ]
        },
        {
            "type": "minecraft:generic.attack_damage",
            "modifier": {
                "name": "tiered:unique_multi_tool",
                "operation": "MULTIPLY_TOTAL",
                "amount": 0.4
            },
            "optional_equipment_slots": [
                "MAINHAND"
            ]
        },
        {
            "type": "tiered:generic.dig_speed",
            "modifier": {
                "name": "tiered:unique_multi_tool",
                "operation": "MULTIPLY_TOTAL",
                "amount": 0.35
            },
            "optional_equipment_slots": [
                "MAINHAND"
            ]
        },
        {
            "type": "reach-entity-attributes:reach",
            "modifier": {
                "name": "tiered:unique_multi_tool",
                "operation": "ADDITION",
                "amount": 2
            },
            "optional_equipment_slots": [
                "MAINHAND"
            ]
        }
    ]
}