{
  "name": "Alchemical Reaction Chamber",
  "icon": "bloodmagic:alchemicalreactionchamber",
  "category": "bloodmagic:utility",
  "pages": [
     {
      "type": "text",
      "text": "The $(item)Alchemical Reaction Chamber$() isn't fully implemented yet, but among other things it can function as a $(thing)Furnace$(), offers a form of $(l:bloodmagic:utility/ore_processing)Ore-Tripling$(), revert $(l:bloodmagic:altar/soul_network)Blood Orbs$(), and is currently the only way to get $(blood)Weak Blood Shards$(), specifically from a $(l:bloodmagic:dungeons/tau_fruit)Saturated Tau$()."
    },
    {
      "type": "crafting",
      "recipe": "bloodmagic:arc"
    },
    {
      "type": "crafting_soulforge",
      "heading": "Sanguine Reverter",
      "recipe": "bloodmagic:soulforge/sanguine_reverter",
	  "anchor": "blood_shard",
      "text": "The $(item)Sanguine Reverter$() is used to create $(blood)Weak Blood Shards$(), and revert $(l:bloodmagic:altar/soul_network)Blood Orbs$() to their input crafting item."
    },
    {
      "type": "3x_crafting_arc",
      "a.heading": "Weak Blood Shard",
      "a.recipe": "bloodmagic:arc/weakbloodshard_tau",
      "b.heading": "Revert Weak Blood Orb",
      "b.recipe": "bloodmagic:arc/reversion/weak_blood_orb",
      "c.heading": "Revert Apprentice Blood Orb",
      "c.recipe": "bloodmagic:arc/reversion/apprentice_blood_orb"
    },
    {
      "type": "2x_crafting_arc",
      "a.heading": "Revert Magician Blood Orb",
      "a.recipe": "bloodmagic:arc/reversion/magician_blood_orb",
      "b.heading": "Revert Master Blood Orb",
      "b.recipe": "bloodmagic:arc/reversion/master_blood_orb",
      "b.text": "Turn the page for more uses of the ARC."
    },
    {
      "type": "empty"
    },
    {
      "type": "crafting",
      "heading": "Hydration Cell",
      "recipe": "bloodmagic:primitive_hydration_cell",
      "text": "The Hydration Cell is used to make Clay, the Cornerstone of Balance."
    },
    {
      "type": "2x_crafting_arc",
      "a.heading": "Clay from Sand",
      "a.recipe": "bloodmagic:arc/clay_from_sand",
      "a.fluid_input": "minecraft:water_bucket",
      "b.heading": "Clay from Terracotta",
      "b.recipe": "bloodmagic:arc/clay_from_terracotta",
      "b.fluid_input": "minecraft:water_bucket"
    }
  ]
}
