{
  "processor": "moriyashiine.bewitchment.client.integration.patchouli.CurseProcessor",
  "components": [
	{
	  "type": "image",
	  "image": "bewitchment:textures/gui/patchouli/crafting.png",
	  "x": 38,
	  "y": 16,
	  "u": 0,
	  "v": 0,
	  "texture_width": 256,
	  "texture_height": 256,
	  "width": 40,
	  "height": 40,
	  "scale": 1
	},
	{
	  "type": "item",
	  "item": "#ingredient0",
	  "x": 40,
	  "y": 18
	},
	{
	  "type": "item",
	  "item": "#ingredient1",
	  "x": 59,
	  "y": 18
	},
	{
	  "type": "item",
	  "item": "#ingredient2",
	  "x": 40,
	  "y": 37
	},
	{
	  "type": "item",
	  "item": "#ingredient3",
	  "x": 59,
	  "y": 37
	},
	{
	  "type": "text",
	  "text": "#text",
	  "x": 0,
	  "y": 58
	},
	{
	  "type": "header",
	  "text": "#header",
	  "x": -1,
	  "y": 0
	}
  ]
}
