{
  "processor": "moriyashiine.bewitchment.client.integration.patchouli.RitualProcessor",
  "components": [
	{
	  "type": "image",
	  "image": "bewitchment:textures/gui/patchouli/crafting.png",
	  "x": 8,
	  "y": 12,
	  "u": 0,
	  "v": 75,
	  "texture_width": 256,
	  "texture_height": 256,
	  "width": 20,
	  "height": 60,
	  "scale": 1
	},
	{
	  "type": "image",
	  "image": "bewitchment:textures/gui/patchouli/crafting.png",
	  "x": 88,
	  "y": 12,
	  "u": 0,
	  "v": 75,
	  "texture_width": 256,
	  "texture_height": 256,
	  "width": 20,
	  "height": 60,
	  "scale": 1
	},
	{
	  "type": "custom",
	  "class": "moriyashiine.bewitchment.client.integration.patchouli.RitualCircleComponent",
	  "inner": "#inner",
	  "outer": "#outer",
	  "x": 28,
	  "y": 6
	},
	{
	  "type": "item",
	  "item": "#ingredient0",
	  "x": 10,
	  "y": 14
	},
	{
	  "type": "item",
	  "item": "#ingredient1",
	  "x": 10,
	  "y": 33
	},
	{
	  "type": "item",
	  "item": "#ingredient2",
	  "x": 10,
	  "y": 52
	},
	{
	  "type": "item",
	  "item": "#ingredient3",
	  "x": 90,
	  "y": 14
	},
	{
	  "type": "item",
	  "item": "#ingredient4",
	  "x": 90,
	  "y": 33
	},
	{
	  "type": "item",
	  "item": "#ingredient5",
	  "x": 90,
	  "y": 52
	},
	{
	  "type": "text",
	  "text": "#cost",
	  "x": 42,
	  "y": 60
	},
	{
	  "type": "text",
	  "text": "#text",
	  "x": 0,
	  "y": 74
	},
	{
	  "type": "header",
	  "text": "#header",
	  "x": -1,
	  "y": 0
	}
  ]
}
