{
  "category": "bewitchment:introduction",
  "name": "Crops",
  "icon": "bewitchment:mandrake_root",
  "pages": [
	{
	  "type": "text",
	  "text": "Witchcraft utilizes several natural crops for the art. These crops are used for $(l:bewitchment:rituals/rituals)Rituals$(), $(l:bewitchment:brewing/brewing_basics)Brewing$(), and many other things.$(br2)Seeds for these crops can be found in wild grass, much like other seeds."
	},
	{
	  "type": "bewitchment:multi_showcase",
	  "item1": "bewitchment:aconite",
	  "item2": "bewitchment:belladonna",
	  "item3": "bewitchment:garlic",
	  "item4": "bewitchment:mandrake_root",
	  "header": "Regular Crops",
	  "text": "The four regular crops are Aconite, Belladonna, Garlic, and Mandrake.$(br2)Aconite is mostly used as a neurotoxin, whereas Belladonna is known for causing physical harm. Garlic embodies healing, and Mandrake enhances magic."
	},
	{
	  "type": "smelting",
	  "recipe": "bewitchment:grilled_garlic",
	  "text": "Garlic can also be roasted into delicious Grilled Garlic."
	},
	{
	  "type": "crafting",
	  "recipe": "bewitchment:garlic_bread",
	  "text": "Grilled Garlic can in turn be crafted into even more delicious Garlic Bread."
	}
  ]
}
