{
  "category": "bewitchment:introduction",
  "name": "Cypress Trees",
  "icon": "bewitchment:cypress_sapling",
  "pages": [
	{
	  "type": "text",
	  "text": "Cypress trees spawn in taiga and swamp biomes.$(br2)Relating to death, blocks made from it will mask you from the undead in a small area."
	},
	{
	  "type": "image",
	  "images": [
		"bewitchment:textures/gui/patchouli/cypress_tree.png"
	  ],
	  "border": true
	},
	{
	  "type": "crafting",
	  "recipe": "bewitchment:cypress_wood",
	  "recipe2": "bewitchment:cypress_planks"
	},
	{
	  "type": "crafting",
	  "recipe": "bewitchment:cypress_stairs",
	  "recipe2": "bewitchment:cypress_slab"
	},
	{
	  "type": "crafting",
	  "recipe": "bewitchment:cypress_fence",
	  "recipe2": "bewitchment:cypress_fence_gate"
	},
	{
	  "type": "crafting",
	  "recipe": "bewitchment:cypress_pressure_plate",
	  "recipe2": "bewitchment:cypress_button"
	},
	{
	  "type": "crafting",
	  "recipe": "bewitchment:cypress_trapdoor",
	  "recipe2": "bewitchment:cypress_door"
	},
	{
	  "type": "crafting",
	  "recipe": "bewitchment:cypress_chest",
	  "recipe2": "bewitchment:trapped_cypress_chest"
	},
	{
	  "type": "crafting",
	  "recipe": "bewitchment:cypress_sign",
	  "recipe2": "bewitchment:cypress_boat"
	}
  ]
}
