{
  "category": "bewitchment:introduction",
  "name": "Dragon's Blood Trees",
  "icon": "bewitchment:dragons_blood_sapling",
  "advancement": "minecraft:nether/find_fortress",
  "pages": [
	{
	  "type": "text",
	  "text": "Dragon's Blood Saplings are found in Nether Fortresses.$(br2)Cutting through the bark with an $(l:bewitchment:tools/athame)Athame$() will cause it to bleed, yielding Dragon's Blood Resin.$(br2)Blocks made with this wood give off an aura of power, and can be given $(l:bewitchment:sigils/using_sigils)Active Sigils$()."
	},
	{
	  "type": "image",
	  "images": [
		"bewitchment:textures/gui/patchouli/dragons_blood_tree.png"
	  ],
	  "border": true
	},
	{
	  "type": "crafting",
	  "recipe": "bewitchment:dragons_blood_wood",
	  "recipe2": "bewitchment:dragons_blood_planks"
	},
	{
	  "type": "crafting",
	  "recipe": "bewitchment:dragons_blood_stairs",
	  "recipe2": "bewitchment:dragons_blood_slab"
	},
	{
	  "type": "crafting",
	  "recipe": "bewitchment:dragons_blood_fence",
	  "recipe2": "bewitchment:dragons_blood_fence_gate"
	},
	{
	  "type": "crafting",
	  "recipe": "bewitchment:dragons_blood_pressure_plate",
	  "recipe2": "bewitchment:dragons_blood_button"
	},
	{
	  "type": "crafting",
	  "recipe": "bewitchment:dragons_blood_trapdoor",
	  "recipe2": "bewitchment:dragons_blood_door"
	},
	{
	  "type": "crafting",
	  "recipe": "bewitchment:dragons_blood_chest",
	  "recipe2": "bewitchment:trapped_dragons_blood_chest"
	},
	{
	  "type": "crafting",
	  "recipe": "bewitchment:dragons_blood_sign",
	  "recipe2": "bewitchment:dragons_blood_boat"
	}
  ]
}
