{
  "category": "bewitchment:introduction",
  "name": "Elder Trees",
  "icon": "bewitchment:elder_sapling",
  "pages": [
	{
	  "type": "text",
	  "text": "This noble tree spawns in forest biomes. It is often associated with knowledge and intelligence.$(br2)Blocks made with this wood can be locked using a $(l:bewitchment:introduction/silver)Silver Ingot$().$(br2)Locked blocks can be given $(l:bewitchment:tools/taglock)Taglocks$() to white/blacklist certain players. The list can be toggled using an $(l:bewitchment:tools/athame)Athame$() while sneaking."
	},
	{
	  "type": "image",
	  "images": [
		"bewitchment:textures/gui/patchouli/elder_tree.png"
	  ],
	  "border": true
	},
	{
	  "type": "crafting",
	  "recipe": "bewitchment:elder_wood",
	  "recipe2": "bewitchment:elder_planks"
	},
	{
	  "type": "crafting",
	  "recipe": "bewitchment:elder_stairs",
	  "recipe2": "bewitchment:elder_slab"
	},
	{
	  "type": "crafting",
	  "recipe": "bewitchment:elder_fence",
	  "recipe2": "bewitchment:elder_fence_gate"
	},
	{
	  "type": "crafting",
	  "recipe": "bewitchment:elder_pressure_plate",
	  "recipe2": "bewitchment:elder_button"
	},
	{
	  "type": "crafting",
	  "recipe": "bewitchment:elder_trapdoor",
	  "recipe2": "bewitchment:elder_door"
	},
	{
	  "type": "crafting",
	  "recipe": "bewitchment:elder_chest",
	  "recipe2": "bewitchment:trapped_elder_chest"
	},
	{
	  "type": "crafting",
	  "recipe": "bewitchment:elder_sign",
	  "recipe2": "bewitchment:elder_boat"
	}
  ]
}
