{
  "category": "bewitchment:introduction",
  "name": "Juniper Trees",
  "icon": "bewitchment:juniper_sapling",
  "pages": [
	{
	  "type": "text",
	  "text": "The Juniper tree represents life. You can insert up to three $(l:bewitchment:tools/taglock)Taglocks$() into blocks made with this wood. On use, these blocks will gather $(l:bewitchment:tools/taglock)Taglocks$() of anyone but their owner.$(br2)$(l:bewitchment:tools/taglock)Taglocks$() are inserted by sneaking while using them on the block; you can gather them by using an $(l:bewitchment:tools/athame)Athame$() while sneaking."
	},
	{
	  "type": "image",
	  "images": [
		"bewitchment:textures/gui/patchouli/juniper_tree.png"
	  ],
	  "border": true
	},
	{
	  "type": "crafting",
	  "recipe": "bewitchment:juniper_wood",
	  "recipe2": "bewitchment:juniper_planks"
	},
	{
	  "type": "crafting",
	  "recipe": "bewitchment:juniper_stairs",
	  "recipe2": "bewitchment:juniper_slab"
	},
	{
	  "type": "crafting",
	  "recipe": "bewitchment:juniper_fence",
	  "recipe2": "bewitchment:juniper_fence_gate"
	},
	{
	  "type": "crafting",
	  "recipe": "bewitchment:juniper_pressure_plate",
	  "recipe2": "bewitchment:juniper_button"
	},
	{
	  "type": "crafting",
	  "recipe": "bewitchment:juniper_trapdoor",
	  "recipe2": "bewitchment:juniper_door"
	},
	{
	  "type": "crafting",
	  "recipe": "bewitchment:juniper_chest",
	  "recipe2": "bewitchment:trapped_juniper_chest"
	},
	{
	  "type": "crafting",
	  "recipe": "bewitchment:juniper_sign",
	  "recipe2": "bewitchment:juniper_boat"
	}
  ]
}
