{
  "name": "余烬头箍",
  "advancement": "spectrum:progression/unlock_ashen_circlet",
  "icon": "spectrum:ashen_circlet",
  "category": "spectrum:magical_items_category",
  "extra_recipe_mappings": {
    "spectrum:ashen_circlet": 0
  },
  "pages": [
    {
      "type": "patchouli:text",
      "text": "镶嵌于头箍之间的绯红宝石在下界育成，自能轻易吸收周身的灼热。$(br)它甚至能帮你短暂地抵御熔岩的高温——这样需要冷却。$(br)只要搭配一件赋予防火效果的物品，在熔岩中游泳便是如鱼得水。"
    },
    {
      "type": "spectrum:fusion_shrine_crafting",
      "title": "融合配方",
      "recipe": "spectrum:fusion_shrine/trinkets/ashen_circlet",
      "text": "$(li)免疫火焰与炽热地表造成的伤害。$(li)只要经过冷却，就能暂时抵御熔岩的伤害。"
    }
  ]
}
