{
  "name": "基础饰品",
  "advancement": "spectrum:progression/unlock_any_base_trinket",
  "icon": "spectrum:fanciful_stone_ring",
  "category": "spectrum:magical_items_category",
  "extra_recipe_mappings": {
    "spectrum:fanciful_stone_ring": 0,
    "spectrum:fanciful_belt": 0,
    "spectrum:fanciful_pendant": 0,
    "spectrum:fanciful_circlet": 0
  },
  "pages": [
    {
      "type": "spectrum:pedestal_crafting",
      "title": "华美石戒指",
      "recipe": "spectrum:pedestal/tier3/trinkets/fanciful_stone_ring",
      "advancement": "spectrum:progression/unlock_fanciful_stone_ring",
      "text": "基础饰品是制作高级饰品的材料。可用的成品饰品都须经由$(l:general/fusion_shrine)融合圣坛$()制作。"
    },
    {
      "type": "spectrum:pedestal_crafting",
      "title": "华美头箍",
      "recipe": "spectrum:pedestal/tier3/trinkets/fanciful_circlet",
      "advancement": "spectrum:progression/unlock_fanciful_circlet",
      "text": ""
    },
    {
      "type": "spectrum:pedestal_crafting",
      "title": "华美腰带",
      "recipe": "spectrum:pedestal/tier3/trinkets/fanciful_belt",
      "advancement": "spectrum:progression/unlock_fanciful_belt",
      "text": ""
    },
    {
      "type": "spectrum:pedestal_crafting",
      "title": "华美吊坠",
      "recipe": "spectrum:pedestal/tier3/trinkets/fanciful_pendant",
      "advancement": "spectrum:progression/unlock_fanciful_pendant",
      "text": ""
    },
    {
      "type": "spectrum:pedestal_crafting",
      "title": "华美手套",
      "recipe": "spectrum:pedestal/tier3/trinkets/fanciful_gloves",
      "advancement": "spectrum:progression/unlock_fanciful_gloves",
      "text": ""
    }
  ]
}
