{
  "name": "基岩盔甲",
  "advancement": "spectrum:progression/unlock_bedrock_tools",
  "icon": "spectrum:bedrock_chestplate",
  "category": "spectrum:magical_items_category",
  "extra_recipe_mappings": {
    "spectrum:bedrock_helmet": 0,
    "spectrum:bedrock_chestplate": 0,
    "spectrum:bedrock_leggings": 0,
    "spectrum:bedrock_boots": 0
  },
  "pages": [
    {
      "type": "patchouli:text",
      "text": "你手头最强韧的材料就是下界合金了。然而，修复下界合金盔甲不仅比盔甲本身还贵，盔甲的损耗也会削弱其保护功能。但只要盔甲$(italic)不会$()受损，这些问题就迎刃而解了！$(br)$(italic)华自磐石生，岁月不蚀，风雨不倾。"
    },
    {
      "type": "spectrum:fusion_shrine_crafting",
      "recipe": "spectrum:fusion_shrine/bedrock/bedrock_helmet",
      "text": "基岩头盔自带$(bold)弹射物保护V$()。"
    },
    {
      "type": "spectrum:fusion_shrine_crafting",
      "recipe": "spectrum:fusion_shrine/bedrock/bedrock_chestplate",
      "text": "基岩胸甲自带$(bold)保护V$()。"
    },
    {
      "type": "spectrum:fusion_shrine_crafting",
      "recipe": "spectrum:fusion_shrine/bedrock/bedrock_leggings",
      "text": "基岩护腿自带$(bold)爆炸保护V$()。"
    },
    {
      "type": "spectrum:fusion_shrine_crafting",
      "recipe": "spectrum:fusion_shrine/bedrock/bedrock_boots",
      "text": "基岩靴子自带$(bold)火焰保护V$()。"
    }
  ]
}
