{
  "name": "基岩工具",
  "advancement": "spectrum:progression/unlock_bedrock_tools",
  "icon": "spectrum:bedrock_pickaxe",
  "category": "spectrum:magical_items_category",
  "extra_recipe_mappings": {
    "spectrum:bedrock_pickaxe": 0,
    "spectrum:bedrock_axe": 0,
    "spectrum:bedrock_shovel": 0,
    "spectrum:bedrock_sword": 0,
    "spectrum:bedrock_hoe": 0,
    "spectrum:bedrock_bow": 0,
    "spectrum:bedrock_crossbow": 0,
    "spectrum:bedrock_shears": 0,
    "spectrum:bedrock_fishing_rod": 0
  },
  "pages": [
    {
      "type": "patchouli:text",
      "text": "你进入新世界的第一件事情，就是聚集村民，吸引僵尸，感染治愈，反复操作直到经验修补出货为止。没头没脑焦头烂额地刷上那么三五天，难道只是为了日后不用亲自动手修复工具而已？$(br)不单无聊，还有种族迫害之嫌。现在，你既然能处理基岩，也就一样能给出更合适更方便的解决方案，是不是？"
    },
    {
      "type": "spectrum:fusion_shrine_crafting",
      "recipe": "spectrum:fusion_shrine/bedrock/bedrock_pickaxe",
      "text": "基岩镐自带$(bold)精准采集$()。"
    },
    {
      "type": "spectrum:fusion_shrine_crafting",
      "recipe": "spectrum:fusion_shrine/bedrock/bedrock_axe",
      "text": "基岩斧自带$(bold)效率VI$()。"
    },
    {
      "type": "spectrum:fusion_shrine_crafting",
      "recipe": "spectrum:fusion_shrine/bedrock/bedrock_shovel",
      "text": "基岩锹自带$(bold)效率VI$()。"
    },
    {
      "type": "spectrum:fusion_shrine_crafting",
      "recipe": "spectrum:fusion_shrine/bedrock/bedrock_sword",
      "text": "基岩剑自带$(bold)锋利VI$()。"
    },
    {
      "type": "spectrum:fusion_shrine_crafting",
      "recipe": "spectrum:fusion_shrine/bedrock/bedrock_hoe",
      "text": "基岩锄自带$(bold)时运IV$()。"
    },
    {
      "type": "spectrum:fusion_shrine_crafting",
      "recipe": "spectrum:fusion_shrine/bedrock/bedrock_bow",
      "text": "基岩弓自带$(bold)力量VI$()。"
    },
    {
      "type": "spectrum:fusion_shrine_crafting",
      "recipe": "spectrum:fusion_shrine/bedrock/bedrock_shears",
      "text": "基岩剪刀自带$(bold)精准采集$()。"
    },
    {
      "type": "spectrum:fusion_shrine_crafting",
      "recipe": "spectrum:fusion_shrine/bedrock/bedrock_fishing_rod",
      "text": "基岩钓鱼竿自带$(bold)海之眷顾IV$()。"
    }
  ]
}
