{
  "name": "方块填充器",
  "advancement": "spectrum:progression/unlock_block_flooder",
  "icon": "spectrum:block_flooder",
  "category": "spectrum:magical_items_category",
  "extra_recipe_mappings": {
    "spectrum:block_flooder": 0
  },
  "pages": [
    {
      "type": "patchouli:text",
      "text": "四处手动照明点灯，封闭洞窟出入口的你好像一个原始人。为了减少负担，你想到了$(l:creating_life/fading)褪解微生物$(/l)的增殖特性，借此发明了方块填充器。$(br)扔进洞口、池塘、峡谷，它们就被塞满啦——甚至有5%的几率看起来像那么回事！"
    },
    {
      "type": "spectrum:pedestal_crafting",
      "title": "基座配方",
      "recipe": "spectrum:pedestal/tier2/block_flooder",
      "text": "方块填充器会从你的物品栏中拉取方块来填充缝隙。如果你没有相应的方块了，它会试图用圆石代替。"
    }
  ]
}
