{
  "name": "血兰花制品",
  "icon": "spectrum:bloodboil_syrup",
  "advancement": "spectrum:midgame/collect_blood_orchid_petal",
  "category": "spectrum:magical_items_category",
  "extra_recipe_mappings": {
    "spectrum:bloodboil_syrup": 0,
    "spectrum:demon_tea": 0,
    "spectrum:demon_trifle": 0
  },
  "pages": [
    {
      "type": "patchouli:spotlight",
      "name": "血兰花制品",
      "item": "spectrum:bloodboil_syrup",
      "text": "$(l:resources:blood_orchid)血兰花$(/l)的提取物，在食用时有强烈的效果：会使你进入$(thing)Frenzy$()效果。$(br)伤害、攻击速度、速度和抗击退能力都得到增强，你杀得越多。但如果你没有在15秒内击杀生物，你就会获得debuff，相反。效果等级越高，幅度越大。"
    },
    {
      "type": "patchouli:text",
      "title": "狂热叠加",
      "text": "叠加$(thing)Frenzy$()效果，而不是重置持续时间，反而会增加它的效力。$(br2)为了获得最大的效果，先获得一个持续时间长的效果，然后再叠加，似乎最有效。"
    },
    {
      "type": "spectrum:potion_workshop_crafting",
      "recipe": "spectrum:potion_workshop_crafting/bloodboil_syrup",
      "text": "它的有效成分可以从花瓣中提取出来，成为一种浓稠的溶液。虽然它的气味几乎和玫瑰水一样，但喝下去的效果绝对是...... $(italic)气泡感？$()."
    },
    {
      "type": "spectrum:pedestal_crafting",
      "advancement": "spectrum:progression/unlock_demon_trifle",
      "recipe": "spectrum:pedestal/tier3/food/demon_trifle",
      "text": "你获得的 $(thing)Frenzy$() 效果强度开始时很低，但持续的时间更长一些。"
    },
    {
      "type": "spectrum:potion_workshop_crafting",
      "advancement": "spectrum:progression/unlock_demon_tea",
      "recipe": "spectrum:potion_workshop_crafting/demon_tea",
      "text": "你获得的 $(thing)Frenzy$() 效果持续时间相对较短，但效果强度会很高。"
    },
    {
      "type": "spectrum:titration_barrel_fermenting",
      "advancement": "spectrum:progression/unlock_rabbit_poison",
      "title": "兔子毒药",
      "recipe": "spectrum:titration_barrel/infused_beverages/rabbit_poison",
      "text": "真正令人讨厌的啤酒。 尝起来就像你想象的那样，效果也相似。"
    }
  ]
}