{
  "name": "天体怀表",
  "advancement": "spectrum:progression/unlock_celestial_pocketwatch",
  "secret": true,
  "icon": "spectrum:celestial_pocketwatch",
  "category": "spectrum:magical_items_category",
  "extra_recipe_mappings": {
    "spectrum:celestial_pocketwatch": 0
  },
  "pages": [
    {
      "type": "patchouli:text",
      "text": "合成缟玛瑙对天象的要求还是太严苛了，新月可不是天天见的。每当你掐着表等待午夜的时候，一个不小心已经超出两分钟了。$(br)祭出大杀器：品红色的时间操纵特色吧！"
    },
    {
      "type": "spectrum:pedestal_crafting",
      "title": "基座配方",
      "recipe": "spectrum:pedestal/tier4/celestial_pocketwatch",
      "text": "$(italic)这点子还挺星！"
    }
  ]
}
