{
  "name": "合成模板",
  "icon": "spectrum:crafting_tablet",
  "advancement": "spectrum:progression/unlock_crafting_tablet",
  "category": "spectrum:magical_items_category",
  "extra_recipe_mappings": {
    "spectrum:crafting_tablet": 0
  },
  "pages": [
    {
      "type": "spectrum:pedestal_crafting",
      "title": "合成模板",
      "recipe": "spectrum:pedestal/tier1/crafting_tablet",
      "text": "合成模板可不只是便携式合成台：它可以保存一个配方，按需合成。"
    },
    {
      "type": "patchouli:text",
      "title": "基座自动化",
      "text": "你需要反复合成某样材料的时候，肯定有考虑过自动化吧？又或者你是某种流水生产线肝帝人皇，每个物品都搞自动生产只是因为我想？$(br2)$(l:general/pedestal)七彩基座$()有专门放置合成模板的槽位。使用漏斗或者类似的器件填充基座的时候，物品会按照合成模板中配方的指示均匀地落在对应的槽位上。"
    }
  ]
}
