{
  "name": "离梦利刃",
  "advancement": "spectrum:progression/unlock_dreamflayer",
  "secret": true,
  "icon": "spectrum:dreamflayer",
  "category": "spectrum:magical_items_category",
  "extra_recipe_mappings": {
    "spectrum:dreamflayer": 0
  },
  "pages": [
    {
      "type": "patchouli:text",
      "text": "论外级武器。“进攻就是最好的防御”的完美诠释。$(br)离梦利刃天然赐予你力量的平衡：$(br)对方的盔甲值相比于你越多，你造成的伤害就越高。"
    },
    {
      "type": "spectrum:fusion_shrine_crafting",
      "recipe": "spectrum:fusion_shrine/dreamflayer",
      "text": "$(italic)想化身裸装近战大神？用$()$(br2)$(k:sneak)+$(k:use)键即可将其充能，期间会快速消耗大量$(c_red)红色墨水$()墨水。区区削铁如泥破甲如风，不过如此！"
    }
  ]
}
