{
  "name": "末地传送门迁移",
  "advancement": "spectrum:progression/unlock_end_portal_cracker",
  "secret": true,
  "icon": "minecraft:end_portal_frame",
  "category": "spectrum:magical_items_category",
  "extra_recipe_mappings": {
    "spectrum:end_portal_cracker": 0,
    "spectrum:cracked_end_portal_frame": 0
  },
  "pages": [
    {
      "type": "patchouli:text",
      "text": "$(italic)每当你想进入末影人的领域，你就得跑遍大半个世界。论能力，现在的你肯定是强过那些开辟末地传送门的家伙的……$(br2)嘛，差不多吧？虽然你不知道怎么新建一个末地传送门，但打包带走还是小事一桩啦。"
    },
    {
      "type": "patchouli:image",
      "title": "末地传送门迁移",
      "images": [
        "spectrum:textures/gui/manual/end_portal.png"
      ],
      "border": true,
      "text": "末地传送门，要塞里的那种。"
    },
    {
      "type": "patchouli:spotlight",
      "title": "基座配方",
      "item": "spectrum:end_portal_cracker",
      "text": "魔改的末影之眼，破坏力不俗。毕竟，要操纵如此顽健的末地传送门框架，怎么都得用上一点蛮力吧？$(br)将其塞入末地传送门框架之后，请一定要退远一点。"
    },
    {
      "type": "patchouli:multiblock",
      "name": "重建的末地传送门",
      "multiblock": {
        "pattern": [
          [
            " HHH ",
            "VPPPV",
            "VPPPV",
            "VPPPV",
            " HHH ",
            "  0  "
          ]
        ],
        "mapping": {
          "H": "spectrum:cracked_end_portal_frame[eye_type=ender,facing_vertical=false]",
          "V": "spectrum:cracked_end_portal_frame[eye_type=ender,facing_vertical=true]",
          "P": "minecraft:end_portal"
        },
        "offset": [
          0,
          3,
          0
        ],
        "symmetrical": false
      },
      "text": "你只要把传送门框架拼回一起，再插上末影之眼，完工！"
    }
  ]
}
