{
  "name": "手持末影袋",
  "advancement": "spectrum:progression/unlock_ender_bag",
  "icon": "spectrum:ender_bag",
  "category": "spectrum:magical_items_category",
  "extra_recipe_mappings": {
    "spectrum:ender_bag": 0
  },
  "pages": [
    {
      "type": "patchouli:spotlight",
      "title": "手持末影袋",
      "item": "spectrum:ender_bag",
      "text": "$(italic)把末影箱放下打开关上挖掉哎唷我去镐子不是精准采集——开心吗？还想来一次吗？$(br)为此，你发明了这个东西。"
    },
    {
      "type": "spectrum:pedestal_crafting",
      "title": "基座配方",
      "recipe": "spectrum:pedestal/tier1/ender_bag",
      "text": "便携式末影箱，开袋即用。"
    }
  ]
}
