{
  "name": "方块替换魔杖",
  "advancement": "spectrum:progression/unlock_exchange_staff",
  "secret": true,
  "icon": "spectrum:exchange_staff",
  "category": "spectrum:magical_items_category",
  "extra_recipe_mappings": {
    "spectrum:exchange_staff": 0
  },
  "pages": [
    {
      "type": "patchouli:text",
      "text": "只要不是住在火柴盒里的——或者连家都没有的——应该都想过方块替换魔杖的点子。$(br2)挖矿旅程又变得妙趣横生了起来。"
    },
    {
      "type": "spectrum:pedestal_crafting",
      "title": "基座配方",
      "recipe": "spectrum:pedestal/tier4/exchange_staff",
      "text": "潜行右击即可选择可用的放置模式。"
    },
    {
      "type": "patchouli:spotlight",
      "advancement": "spectrum:midgame/build_enchanting_structure",
      "title": "时运魔咒",
      "item": "spectrum:exchange_staff{Enchantments: [{id: \"minecraft:fortune\", lvl: 3s}]}",
      "text": "使用$(l:enchanting/enchanting_items)附魔基座$(/l)为魔杖注入时运魔咒即可在转换矿石的时候掉落更多矿物，类似通常的时运魔咒。"
    },
    {
      "type": "patchouli:spotlight",
      "advancement": "spectrum:midgame/build_enchanting_structure",
      "title": "精准采集魔咒",
      "item": "spectrum:exchange_staff{Enchantments: [{id: \"spectrum:silk_touch\", lvl: 1s}]}",
      "text": "使用$(l:enchanting/enchanting_items)附魔基座$(/l)为魔杖注入精准采集魔咒即可完全一对一地进行方块的替换，而不会破坏诸如玻璃和矿石这样的方块。"
    },
    {
      "type": "patchouli:spotlight",
      "advancement": "spectrum:lategame/create_resonance_enchanted_book",
      "title": "共振魔咒",
      "item": "spectrum:exchange_staff{Enchantments: [{id: \"spectrum:resonance\", lvl: 1s}]}",
      "text": "使用$(l:enchanting/enchanting_items)附魔基座$(/l)为魔杖注入共振魔咒即可完整地采集某些特别的方块。"
    }
  ]
}
