{
  "name": "宝石晶盔甲",
  "advancement": "spectrum:progression/unlock_gemstone_armor_category",
  "icon": "spectrum:emergency_chestplate",
  "category": "spectrum:magical_items_category",
  "extra_recipe_mappings": {
    "spectrum:emergency_helmet": 0,
    "spectrum:emergency_chestplate": 0,
    "spectrum:emergency_leggings": 0,
    "spectrum:emergency_boots": 0
  },
  "pages": [
    {
      "type": "patchouli:text",
      "text": "你已经养成了一套独特的战斗方式。$(br)为了完美地支援这种战斗方式，你用一些有趣的材料设计了一套装备。$(br2)缺点：实战表现里，这些宝石晶有点脆。因此，这些装备的耐久度相当的低。"
    },
    {
      "type": "spectrum:checklist",
      "checklist": {
        "spectrum:hidden/collect_vanilla/collect_ender_eye": "头盔：终焉的圆珠与炼狱的炽炎，交汇融合的洞见之眼",
        "spectrum:hidden/collect_vanilla/collect_nautilus_shell": "胸甲：黄金的比例，深海的螺旋",
        "spectrum:hidden/collect_vanilla/collect_phantom_membrane": "护腿：失眠的化形，梦魇的真身",
        "spectrum:hidden/collect_vanilla/collect_ghast_tear": "靴子：下界的哀愁，飘浮的怨泣"
      },
      "text": "使用$(l:general/shards)宝石晶碎片$()即可修复这些盔甲。$(br2)为了高效利用它们的特性，你需要准备如下材料："
    },
    {
      "type": "spectrum:pedestal_crafting",
      "advancement": "spectrum:hidden/collect_vanilla/collect_ender_eye",
      "recipe": "spectrum:pedestal/tier2/emergency_armor/emergency_helmet",
      "text": "受击时给予攻击者虚弱和缓慢效果，在它们的爪牙面前消失得无影无踪吧。"
    },
    {
      "type": "spectrum:pedestal_crafting",
      "advancement": "spectrum:hidden/collect_vanilla/collect_nautilus_shell",
      "recipe": "spectrum:pedestal/tier2/emergency_armor/emergency_chestplate",
      "text": "受击时给予自身伤害吸收和抗性提升效果，短暂的赋予你铜墙铁壁。"
    },
    {
      "type": "spectrum:pedestal_crafting",
      "advancement": "spectrum:hidden/collect_vanilla/collect_phantom_membrane",
      "recipe": "spectrum:pedestal/tier2/emergency_armor/emergency_leggings",
      "text": "受击时给予自身生命恢复效果，受伤了也能快速回归战斗。"
    },
    {
      "type": "spectrum:pedestal_crafting",
      "advancement": "spectrum:hidden/collect_vanilla/collect_ghast_tear",
      "recipe": "spectrum:pedestal/tier2/emergency_armor/emergency_boots",
      "text": "受击时给予自身速度和隐身效果，时时都是撤退的良机。远程战斗必备。"
    }
  ]
}
