{
  "name": "大型药水吊坠",
  "advancement": "spectrum:progression/unlock_greater_potion_pendant",
  "secret": true,
  "icon": "spectrum:greater_potion_pendant",
  "category": "spectrum:magical_items_category",
  "extra_recipe_mappings": {
    "spectrum:greater_potion_pendant": 0
  },
  "pages": [
    {
      "type": "patchouli:text",
      "text": "在功能上，它与它的$(l:magical_items/lesser_potion_pendant)小弟$(/l)相似。$(br)其具有三个分立的药液仓，各可以填充一种药水效果。然而，每一分立的药液仓容积较小，仅能容纳效果强度为I级的药水。"
    },
    {
      "type": "spectrum:fusion_shrine_crafting",
      "title": "融合配方",
      "recipe": "spectrum:fusion_shrine/trinkets/greater_potion_pendant",
      "text": "使用$(l:magical_blocks/potion_workshop)药水工作站$(/l)来灌注药水。$(br)每一种药水都会消耗你$(l:general/pigment_palette)调色板$(/l)中对应颜色的墨水。等级越高，消耗也越快。"
    }
  ]
}
