{
  "name": "心灵歌手的回报",
  "advancement": "spectrum:progression/unlock_heartsingers_reward",
  "icon": "spectrum:heartsingers_reward",
  "category": "spectrum:magical_items_category",
  "extra_recipe_mappings": {
    "spectrum:heartsingers_reward": 0
  },
  "pages": [
    {
      "type": "patchouli:text",
      "text": "如此纤巧的戒指，功能却实在不俗：消耗一点点（或很多！）粉色墨水即可由内而外地强化你自己，并赋予生命上限。"
    },
    {
      "type": "spectrum:fusion_shrine_crafting",
      "title": "融合配方",
      "recipe": "spectrum:fusion_shrine/trinkets/heartsingers_reward",
      "text": "对其注入$(l:magic/ink)粉色墨水$(/l)即可进一步提高生命上限。"
    }
  ]
}
