{
  "name": "炽热的混合物",
  "advancement": "spectrum:progression/unlock_incandescent_amalgam",
  "icon": "spectrum:incandescent_amalgam",
  "category": "spectrum:magical_items_category",
  "extra_recipe_mappings": {
    "spectrum:incandescent_amalgam": 0
  },
  "pages": [
    {
      "type": "patchouli:text",
      "text": "从理论上讲，手掌上的太阳听起来要好得多。 $(br2)现在，它就在那里......嗯，它在燃烧。 它能被制作出来且能存在 这一简单事实几乎是一个奇迹 - 真的，在桶里爆炸才是它的归宿 - 这是一种不稳定的、沸腾的乙醇混合物，混合了各种促进剂。"
    },
    {
      "type": "patchouli:text",
      "text": "一个错误的举动很容易导致它被引爆，带走附近的一切，包括你自己。然而，由于所有这些原因，以及更多的原因，凝胶的柔和、温暖的光芒引起了人们无尽的好奇心，所有的东西都被火焰吸引。毫无疑问，这实际上是一种高产量的神奇炸药，具有无穷的潜力。"
    },
    {
      "type": "spectrum:titration_barrel_fermenting",
      "title": "发酵合成",
      "recipe": "spectrum:titration_barrel/incandescent_amalgam",
      "text": "$(italic)我自己的太阳...$()$(br2)合成的时间越长，收益就越高......你真的不能责怪天使们不想从中分一杯羹。"
    },
    {
      "type": "spectrum:titration_barrel_fermenting",
      "title": "纯粹的合成",
      "recipe": "spectrum:titration_barrel/pure_incandescent_amalgam",
      "text": "$(italic)...如此耀眼！$()$(br2)"
    },
    {
      "type": "spectrum:titration_barrel_fermenting",
      "title": "蒸馏",
      "recipe": "spectrum:titration_barrel/fast_pure_alcohol",
      "text": "炽烈混合物的原始燃烧能使它特别适合纯酒精蒸馏"
    }
  ]
}