{
  "name": "罐装饮品",
  "icon": "spectrum:infused_beverage",
  "advancement": "spectrum:progression/unlock_titration_barrel",
  "category": "spectrum:magical_items_category",
  "extra_recipe_mappings": {
    "spectrum:infused_beverage": 0,
    "spectrum:pure_alcohol": 0
  },
  "pages": [
    {
      "type": "patchouli:text",
      "title": "酿酒的艺术",
      "text": "发酵是一个非常自然的过程，需要时间和细心。因为从来没有完全受控的环境，所以存在许多变量:$(li)时间:桶内发酵需要时间。你给这个过程的时间越长，变化就越大。发酵的时间越长，大多数饮料会得到更强烈甚至额外的效果"
    },
    {
      "type": "patchouli:text",
      "text": "$(li)温度:温度越高，随着时间的推移，你的酒精蒸发的就越多。这被称为天使的那一份。$(li)湿度:空气越潮湿，与酒精相比，蒸发的水分就越多，从而使饮料味道更浓$(li)水的份额:增加原料与水的比率是一种微妙的平衡，但也是一种可以利用的平衡。更浓的浓度使饮料发酵得更快，尽管以缩短状态效果持续时间为代价。"
    },
    {
      "type": "spectrum:titration_barrel_fermenting",
      "title": "麦芽啤酒",
      "recipe": "spectrum:titration_barrel/infused_beverages/malt_beer",
      "text": "麦芽啤酒既能填饱肚子，尝起来又甜又香。多好的组合啊。"
    },
    {
      "type": "spectrum:confirmation_button",
      "title": "安全问题",
      "checked_advancement": "spectrum:milestones/confirmed_drinking_age",
      "button_text": "我确定",
      "button_text_confirmed": "已确定 ✔",
      "confirmation": "confirm_drinking_age",
      "text": "$(thing)发酵桶$()能够酿造酒精饮料。如果你在你的国家已经达到了饮酒的年龄，你可以按下下面的按钮来解锁这些配方。$(br)如果没有，不要担心--不会影响游戏的内容。"
    },
	{
      "type": "spectrum:titration_barrel_fermenting",
      "advancement": "spectrum:milestones/confirmed_drinking_age",
      "title": "啤酒",
      "recipe": "spectrum:titration_barrel/infused_beverages/beer",
      "recipe2": "spectrum:titration_barrel/infused_beverages/ale",
      "text": "除了给予急迫之外，它还可以根据发酵的时间赋予一点饱和度。"
    },
	{
      "type": "spectrum:titration_barrel_fermenting",
      "advancement": "spectrum:milestones/confirmed_drinking_age",
      "title": "",
      "recipe": "spectrum:titration_barrel/infused_beverages/lager",
      "recipe2": "spectrum:titration_barrel/infused_beverages/porter",
      "text": "只是...不要煮太久，否则它们会变质，最后变得难吃。"
    },
    {
      "type": "spectrum:titration_barrel_fermenting",
      "advancement": "spectrum:progression/unlock_gin",
      "title": "金酒",
      "recipe": "spectrum:titration_barrel/infused_beverages/gin",
      "text": "由 $(l:resources/amaranth)苋菜$(/l)制成, 给予 $(thing)幸运$() 和 $(thing)急迫$()效果。"
    },
    {
      "type": "spectrum:titration_barrel_fermenting",
      "advancement": "spectrum:milestones/confirmed_drinking_age",
      "title": "朗姆酒",
      "recipe": "spectrum:titration_barrel/infused_beverages/rum",
      "text": "强烈的味道，通过彩色木材的影响变得更加强烈，给予 $(thing)生命吸收$() 和 $(thing)抗性提升$()效果。"
    },
    {
      "type": "spectrum:titration_barrel_fermenting",
      "advancement": "spectrum:milestones/confirmed_drinking_age",
      "title": "蜂蜜酒",
      "recipe": "spectrum:titration_barrel/infused_beverages/mead",
      "text": "蜂蜜中的大量糖分非常适合发酵。发酵后是一种强烈的，虽然仍然是甜的饮料。"
    },
    {
      "type": "spectrum:titration_barrel_fermenting",
      "advancement": "spectrum:milestones/confirmed_drinking_age",
      "title": "苹果汁",
      "recipe": "spectrum:titration_barrel/infused_beverages/apple_cider",
      "text": "发酵的苹果，通常很甜，略带酸味——如果你不忘记尽快品尝的话。"
    },
    {
      "type": "spectrum:titration_barrel_fermenting",
      "advancement": "spectrum:milestones/confirmed_drinking_age",
      "title": "金苹果汁",
      "recipe": "spectrum:titration_barrel/infused_beverages/golden_apple_cider",
      "recipe2": "spectrum:titration_barrel/infused_beverages/enchanted_apple_cider",
      "text": "比普通的同类产品要强得多。随着时间的推移不会变坏，而且味道肯定会很好。"
    },
    {
      "type": "spectrum:titration_barrel_fermenting",
      "advancement": "spectrum:milestones/confirmed_drinking_age",
      "title": "浆果汁",
      "recipe": "spectrum:titration_barrel/infused_beverages/berry_cider",
      "recipe2": "spectrum:titration_barrel/infused_beverages/glow_berry_cider",
      "text": "一种比苹果更有果味的苹果酒。荧光变体似乎发酵得更快一些，但也......嗯...让你发亮。"
    },
    {
      "type": "spectrum:titration_barrel_fermenting",
      "advancement": "spectrum:milestones/confirmed_drinking_age",
      "title": "浆果酒",
      "recipe": "spectrum:titration_barrel/infused_beverages/berry_liquor",
      "recipe2": "spectrum:titration_barrel/infused_beverages/glow_berry_liquor",
      "text": "浆果也可用于酿酒。它更粘稠、更甜、更烈，但需要更长的时间来发酵。"
    },
    {
      "type": "spectrum:titration_barrel_fermenting",
      "advancement": "spectrum:progression/unlock_mint_beverages",
      "title": "薄荷饮品",
      "recipe": "spectrum:titration_barrel/infused_beverages/mint_cream",
      "recipe2": "spectrum:titration_barrel/infused_beverages/mint_schnapps",
      "text": "$(italic)幸运之酒"
    },
    {
      "type": "spectrum:titration_barrel_fermenting",
      "advancement": "spectrum:milestones/confirmed_drinking_age",
      "title": "青蒿酒 & 蛋黄酒",
      "recipe": "spectrum:titration_barrel/infused_beverages/artemisa",
      "recipe2": "spectrum:titration_barrel/infused_beverages/advocaat",
      "text": ""
    },
    {
      "type": "spectrum:titration_barrel_fermenting",
      "advancement": "spectrum:milestones/confirmed_drinking_age",
      "title": "白兰地酒 & 兔子奶油",
      "recipe": "spectrum:titration_barrel/infused_beverages/damassine",
      "recipe2": "spectrum:titration_barrel/infused_beverages/hare_bane_creme",
      "text": ""
    },
    {
      "type": "spectrum:titration_barrel_fermenting",
      "advancement": "spectrum:milestones/confirmed_drinking_age",
      "title": "伏特加",
      "recipe": "spectrum:titration_barrel/infused_beverages/vodka",
      "recipe2": "spectrum:titration_barrel/infused_beverages/poisonous_vodka",
      "text": "随着时间的推移，它只会变得越来越烈。只有一个问题。你希望它有多大的杀伤力？"
    },
    {
      "type": "spectrum:titration_barrel_fermenting",
      "advancement": "spectrum:milestones/confirmed_drinking_age",
      "title": "龙舌兰酒",
      "recipe": "spectrum:titration_barrel/infused_beverages/tequila",
      "text": "随着时间的推移 会越来越强。味道就像在酒吧打架。"
    },
    {
      "type": "patchouli:spotlight",
      "title": "纯酒精",
      "advancement": "spectrum:tap_pure_alcohol",
      "anchor": "pure_alcohol",
      "item": "spectrum:pure_alcohol",
      "text": "你的记忆力并不总是合格的。不知何故，你最终得到了这瓶酒。肯定是比计划的要强一些...$(br)更多的是为了消毒而不是为了喝。"
    }
  ]
}