{
  "name": "玉酒",
  "advancement": "spectrum:progression/unlock_jade_wine",
  "icon": "spectrum:jade_wine",
  "category": "spectrum:magical_items_category",
  "extra_recipe_mappings": {
    "spectrum:jade_wine": 0,
    "spectrum:chrysocolla": 0
  },
  "pages": [
    {
      "type": "patchouli:text",
      "text": "由于玉藤花以其恢复性而闻名，难怪这些东西在发酵后会有完美的转化。$(br)与球茎的轻微苦味相比，加入一些花瓣会带来更多的花香和轻微的酸味，再加上泥土的底色--几乎与葡萄酒相似，呈标志性的玉色。 "
    },
    {
      "type": "spectrum:titration_barrel_fermenting",
      "title": "发酵配方",
      "recipe": "spectrum:titration_barrel/special/jade_wine",
      "text": "1桶水、1个玉藤种子外加3个玉藤花瓣感觉是一个好的起点。$(br2)发酵的时间越长，味道就越浓。 $(br2)$(italic)增加一点甜味对它有好处，你肯定会的。"
    },
    {
      "type": "patchouli:spotlight",
      "title": "甜化",
      "advancement": "spectrum:midgame/tap_sweetened_jade_wine",
      "anchor": "sweetened_jade_wine",
      "item": "spectrum:moonstruck_nectar",
      "text": "加入一滴 $(item)望舒琼浆$() 似乎会使葡萄酒更容易饮用。发酵过程增加，负面影响也明显减弱。"
    },
    {
      "type": "patchouli:spotlight",
      "advancement": "spectrum:midgame/tap_chrysocolla",
      "anchor": "chrysocolla",
      "item": "spectrum:chrysocolla",
      "text": "玉酒发酵时间 $(italic)过长$() 的结果。$(br)味道极其苦涩，略带酸味。$(br)虽然它保留了玉酒的一些特性，但似乎更适合药用而不是饮用。$(br)但是，你知道......会有人阻止你吗？"
    }
  ]
}