{
  "name": "孤勇戒指",
  "advancement": "spectrum:progression/unlock_jeopardant",
  "icon": "spectrum:jeopardant",
  "category": "spectrum:magical_items_category",
  "extra_recipe_mappings": {
    "spectrum:jeopardant": 0
  },
  "pages": [
    {
      "type": "patchouli:text",
      "text": "紧要关头时流经血管的可以不止肾上腺素。$(br)你所失去的每一颗心都会让戒指之间的$(l:resources/scarlet)绯红宝石$()闪烁得更加耀眼逼人。绯红的光芒随心搏动，越发疾速的心跳即是越发致命的反击——你的伤害输出随血量递减呈指数递增。"
    },
    {
      "type": "spectrum:fusion_shrine_crafting",
      "title": "融合配方",
      "recipe": "spectrum:fusion_shrine/trinkets/jeopardant",
      "text": "$(italic)此情此景你何以响应？$(br)神不定，心不停，唯以命搏命，以命敌命"
    }
  ]
}
