{
  "name": "知识宝石",
  "advancement": "spectrum:progression/unlock_knowledge_gem",
  "icon": "spectrum:knowledge_gem{stored_experience:500}",
  "category": "spectrum:magical_items_category",
  "extra_recipe_mappings": {
    "spectrum:knowledge_gem": 0
  },
  "pages": [
    {
      "type": "patchouli:text",
      "text": "$(italic)杀死敌人掉落的翠绿色的球似乎有启智的功效。$(br2)然而，粗心大意笨手笨脚的死亡在所难免，这些经验就这么丢失可真是可惜。把这种经验用结晶的方式存储起来塞进箱子里，总比带在身上要安全得多了。$()"
    },
    {
      "type": "spectrum:pedestal_crafting",
      "title": "基座配方",
      "recipe": "spectrum:pedestal/tier3/knowledge_gem",
      "text": "一个宝石可以存储最多10000点经验。使用$(l:enchanting/enchanting_items)附魔基座$()注入$(thing)效率$()魔咒即可提升这个上限。$(thing)快速装填$()魔咒则能加快经验的传输速率，使得存储和提取更为方便。"
    }
  ]
}
