{
  "name": "潟湖钓竿",
  "advancement": "spectrum:progression/unlock_lagoon_rod",
  "secret": true,
  "icon": "spectrum:lagoon_rod",
  "category": "spectrum:magical_items_category",
  "extra_recipe_mappings": {
    "spectrum:lagoon_rod": 0
  },
  "pages": [
    {
      "type": "patchouli:text",
      "text": "在安静的日子里，在你的庭院里，你观察到美人鱼宝石对海洋生物有一种非常特殊的吸引力。再加上它们自然地漂浮在水面上，你可以用它们来作为浮标。$(br2)看吧，它不仅能提高你的成功率，而且还有不少其他有趣的副作用...."
    },
    {
      "type": "spectrum:pedestal_crafting",
      "title": "基座配方",
      "recipe": "spectrum:pedestal/tier1/tools/lagoon_rod",
      "text": "$(italic)你想知道你能带来什么吗？"
    }
  ]
}