{
  "name": "小型药水吊坠",
  "advancement": "spectrum:progression/unlock_lesser_potion_pendant",
  "icon": "spectrum:lesser_potion_pendant",
  "category": "spectrum:magical_items_category",
  "extra_recipe_mappings": {
    "spectrum:lesser_potion_pendant": 0
  },
  "pages": [
    {
      "type": "patchouli:text",
      "text": "药水多好用啊。然而半个背包里都塞满药水可就是真的不方便。$(br)药水吊坠内含一个药液仓，可在其中填充药剂。只需穿戴吊坠，你就能获得其中的药水效果了。$(br)药水并未被饮用吸收，因此效果等级最高为III级。"
    },
    {
      "type": "spectrum:fusion_shrine_crafting",
      "title": "融合配方",
      "recipe": "spectrum:fusion_shrine/trinkets/lesser_potion_pendant",
      "text": "使用$(l:magical_blocks/potion_workshop)药水工作站$(/l)来灌注药水即可，就像灌注玻璃瓶一样。$(br)若要清除效果，放入合成栏中即可。"
    }
  ]
}
