{
  "name": "幸运卷",
  "advancement": "spectrum:progression/unlock_lucky_roll",
  "icon": "spectrum:lucky_roll",
  "category": "spectrum:magical_items_category",
  "extra_recipe_mappings": {
    "spectrum:lucky_roll": 0
  },
  "pages": [
    {
      "type": "patchouli:text",
      "text": "除了作为艺术家的主要工作之外，你终究要成为一名糕点师吗？这些看起来并不坏（味道也不错！）。$(br2)由 $(l:resources/amaranth)苋菜$(/l), $(thing)糖$(), $(thing)牛奶$(), 以及 $(l:resources/clover)三叶草$()制成, 它有一个非常特殊的效果：你注意到你在处理有财富、掠夺和其他基于随机的东西的工具时更成功一点。"
    },
    {
      "type": "spectrum:pedestal_crafting",
      "title": "基座配方",
      "recipe": "spectrum:pedestal/tier1/lucky_roll",
      "text": "$(italic)幸运之卷，明白吗？"
    }
  ]
}
