{
  "name": "月光",
  "advancement": "spectrum:progression/unlock_moonshine",
  "secret": true,
  "icon": "spectrum:moonshine",
  "category": "spectrum:magical_items_category",
  "extra_recipe_mappings": {
    "spectrum:moonshine": 0
  },
  "pages": [
    {
      "type": "patchouli:text",
      "text": "你想出了一个令人兴奋的组合。$(br)在口中非常清淡。温和、甜美的燃烧，不仅让你稍稍忘却烦恼：那些让你担心的事情也会让你稍稍忘却。"
    },
    {
      "type": "spectrum:titration_barrel_fermenting",
      "title": "发酵配方",
      "recipe": "spectrum:titration_barrel/moonshine",
      "text": "$(italic)味道就像在月球上行走"
    }
  ]
}