{
  "name": "多功能工具",
  "advancement": "spectrum:build_basic_pedestal_structure",
  "icon": "spectrum:multitool",
  "category": "spectrum:magical_items_category",
  "extra_recipe_mappings": {
    "spectrum:multitool": 0
  },
  "pages": [
    {
      "type": "patchouli:spotlight",
      "item": "spectrum:multitool",
      "text": "出门冒险的时候，你总要带上一大包工具，虽然相比身上大把大把的石头是不值一提。但无论如何，一种结合了镐、斧、锹和锄的功能的通用工具确实适合你。$()$(br)"
    },
    {
      "type": "spectrum:pedestal_crafting",
      "title": "基座配方",
      "recipe": "spectrum:pedestal/tier2/multitool",
      "text": "多功能工具仅仅只是结合多方面的功能，性能上并没有比单项的工具要来得优越，但总比每三秒钟都换一个工具要来得好。"
    }
  ]
}
