{
  "name": "整洁的戒指",
  "advancement": "spectrum:progression/unlock_neat_ring",
  "icon": "spectrum:neat_ring",
  "secret": true,
  "category": "spectrum:magical_items_category",
  "extra_recipe_mappings": {
    "spectrum:neat_ring": 0
  },
  "pages": [
    {
      "type": "patchouli:text",
      "text": "$(italic)整洁。整。洁。"
    },
    {
      "type": "spectrum:fusion_shrine_crafting",
      "title": "融合配方",
      "recipe": "spectrum:fusion_shrine/trinkets/neat_ring",
      "text": ""
    }
  ]
}
