{
  "name": "建造法杖",
  "advancement": "spectrum:progression/unlock_placement_staff",
  "icon": "spectrum:placement_staff",
  "category": "spectrum:magical_items_category",
  "extra_recipe_mappings": {
    "spectrum:placement_staff": 0
  },
  "pages": [
    {
      "type": "patchouli:text",
      "text": "放置方块又累又花时间，你曾一度怀疑它是不是占据了你生命的全部——$(br2)嗯，$(italic)曾一度$()，现在可以放下怀疑了。"
    },
    {
      "type": "spectrum:pedestal_crafting",
      "title": "基座配方",
      "recipe": "spectrum:pedestal/tier2/placement_staff",
      "text": "潜行右击即可选择可用的放置模式。"
    }
  ]
}
