{
  "name": "自带附魔工具",
  "advancement": "spectrum:progression/tools/unlock_any_preenchanted_tool",
  "icon": "spectrum:fortune_pickaxe",
  "category": "spectrum:magical_items_category",
  "extra_recipe_mappings": {
    "spectrum:silker_pickaxe": 0,
    "spectrum:fortune_pickaxe": 0,
    "spectrum:looting_falchion": 0,
    "spectrum:voiding_pickaxe": 0,
    "spectrum:resonant_pickaxe": 0
  },
  "pages": [
    {
      "type": "patchouli:text",
      "text": "愚钝的黑曜石台子真是死活吐不出什么好附魔。$(br)此外，你还要养牛宰牛获取皮革，或者把村庄的书架洗劫一空才有书够用（怪不得村民总喜欢蠢蠢地送命呢）。"
    },
    {
      "type": "patchouli:text",
      "text": "既然你很清楚你的需求，再借助一点色彩的魔力，你就自然可以打造能直接满足需求的工具。$(br)可惜的是，这样制作而成的工具大多相当不耐用。"
    },
    {
      "type": "spectrum:pedestal_crafting",
      "title": "轻柔之镐",
      "advancement": "spectrum:progression/tools/unlock_silker_pickaxe",
      "recipe": "spectrum:pedestal/tier1/tools/silker_pickaxe",
      "text": "这个镐子的镐头由托帕石装点而成，可以轻柔地采集最为脆弱的矿物。$(br)轻柔之镐自带$(c_cyan)$(bold)精准采集$()。"
    },
    {
      "type": "spectrum:pedestal_crafting",
      "title": "幸运之镐",
      "advancement": "spectrum:progression/tools/unlock_fortune_pickaxe",
      "recipe": "spectrum:pedestal/tier1/tools/fortune_pickaxe",
      "text": "镐头被注入了$(c_yellow)能量$()的活力，能轻易地将矿物的每一分精华都开采殆尽。幸运之镐自带$(c_yellow)$(bold)时运III$()。"
    },
    {
      "type": "spectrum:pedestal_crafting",
      "title": "抢夺利器",
      "advancement": "spectrum:progression/tools/unlock_looting_falchion",
      "recipe": "spectrum:pedestal/tier1/tools/looting_falchion",
      "text": "锋锐的短刃可谓刀刀入魂，可惜的是这等利器并不耐久。$(br)抢夺利器自带$(c_magenta)$(bold)抢夺III$()。"
    },
    {
      "type": "spectrum:pedestal_crafting",
      "title": "净除之镐",
      "advancement": "spectrum:progression/tools/unlock_voiding_pickaxe",
      "recipe": "spectrum:pedestal/tier2/voiding_pickaxe",
      "text": "工具中的异类，挖掘速度与耐久都相当杰出。但是，被挖掘的方块$(l:enchanting/curse_of_the_void)会被直接销毁$()。"
    },
    {
      "type": "patchouli:text",
      "title": "共鸣之镐",
      "advancement": "spectrum:progression/tools/unlock_resonant_pickaxe",
      "recipe": "spectrum:pedestal/tier4/resonant_pickaxe",
      "text": "这把蔚蓝的镐子能自然地与周围产生共鸣。这样一来，哪怕是必遭蛮力摧毁的事物，也能被采集下来了。$(br)共鸣之镐自带$(l:enchanting/resonance)共振$(/l)。"
    }
  ]
}
