{
  "name": "蓬蓬头箍",
  "advancement": "spectrum:progression/unlock_puff_circlet",
  "secret": true,
  "icon": "spectrum:puff_circlet",
  "category": "spectrum:magical_items_category",
  "extra_recipe_mappings": {
    "spectrum:puff_circlet": 0
  },
  "pages": [
    {
      "type": "patchouli:text",
      "text": "这个闪闪发亮的头箍会在你的周围形成一层空气保护罩。$(br)给予$(c_green)4$()点$(c_blue)蔚蓝护盾值$()。$(br)这层防护罩不仅保护你免于弹射物侵袭，还能起到落地缓冲的效果。$(br)蓬蓬头箍同时可以防止你踩踏农田。"
    },
    {
      "type": "spectrum:fusion_shrine_crafting",
      "title": "融合配方",
      "recipe": "spectrum:fusion_shrine/trinkets/puff_circlet",
      "text": "$(italic)暗箭难防的往日早已不再。"
    }
  ]
}
