{
  "name": "辐芒胸针",
  "advancement": "spectrum:progression/unlock_radiance_pin",
  "icon": "spectrum:radiance_pin",
  "category": "spectrum:magical_items_category",
  "extra_recipe_mappings": {
    "spectrum:radiance_pin": 0
  },
  "pages": [
    {
      "type": "patchouli:text",
      "text": "和$(l:magical_items/radiance_staff)辐芒法杖$(/l)一样的名字可不是白叫的。$(br)胸针会为身处黑暗之中的你点亮隐形的光源。然而，和$(l:magical_items/radiance_staff)辐芒法杖$(/l)不同的是，这道光芒会越发微弱，直至消散。"
    },
    {
      "type": "spectrum:fusion_shrine_crafting",
      "title": "融合配方",
      "recipe": "spectrum:fusion_shrine/trinkets/radiance_pin",
      "text": "洞窟探险所经之路，点明再看是否也别有一番趣味呢？"
    }
  ]
}
