{
  "name": "冰糖",
  "advancement": "spectrum:progression/unlock_rock_candy",
  "icon": "spectrum:rock_candy",
  "category": "spectrum:magical_items_category",
  "extra_recipe_mappings": {
    "spectrum:sugar_stick": 0,
    "spectrum:topaz_sugar_stick": 0,
    "spectrum:amethyst_sugar_stick": 0,
    "spectrum:citrine_sugar_stick": 0,
    "spectrum:onyx_sugar_stick": 0,
    "spectrum:moonstone_sugar_stick": 0,

    "spectrum:rock_candy": 0,
    "spectrum:topaz_rock_candy": 0,
    "spectrum:amethyst_rock_candy": 0,
    "spectrum:citrine_rock_candy": 0,
    "spectrum:onyx_rock_candy": 0,
    "spectrum:moonstone_rock_candy": 0
  },
  "pages": [
    {
      "type": "patchouli:text",
      "text": "一根上面有糖的棍子。$(br2)...等等，等等，还没完！$(br)如果你把这根棍子放在方块底部，让它浸入 $(l:magical_blocks/liquid_crystal)液晶$(/l)中, 你只需要慢慢地在液体中溶解更多的糖，直到这根棍子变成一根甜脆的糖果棒。"
    },
    {
      "type": "spectrum:pedestal_crafting",
      "title": "基座配方",
      "recipe": "spectrum:pedestal/tier3/food/sugar_stick",
      "text": "你甚至可以在浸泡时添加更多的东西，而不仅仅是普通的糖？ 液态 $(italic)水晶$() 和所有这些..."
    },
    {
      "type": "patchouli:image",
      "title": "栽培冰糖",
      "images": [
        "spectrum:textures/gui/manual/rock_candy_growing.png"
      ],
      "text": "使用$(thing)精准采集$()保持它们的原样以用作精美的灯，或仅用于装饰。"
    },
    {
      "type": "patchouli:spotlight",
      "item": "spectrum:topaz_rock_candy",
      "title": "宝石糖",
      "advancement": "spectrum:midgame/collect_gemstone_rock_candy",
      "text": "将 $(l:general/gemstone_powder)宝石粉$(/l) 而不是糖 溶解在液晶中，使冰糖呈现出宝石的典型颜色。$(br2)你一直想知道这些东西是什么味道。这绝对是一个比把它们吸进鼻子里更健康的选择。"
    }
  ]
}
