{
  "name": "飞跃靴子",
  "advancement": "spectrum:progression/unlock_seven_league_boots",
  "icon": "spectrum:seven_league_boots",
  "category": "spectrum:magical_items_category",
  "extra_recipe_mappings": {
    "spectrum:seven_league_boots": 0
  },
  "pages": [
    {
      "type": "patchouli:text",
      "text": "赶路很花时间。$(br)尤其是去找$(l:resources/geodes)晶洞$(/l)的时候，会常常因为路途遥远而耗费掉不少时间。$(br)穿上这双靴子，你的机动性就可以提高不少。"
    },
    {
      "type": "spectrum:fusion_shrine_crafting",
      "title": "融合配方",
      "recipe": "spectrum:fusion_shrine/trinkets/seven_league_boots",
      "text": "提升移动速度和抬步高度。"
    },
    {
      "type": "patchouli:spotlight",
      "advancement": "spectrum:progression/enchantments/vanilla_projectile",
      "title": "力量魔咒",
      "item": "spectrum:seven_league_boots{Enchantments: [{id: \"minecraft:power\", lvl: 5s}]}",
      "text": "力量魔咒可以进一步提升移动速度。"
    }
  ]
}
