{
  "name": "星糖",
  "advancement": "spectrum:progression/unlock_star_candy",
  "icon": "spectrum:star_candy",
  "category": "spectrum:magical_items_category",
  "extra_recipe_mappings": {
    "spectrum:star_candy": 0,
    "spectrum:purple_star_candy": 0
  },
  "pages": [
    {
      "type": "patchouli:text",
      "text": "看来那些 $(l:resources/stargazing)流星$(/l) 的秘密比你以前想象的要多，而且是奇怪的秘密。$(br)烘烤的星尘吃起来出奇的清爽，当天赐的糖果在你口中融化时，这种魔力让你的舌头发麻。事后你感觉健康了许多，很奇怪。$(br)坚硬的金黄色果肉上有一些紫色斑点，像星星碎片一样闪闪发光。"
    },
    {
      "type": "spectrum:pedestal_crafting",
      "title": "基座配方",
      "recipe": "spectrum:pedestal/tier2/food/star_candy",
      "text": "也许这些斑点是其恢复性的来源？你不禁要问，是否有可能做出一个全紫色的？"
    },
    {
      "type": "patchouli:spotlight",
      "title": "一个罕见的发现",
      "advancement": "spectrum:hidden/collect_purple_star_candy",
      "item": "spectrum:purple_star_candy",
      "text": "你还真的做到了！$(br)即使只是触摸那些布满星星的条纹，也会让你有一种吃下整块食物的感觉。"
    }
  ]
}
