{
  "name": "啜泣头箍",
  "advancement": "spectrum:progression/unlock_tidal_circlet",
  "icon": "spectrum:tidal_circlet",
  "category": "spectrum:magical_items_category",
  "extra_recipe_mappings": {
    "spectrum:tidal_circlet": 0
  },
  "pages": [
    {
      "type": "patchouli:text",
      "text": "在水下这些神殿一样的危险建筑里探险真教人叫苦连天。还好，你幸运地在海底的宝藏之中找到了海洋之心。$(br)戴上头箍，你在水下作业就有如在地面上一般自然。头箍提升游泳和挖掘速度，且让你不再窒息，视线也更加清晰。$(br)还能帮你治愈周边的美西螈伙伴哦~♥"
    },
    {
      "type": "spectrum:fusion_shrine_crafting",
      "title": "融合配方",
      "recipe": "spectrum:fusion_shrine/trinkets/tidal_circlet",
      "text": "$(italic)想过在海底安居吗？……没想过？$(br)算了，无论想没想过，现在可以了。$(br)搞一个水下基地吧！"
    }
  ]
}
