{
  "name": "松糕",
  "icon": "spectrum:jaramel_trifle",
  "advancement": "spectrum:progression/unlock_trifles",
  "category": "spectrum:magical_items_category",
  "extra_recipe_mappings": {
    "spectrum:jaramel_trifle": 0,
    "spectrum:salted_jaramel_trifle": 0,
    "spectrum:monster_trifle": 0
  },
  "pages": [
    {
      "type": "patchouli:text",
      "text": "甜美的美食，保证不仅给你带来糖分的刺激 - 根据配料的不同，非常激烈，主要是 $(thing)有攻击性$() 的配料。$(br)由 $(l:resources/jade_vines#jaramel)焦糖$(/l), $(thing)鸡蛋$() & $(l:resources/amaranth)苋菜$(/l)制成。 即使是最基本的味道也很棒！"
    },
    {
      "type": "spectrum:pedestal_crafting",
      "title": "焦糖松糕",
      "recipe": "spectrum:pedestal/tier3/food/jaramel_trifle",
      "text": "经典之作。唯一能让这个更美味的东西是你的敌人的眼泪。"
    },
    {
      "type": "spectrum:pedestal_crafting",
      "advancement": "spectrum:midgame/craft_salted_jaramel_trifle_or_tart",
      "recipe": "spectrum:pedestal/tier3/food/salted_jaramel_trifle",
      "text": "$(italic)齁得慌"
    },
    {
      "type": "spectrum:pedestal_crafting",
      "recipe": "spectrum:pedestal/tier3/food/monster_trifle",
      "text": "随机给予一种效果，想赌一把吗？"
    }
  ]
}