{
  "type": "minecraft:entity",
  "pools": [
    {
      "rolls": 1,
      "entries": [
        {
          "type": "minecraft:empty",
          "weight": 9
        },
        {
          "type": "minecraft:item",
          "weight": 1,
          "name": "minecraft:skeleton_skull"
        }
      ]
    },
    {
      "rolls": 1,
      "entries": [
        {
          "type": "minecraft:empty",
          "weight": 4
        },
        {
          "type": "minecraft:item",
          "weight": 1,
          "name": "minecraft:netherite_scrap"
        }
      ]
    }
  ]
}
