{
	"pages":[
		{
			"text":"创造人造生命一直以来都是人们的梦想。$(br)既然你手握魔法宝石晶的魔力，这想必是小菜一碟？",
			"type":"patchouli:text",
			"title":"创造生命"
		},
		{
			"text":"宝石晶蕴含的原始魔力是最好的切入对象。$(br2)你身为不死之躯，那就有大把大把时间潜心钻研。$(br)（上次一头直立行走的绿猪令你大吃一惊，第二天早上你便在床上惊醒）$(br2)那么，是实验的时候了！",
			"type":"patchouli:text"
		}
	],
	"advancement":"spectrum:progression/unlock_bottle_of_fading",
	"name":"创造生命",
	"icon":"minecraft:egg",
	"category":"spectrum:creating_life_category",
	"priority":true
}