{
	"pages":[
		{
			"item":"spectrum:bottle_of_decay_away",
			"text":"你上次的实验不仅危险，还很难清理干净。$(br)为防止事态失控，你创造了这种变体微生物。这次，是为修缮而非吞没你的基地。$(br2)这主意不就好多了！",
			"title":"祛消解微生物",
			"type":"patchouli:spotlight"
		},
		{
			"recipe":"spectrum:pedestal/tier3/bottle_of_decay_away",
			"text":"去除99%的自我复制微生物。",
			"type":"spectrum:pedestal_crafting",
			"title":"基座配方"
		}
	],
	"advancement":"spectrum:progression/unlock_bottle_of_decay_away",
	"extra_recipe_mappings":{
		"spectrum:bottle_of_decay_away":0
	},
	"name":"祛消解微生物",
	"icon":"spectrum:bottle_of_decay_away",
	"category":"spectrum:creating_life_category"
}