{
	"pages":[
		{
			"item":"spectrum:bottle_of_failing",
			"text":"注入了缟玛瑙和绯红宝石的强大潜能之后，你研发的第二款有机体显然……比上次的要活跃得多。$(br2)$(bold)而且绝对非常饥饿。$(br)非常，非常饥饿。",
			"type":"patchouli:spotlight"
		},
		{
			"recipe":"spectrum:pedestal/tier3/bottle_of_failing",
			"text":"兴许某种特别强硬的材料可以满足它们？",
			"type":"spectrum:pedestal_crafting",
			"title":"基座配方"
		},
		{
			"item":"spectrum:neolith",
			"advancement":"spectrum:midgame/collect_neolith",
			"anchor":"neolith",
			"text":"黑曜石被化为齑粉。原来这就是纯粹的力量吗！$(br2)产物是一种坚实的材料。",
			"type":"patchouli:spotlight",
			"title":"坚新石"
		}
	],
	"advancement":"spectrum:progression/unlock_bottle_of_failing",
	"extra_recipe_mappings":{
		"spectrum:bottle_of_failing":0,
		"spectrum:neolith":0
	},
	"name":"实验#2：蚀解",
	"icon":"spectrum:bottle_of_failing",
	"turnin":"spectrum:midgame/collect_neolith",
	"category":"spectrum:creating_life_category"
}