{
	"pages":[
		{
			"item":"spectrum:memory{EntityTag: {id: \"minecraft:fox\"}, TicksToManifest: 20}",
			"text":"有了$(l:creating_life/spirit_instiller)灵魂灌注台$(/l)，你可以复苏死去的生物。$(br)它们会以$(italic)回忆$()的形式具现化。",
			"type":"patchouli:spotlight",
			"title":"回忆"
		},
		{
			"recipe":"spectrum:spirit_instiller/memories/fox",
			"text":"重唤回忆需要生物的$(l:creating_life/mob_heads)头颅$(/l)和它最喜欢的物品，并使用$(l:creating_life/fading#vegetal)植本质$(/l)作为介质进行结合。$(br)换用$(l:creating_life/failing#neolith)坚新石$(/l)则会完全遮蔽生物本来的能量，使得回忆本身无法被识别，直到它完全具现化为止。",
			"type":"spectrum:spirit_instiller_crafting",
			"title":"灵魂灌注配方"
		},
		{
			"text":"回忆具现是需要时间的，好比孵蛋：放置下来，静等孵化。所耗时间长短也取决于生物种类：可能很快，也可能要等上一辈子。$(br2)$(italic)放置在某些特定的方块上似乎能加速这一进程，抑或是令其完全停止。",
			"type":"patchouli:text",
			"title":"具现化"
		}
	],
	"advancement":"spectrum:midgame/collect_neolith",
	"extra_recipe_mappings":{
		"spectrum:memory":0
	},
	"name":"回忆",
	"icon":"spectrum:memory{EntityTag: {id: \"minecraft:fox\"}, TicksToManifest: 20}",
	"category":"spectrum:creating_life_category"
}