{
	"pages":[
		{
			"item":"spectrum:cow_head",
			"text":"$(l:enchanting/treasure_hunter)灵魂猎手$(/l)附魔可以获取生物的头颅。$(br)作为彰显征服战果的展品固然不错，但它们依稀闪烁着曾有的生气。",
			"type":"patchouli:spotlight",
			"title":"生物头颅"
		}
	],
	"advancement":"spectrum:progression/enchantments/treasure_hunter",
	"extra_recipe_mappings":{
		"spectrum:sheep_purple_head":0,
		"spectrum:horse_head":0,
		"spectrum:fox_arctic_head":0,
		"spectrum:goat_head":0,
		"spectrum:bee_head":0,
		"spectrum:vindicator_head":0,
		"spectrum:slime_head":0,
		"spectrum:salmon_head":0,
		"spectrum:wolf_head":0,
		"spectrum:fox_head":0,
		"spectrum:parrot_cyan_head":0,
		"spectrum:wandering_trader_head":0,
		"spectrum:husk_head":0,
		"spectrum:sheep_lime_head":0,
		"spectrum:pig_head":0,
		"spectrum:shulker_pink_head":0,
		"spectrum:axolotl_blue_head":0,
		"spectrum:parrot_gray_head":0,
		"spectrum:rabbit_head":0,
		"spectrum:vex_head":0,
		"spectrum:cow_head":0,
		"spectrum:shulker_yellow_head":0,
		"spectrum:sheep_black_head":0,
		"spectrum:cave_spider_head":0,
		"spectrum:evoker_head":0,
		"spectrum:phantom_head":0,
		"spectrum:shulker_green_head":0,
		"spectrum:shulker_black_head":0,
		"spectrum:sheep_green_head":0,
		"spectrum:glow_squid_head":0,
		"spectrum:shulker_white_head":0,
		"spectrum:drowned_head":0,
		"spectrum:enderman_head":0,
		"spectrum:bat_head":0,
		"spectrum:ghast_head":0,
		"spectrum:illusioner_head":0,
		"spectrum:sheep_brown_head":0,
		"spectrum:clownfish_head":0,
		"spectrum:ravager_head":0,
		"spectrum:shulker_light_blue_head":0,
		"spectrum:guardian_head":0,
		"spectrum:hoglin_head":0,
		"spectrum:parrot_blue_head":0,
		"spectrum:panda_head":0,
		"spectrum:sheep_light_blue_head":0,
		"spectrum:silverfish_head":0,
		"spectrum:shulker_orange_head":0,
		"spectrum:axolotl_leucistic_head":0,
		"spectrum:sheep_white_head":0,
		"spectrum:magma_cube_head":0,
		"spectrum:sheep_cyan_head":0,
		"spectrum:shulker_lime_head":0,
		"spectrum:polar_bear_head":0,
		"spectrum:llama_head":0,
		"spectrum:ocelot_head":0,
		"spectrum:sheep_yellow_head":0,
		"spectrum:villager_head":0,
		"spectrum:chicken_head":0,
		"spectrum:snow_golem_head":0,
		"spectrum:spider_head":0,
		"spectrum:iron_golem_head":0,
		"spectrum:turtle_head":0,
		"spectrum:sheep_blue_head":0,
		"spectrum:shulker_brown_head":0,
		"spectrum:shulker_red_head":0,
		"spectrum:blaze_head":0,
		"spectrum:parrot_green_head":0,
		"spectrum:parrot_red_head":0,
		"spectrum:shulker_gray_head":0,
		"spectrum:axolotl_gold_head":0,
		"spectrum:sheep_magenta_head":0,
		"spectrum:sheep_orange_head":0,
		"spectrum:shulker_cyan_head":0,
		"spectrum:shulker_purple_head":0,
		"spectrum:mooshroom_brown_head":0,
		"spectrum:axolotl_cyan_head":0,
		"spectrum:shulker_blue_head":0,
		"spectrum:shulker_light_gray_head":0,
		"spectrum:mooshroom_red_head":0,
		"spectrum:strider_head":0,
		"spectrum:donkey_head":0,
		"spectrum:trader_llama_head":0,
		"spectrum:piglin_head":0,
		"spectrum:stray_head":0,
		"spectrum:pufferfish_head":0,
		"spectrum:sheep_red_head":0,
		"spectrum:shulker_magenta_head":0,
		"spectrum:elder_guardian_head":0,
		"spectrum:cat_head":0,
		"spectrum:witch_head":0,
		"spectrum:endermite_head":0,
		"spectrum:zombified_piglin_head":0,
		"spectrum:sheep_light_gray_head":0,
		"spectrum:wither_head":0,
		"spectrum:mule_head":0,
		"spectrum:zoglin_head":0,
		"spectrum:sheep_gray_head":0,
		"spectrum:sheep_pink_head":0,
		"spectrum:axolotl_brown_head":0,
		"spectrum:squid_head":0,
		"spectrum:zombie_villager_head":0
	},
	"name":"生物头颅",
	"icon":"minecraft:wither_skeleton_skull",
	"category":"spectrum:creating_life_category"
}