{
	"pages":[
		{
			"item":"spectrum:resonant_pickaxe",
			"text":"$(l:enchanting/resonance)共振$(/l)附魔允许你采集刷怪笼。$(br2)虽然你仍然不知道怎么制作刷怪笼，利用$(l:creating_life/spirit_instiller)灵魂灌注台$(/l)你依然可以随心所欲地操纵刷怪笼的性质。",
			"type":"patchouli:spotlight",
			"title":"获取刷怪笼"
		},
		{
			"recipe":"spectrum:spirit_instiller/spawner/spawner_creature_change",
			"text":"使用类似$(l:creating_life/memory)回忆$(/l)的法术，你可以更改刷怪笼生成的生物类型。",
			"type":"spectrum:spirit_instiller_crafting",
			"title":"更换生物"
		},
		{
			"recipe":"spectrum:spirit_instiller/spawner/spawner_spawn_delay_change",
			"text":"缩短生物生成周期的最小和最大延迟。",
			"type":"spectrum:spirit_instiller_crafting",
			"title":"生物生成延迟"
		},
		{
			"recipe":"spectrum:spirit_instiller/spawner/spawner_spawn_count_change",
			"text":"增加每一周期生成的生物数量。",
			"type":"spectrum:spirit_instiller_crafting",
			"title":"生物生成数量"
		},
		{
			"recipe":"spectrum:spirit_instiller/spawner/spawner_max_nearby_entities_change",
			"text":"提高刷怪笼周围所能容纳的生物容量上限。$(br)$(italic)刷怪笼周围生物太多的时候就会停止刷怪。难道是在放你一马不成？搞得好像你没有能耐似的，无趣。",
			"type":"spectrum:spirit_instiller_crafting",
			"title":"生物生成容量"
		},
		{
			"recipe":"spectrum:spirit_instiller/spawner/spawner_required_player_range_change",
			"text":"增大刷怪笼受玩家激活的检测半径。",
			"type":"spectrum:spirit_instiller_crafting",
			"title":"玩家激活半径"
		}
	],
	"advancement":"spectrum:milestones/unlock_spawner_manipulation",
	"extra_recipe_mappings":{
		"spectrum:spawner":0,
		"minecraft:spawner":0
	},
	"name":"刷怪笼操纵",
	"icon":"spectrum:spawner",
	"category":"spectrum:creating_life_category"
}