{
	"pages":[
		{
			"text":"你使用你全部的学识打造了灵魂灌注台。它可以利用某些介质来桥接两种物体之间的能量。$(br)真是令人神魂颠倒呢。",
			"type":"patchouli:text"
		},
		{
			"recipe":"spectrum:pedestal/tier3/spirit_instiller",
			"text":"灵魂灌注台也需要基座结构才能正常运作。对着已放置的灵魂灌注台右击来旋转投影。",
			"type":"spectrum:pedestal_crafting",
			"title":"基座配方"
		},
		{
			"multiblock_id":"spectrum:spirit_instiller_structure",
			"name":"灌注台结构",
			"text":"在錾制缟玛瑙岩石方块上放置升级，即可对灌注台生效。",
			"type":"patchouli:multiblock",
			"enable_visualize":true
		},
		{
			"text":"$(li)1个灵魂灌注台$(li)2个物品底座$(li)2个无印錾制岩石方块(li)2个錾制磨制岩石方块$(li)2个錾制缟玛瑙岩石方块$(li)6个磨制岩石柱$(li)17个磨制岩石半砖$(li)41个磨制岩石方块$(li)2个宝石晶风铃",
			"type":"patchouli:text",
			"title":"方块列表"
		}
	],
	"advancement":"spectrum:progression/unlock_spirit_instiller",
	"extra_recipe_mappings":{
		"spectrum:spirit_instiller":0
	},
	"name":"灵魂灌注台",
	"icon":"spectrum:spirit_instiller",
	"category":"spectrum:creating_life_category"
}