{
  "name": "熔岩印记",
  "icon": "bloodmagic:lavasigil",
  "category": "bloodmagic:alchemy_array/sigil",
  "pages": [
    {
      "type": "text",
      "text": "作为$(l:bloodmagic:alchemy_array/sigil/water)水之印记$(/l)的姐妹符文，$(item)熔岩印记$()能够消耗 1000 $(blood)LP$()，手持$(item)熔岩印记$()时，对着地面按下[$(k:use)]，即可放置一格$(fire)熔岩$()。在$(l:bloodmagic:alchemy_array/functional_arrays/arcane_ash)炼金矩阵$(/l)中依序放入$(item)熔岩试剂$() 和$(item)空白石板$()，一枚崭新的印记就出炉了。如果你的$(l:bloodmagic:altar/soul_network)灵魂网络$(/l)中没有足够的 LP，它会抽取你 5 颗心的血量作为使用代价。"
    },
    {
      "type": "crafting_2-step_sigil",
      "alchemy_table.heading": "熔岩试剂",
      "alchemy_table.recipe": "bloodmagic:alchemytable/reagent_lava",
      "array.heading": "熔岩印记",
      "array.recipe": "bloodmagic:array/lavasigil",
      "array.text": "$(italic)很烫！别吃$()"
    },
    {
      "type": "image",
      "images": [
        "bloodmagic:images/entries/sigil/lava_sigil1.png",
        "bloodmagic:images/entries/sigil/lava_sigil2.png"
      ],
      "title": "熔岩印记矩阵",
      "border": true,
      "text": "熔岩印记，旁边的是它的合成矩阵，以及它的主要用途。"
    }
  ]
}