{
  "name": "磁引印记",
  "icon": "bloodmagic:sigilofmagnetism",
  "category": "bloodmagic:alchemy_array/sigil",
  "pages": [
    {
      "type": "text",
      "text": "Increases the player's item pickup range to 7 blocks when active. Toggle on/off by holding the Sigil in your hand, and then holding [$(k:sneak)] and pressing [$(k:use)]. $(br2)Consumes 50 $(blood)LP$() every 5 seconds while active."
    },
    {
      "type": "crafting_2-step_sigil",
      "alchemy_table.heading": "磁引试剂",
      "alchemy_table.recipe": "bloodmagic:alchemytable/reagent_magnetism",
      "array.heading": "磁引印记",
      "array.recipe": "bloodmagic:array/magnetismsigil"
    }
  ]
}