{
  "name": "速掘印记",
  "icon": "bloodmagic:miningsigil",
  "category": "bloodmagic:alchemy_array/sigil",
  "pages": [
    {
      "type": "text",
      "text": "你可以按住 [$(k:sneak)] 键并按下[$(k:use)]激活$(item)速掘印记$()，激活后的印记会每 10 秒消耗 100 $(blood)LP$()，并给予你急迫药水效果。因而它可以增加你的挖掘以及砍伐速度。将$(item)采掘试剂$()以及$(item)强化石板$()放入炼金矩阵中，即可制成此印记。"
    },
    {
      "type": "crafting_2-step_sigil",
      "alchemy_table.heading": "采掘试剂",
      "alchemy_table.recipe": "bloodmagic:alchemytable/reagent_fastminer",
      "array.heading": "速掘印记",
      "array.recipe": "bloodmagic:array/fastminersigil"
    },
    {
      "type": "image",
      "images": [
        "bloodmagic:images/entries/sigil/mining_sigil1.png",
        "bloodmagic:images/entries/sigil/mining_sigil2.png"
      ],
      "title": "速掘印记矩阵",
      "border": true,
      "text": "速掘印记的合成矩阵，以及它的主要用途。"
    }
  ]
}