{
  "name": "先知印记",
  "icon": "bloodmagic:seersigil",
  "category": "bloodmagic:alchemy_array/sigil",
  "pages": [
    {
      "type": "text",
      "text": "$(item)先知印记$()是$(l:bloodmagic:alchemy_array/sigil/divination)占卜印记$()的进阶版本。它不仅能够先是与其绑定的玩家$(l:bloodmagic:altar/soul_network)灵魂网络$(/l)中的 LP 数值，还能在你看向$(l:bloodmagic:altar/blood_altar)血之祭坛$(/l)时提供更多的信息。"
    },
    {
      "type": "crafting_2-step_sigil",
      "alchemy_table.heading": "视界试剂",
      "alchemy_table.recipe": "bloodmagic:alchemytable/reagent_sight",
      "array.heading": "先知印记",
      "array.recipe": "bloodmagic:array/seersigil",
      "array.text": "$(italic)当知晓一切并不足够。"
    },
    {
      "type": "text",
      "text": "从上到下，信息分别为：$(li)$(l:bloodmagic:altar/blood_altar)血之祭坛$(/l)的当前等级。$(li)祭坛中存储的血液数量，以及当前祭坛的容量上限。（一般来说，祭坛的上限一般为 10,000 点，但是你可以使用$(l:bloodmagic:altar/blood_rune/capacity_rune)增容符文$()和$(l:bloodmagic:altar/blood_rune/aug_capacity_rune)超容符文$()增加它的上限。$(li)如果其中有正在进行的合成，会显示出合成进度。$(li)LP 消耗量/Tick - 合成中的祭坛的每 tick LP 消耗数量。$(li)储存在当前结构中$(l:bloodmagic:altar/blood_rune/charging_rune)充能符文$()中的 LP。"
    },
    {
      "type": "image",
      "images": [
        "bloodmagic:images/entries/sigil/seer_sigil_info.png"
      ],
      "title": "先知符文显示",
      "border": true,
      "text": "当你看向血之祭坛时，先知符文会显示出此 HUD。"
    }
  ]
}