{
  "name": "水之印记",
  "icon": "bloodmagic:watersigil",
  "category": "bloodmagic:alchemy_array/sigil",
  "pages": [
    {
      "type": "text",
      "text": "$(item)水之印记$()的功用很简单。对准一个方块按下 [$(k:use)] 后，它就会从你的$(l:bloodmagic:altar/soul_network)灵魂网络$(/l)中抽取 100 LP，并在世界中放置一个水源方块。如果 LP 不足，它便会转而抽取你的生命值。在炼金矩阵中放入$(item)水之试剂$()以及$(item)空白石板$()便可制成。"
    },
    {
      "type": "crafting_2-step_sigil",
      "alchemy_table.heading": "水之试剂",
      "alchemy_table.recipe": "bloodmagic:alchemytable/reagent_water",
      "array.heading": "水之印记",
      "array.recipe": "bloodmagic:array/watersigil",
      "array.text": "$(italic)无限水，有人要来点吗？"
    },
    {
      "type": "image",
      "images": [
        "bloodmagic:images/entries/sigil/water_sigil1.png",
        "bloodmagic:images/entries/sigil/water_sigil2.png"
      ],
      "title": "水之试剂矩阵",
      "border": true,
      "text": "水之试剂，旁边的是它的合成矩阵，还有它的主要用途。"
    }
  ]
}