{
    "type": "minecraft:chest",
    "pools": [
        {
            "rolls": 1,
            "entries": [
                {
                    "type": "minecraft:loot_table",
                    "name": "dnl:structures/plains_castle/armor/base"
                },
                {
                    "type": "minecraft:loot_table",
                    "name": "dnl:structures/plains_castle/bow/base"
                },
                {
                    "type": "minecraft:loot_table",
                    "name": "dnl:structures/plains_castle/sword/base"
                }
            ]
        },
        {
            "rolls": 1,
            "entries": [
                {
                    "type": "minecraft:loot_table",
                    "name": "dnl:items/plains_castle_key"
                }
            ]
        }
    ]
}