{
    "display": {
        "icon": {
            "item": "minecraft:oak_planks"
        },
        "title": {"translate":"Do You Want to Trade?"},
        "description": {"translate":"Find an NPC village"},
        "announce_to_chat": "true"
    },
    "parent": "minecraft:adventure/root",
    "rewards": {
        "function": "bc_rewards:adventure/do_you_want_to_trade"
    },		
    "criteria": {
        "village": {
            "trigger": "minecraft:location",
            "conditions": {
                "player": [
					{
						"condition": "minecraft:alternative",
						"terms": [
							{
								"condition": "minecraft:entity_properties",
								"entity": "this",
								"predicate": {
									"location": {
										"feature": "minecraft:village"
									}
								}
							},
							{
								"condition": "minecraft:entity_properties",
								"entity": "this",
								"predicate": {
									"location": {
										"feature": "minecraft:village_desert"
									}
								}
							},
							{
								"condition": "minecraft:entity_properties",
								"entity": "this",
								"predicate": {
									"location": {
										"feature": "minecraft:village_plains"
									}
								}
							},
							{
								"condition": "minecraft:entity_properties",
								"entity": "this",
								"predicate": {
									"location": {
										"feature": "minecraft:village_savanna"
									}
								}
							},
							{
								"condition": "minecraft:entity_properties",
								"entity": "this",
								"predicate": {
									"location": {
										"feature": "minecraft:village_snowy"
									}
								}
							},
							{
								"condition": "minecraft:entity_properties",
								"entity": "this",
								"predicate": {
									"location": {
										"feature": "minecraft:village_taiga"
									}
								}
							}
						]
					},
                    {
                        "condition": "minecraft:inverted",
                        "term": {
                            "condition": "minecraft:entity_properties",
						    "entity": "this",
						    "predicate": {
						    	"player": {
						    		"gamemode": "spectator"
			    				}
                            }
						}
                    }
                ]
            }
        }
    }
}