{
    "display": {
        "icon": {
            "item": "minecraft:item_frame"
        },
        "title": {"translate":"Map Room"},
        "description": {"translate":"Place a map in an item frame"},
        "announce_to_chat": "true"
    },
    "parent": "blazeandcave:adventure/im_not_lost_anymore",
	"rewards": {
		"function": "bc_rewards:adventure/map_room"
    },		
    "criteria": {
		"filled_map": {
			"trigger": "minecraft:player_interacted_with_entity",
			"conditions": {
				"item": {
					"items": [
						"minecraft:filled_map"
					]
				},
				"entity": [
					{
						"condition": "minecraft:entity_properties",
						"entity": "this",
						"predicate": {
							"type": "minecraft:item_frame"
						}
					}
				]
			}
		}
    }
}