{
    "display": {
        "icon": {
            "item": "minecraft:crying_obsidian"
        },
        "title": {"translate":"Now You’re Thinking With Portals"},
        "description": {"translate":"Find a broken Nether Portal in the Overworld"},
        "announce_to_chat": "true"
    },
    "parent": "minecraft:adventure/root",
    "rewards": {
        "function": "bc_rewards:adventure/now_youre_thinking_with_portals"
    },		
    "criteria": {
        "ruined_portal": {
            "trigger": "minecraft:location",
            "conditions": {
				"dimension": "overworld",
                "player": [
					{
						"condition": "minecraft:alternative",
						"terms": [
							{
								"condition": "minecraft:entity_properties",
								"entity": "this",
								"predicate": {
									"location": {
										"feature": "minecraft:ruined_portal"
									}
								}
							},
							{
								"condition": "minecraft:entity_properties",
								"entity": "this",
								"predicate": {
									"location": {
										"feature": "minecraft:ruined_portal_desert"
									}
								}
							},
							{
								"condition": "minecraft:entity_properties",
								"entity": "this",
								"predicate": {
									"location": {
										"feature": "minecraft:ruined_portal_jungle"
									}
								}
							},
							{
								"condition": "minecraft:entity_properties",
								"entity": "this",
								"predicate": {
									"location": {
										"feature": "minecraft:ruined_portal_mountain"
									}
								}
							},
							{
								"condition": "minecraft:entity_properties",
								"entity": "this",
								"predicate": {
									"location": {
										"feature": "minecraft:ruined_portal_nether"
									}
								}
							},
							{
								"condition": "minecraft:entity_properties",
								"entity": "this",
								"predicate": {
									"location": {
										"feature": "minecraft:ruined_portal_ocean"
									}
								}
							},
							{
								"condition": "minecraft:entity_properties",
								"entity": "this",
								"predicate": {
									"location": {
										"feature": "minecraft:ruined_portal_swamp"
									}
								}
							}
						]
					},
                    {
                        "condition": "minecraft:inverted",
                        "term": {
                            "condition": "minecraft:entity_properties",
						    "entity": "this",
						    "predicate": {
						    	"player": {
						    		"gamemode": "spectator"
			    				}
                            }
						}
                    }
                ]
            }
        }		
    }
}