{
    "display": {
        "icon": {
            "item": "minecraft:dark_oak_planks"
        },
        "title": {"translate":"Out of Posts"},
        "description": {"translate":"Enter a Pillager Outpost"},
        "announce_to_chat": "true"
    },
    "parent": "minecraft:adventure/root",
    "rewards": {
        "function": "bc_rewards:adventure/out_of_posts"
    },		
    "criteria": {
        "pillager_outpost": {
            "trigger": "minecraft:location",
            "conditions": {
                "feature": "pillager_outpost",
                "player": [
                    {
                        "condition": "minecraft:inverted",
                        "term": {
                            "condition": "minecraft:entity_properties",
						    "entity": "this",
						    "predicate": {
						    	"player": {
						    		"gamemode": "spectator"
			    				}
                            }
						}
                    }
                ]
            }
        }
    }
}