{
    "display": {
        "icon": {
            "item": "minecraft:iron_bars"
        },
        "title": {"translate":"Rekt!"},
        "description": {"translate":"Get killed by a natural iron golem defending its village"},
        "announce_to_chat": "true"

    },
    "parent": "blazeandcave:adventure/murderer",
    "rewards": {
        "function": "bc_rewards:adventure/rekt"
    },		
    "criteria": {
        "iron_golem": {
            "trigger": "minecraft:entity_killed_player",
            "conditions": {
                "entity": {
                    "type": "iron_golem"
                }
            }
        }
    }
}