{
    "display": {
        "icon": {
            "item": "minecraft:prismarine_crystals"
        },
        "title": {"translate":"The Deep End"},
        "description": {"color":"#75E1FF","translate":"Defeat an Elder Guardian"},
        "announce_to_chat": "true",
        "frame": "goal"
    },
    "parent": "blazeandcave:adventure/laser_sharks",
    "rewards": {
        "function": "bc_rewards:adventure/the_deep_end"
    },	
    "criteria": {
        "elder_guardian": {
            "trigger": "minecraft:player_killed_entity",
            "conditions": {
                "entity": {
                    "type": "minecraft:elder_guardian"
                }
            }
        }
    }
}