{
    "display": {
        "icon": {
            "item": "minecraft:jungle_log"
        },
        "title": {"translate":"The Tribal Villagers"},
        "description": {"color":"#75E1FF","translate":"Breed and trade with a jungle villager"},
        "announce_to_chat": "true",
		"frame": "goal"
    },
    "parent": "blazeandcave:adventure/businessman",
    "rewards": {
        "function": "bc_rewards:adventure/the_tribal_villagers"
    },		
    "criteria": {
        "jungle": {
            "trigger": "minecraft:villager_trade",
			"conditions": {
				"villager": {
					"nbt": "{VillagerData:{type:\"minecraft:jungle\"}}"
				}
			}
        }
    }
}