{
    "display": {
        "icon": {
            "item": "minecraft:blue_dye"
        },
        "title": {"translate":"Travelling Merchant"},
        "description": {"translate":"Trade with a Wandering Trader"},
        "announce_to_chat": "true"
    },
    "parent": "minecraft:adventure/root",
    "rewards": {
        "function": "bc_rewards:adventure/travelling_merchant"
    },		
    "criteria": {
        "trade": {
            "trigger": "minecraft:villager_trade",
			"conditions": {
				"villager": {
					"type": "wandering_trader"
				}
			}
        }
    }
}