{
  "category": "bewitchment:brewing",
  "name": "Corruption",
  "icon": "bewitchment:demon_horn",
  "advancement": "bewitchment:hidden_unlocks/demon_horn",
  "pages": [
	{
	  "type": "text",
	  "text": "By making a $(l:bewitchment:brewing/brewing_basics)Brew$() out of a Demon Horn, you can reverse positive potion effects into their negative counterpart.$(br2)When added as a potion ingredient, Corruption will always come out on top, meaning it will invert all previous effects when quaffed, but not those of the potion."
	},
	{
	  "type": "spotlight",
	  "title": "Corruption",
	  "item": "bewitchment:demon_horn"
	}
  ]
}
