{
  "category": "bewitchment:brewing",
  "name": "Enchanted",
  "icon": "minecraft:lapis_block",
  "advancement": "bewitchment:hidden_unlocks/altars",
  "pages": [
	{
	  "type": "text",
	  "text": "Makes normal attacks magic, letting them pass armor."
	},
	{
	  "type": "spotlight",
	  "title": "Enchanted",
	  "item": "minecraft:lapis_block",
	  "text": "The resulting damage is drastically lower than the original, however a flat damage bonus is added based on the intensity of the potion."
	}
  ]
}
