{
  "category": "bewitchment:brewing",
  "name": "Inhibited",
  "icon": "bewitchment:silver_ingot",
  "advancement": "bewitchment:hidden_unlocks/altars",
  "pages": [
	{
	  "type": "text",
	  "text": "This effect blocks whoever drinks it from using their $(l:bewitchment:introduction/altars#internalme)Internal ME Buffer$(). This means they can't use items that require $(l:bewitchment:introduction/altars)Magical Energy$()."
	},
	{
	  "type": "spotlight",
	  "title": "Inhibited",
	  "item": "bewitchment:silver_ingot",
	  "text": "Intensity does not affect this effect."
	}
  ]
}
