{
  "category": "bewitchment:brewing",
  "name": "Mundane Brews",
  "icon": "bewitchment:witch_cauldron",
  "advancement": "bewitchment:hidden_unlocks/altars",
  "priority": true,
  "pages": [
	{
	  "type": "text",
	  "text": "While a $(l:bewitchment:tools/witch_cauldron)Witch Cauldron$() can be used to make much more incredible $(l:bewitchment:brewing/brewing_basics)Brews$(), some witches may at times prefer to use more subtle $(l:bewitchment:brewing/brewing_basics)Brews$().$(br)All $(l:bewitchment:brewing/brewing_basics)Brews$() in this entry can be obtained via other means, though the $(l:bewitchment:tools/witch_cauldron)Witch Cauldron$() may allow you to make them stronger.$(br)Mundane $(l:bewitchment:brewing/brewing_basics)Brews$() fabricated in the $(l:bewitchment:tools/witch_cauldron)Witch Cauldron$() use slightly different ingredients."
	},
	{
	  "type": "spotlight",
	  "title": "Absorption",
	  "item": "minecraft:honey_bottle",
	  "text": "Applies temporary extra health."
	},
	{
	  "type": "spotlight",
	  "title": "Blindness",
	  "item": "minecraft:ink_sac",
	  "text": "Drastically reduces the target's field of vision, darkening everything around it."
	},
	{
	  "type": "spotlight",
	  "title": "Fire Resistance",
	  "item": "minecraft:nether_wart",
	  "text": "Grants immunity to fire."
	},
	{
	  "type": "spotlight",
	  "title": "Glowing",
	  "item": "minecraft:glistering_melon_slice",
	  "text": "Makes the target glow obnoxiously."
	},
	{
	  "type": "spotlight",
	  "title": "Haste",
	  "item": "minecraft:dandelion",
	  "text": "Increases mining speed and attack speed."
	},
	{
	  "type": "spotlight",
	  "title": "Hunger",
	  "item": "minecraft:rotten_flesh",
	  "text": "Applies a hunger effect."
	},
	{
	  "type": "spotlight",
	  "title": "Instant Health",
	  "item": "bewitchment:garlic",
	  "text": "Instantly heals a flat amount of health, using the healing properties of $(l:bewitchment:introducton/crops)Garlic$()."
	},
	{
	  "type": "spotlight",
	  "title": "Instant Damage",
	  "item": "bewitchment:cypress_bark",
	  "text": "Instantly damages a flat amount of health, harnessing the deadly energies of $(l:bewitchment:introduction/cypress_trees)Cypress$()."
	},
	{
	  "type": "spotlight",
	  "title": "Invisibility",
	  "item": "minecraft:vine",
	  "text": "Makes the target invisible."
	},
	{
	  "type": "spotlight",
	  "title": "Jump Boost",
	  "item": "minecraft:rabbit_foot",
	  "text": "Jump boost is self-explanatory."
	},
	{
	  "type": "spotlight",
	  "title": "Levitation",
	  "item": "minecraft:chorus_fruit",
	  "text": "Slowly ascends the target into the sky."
	},
	{
	  "type": "spotlight",
	  "title": "Mining Fatigue",
	  "item": "minecraft:poppy",
	  "text": "Mining Fatigue makes the target hit much slower."
	},
	{
	  "type": "spotlight",
	  "title": "Nausea",
	  "item": "bewitchment:aconite",
	  "text": "Induces sickness by disorienting the target."
	},
	{
	  "type": "spotlight",
	  "title": "Night Vision",
	  "item": "minecraft:carrot",
	  "text": "Carrots are good for your eyes."
	},
	{
	  "type": "spotlight",
	  "title": "Poison",
	  "item": "bewitchment:belladonna",
	  "text": "Fills the target's blood with deadly toxin."
	},
	{
	  "type": "spotlight",
	  "title": "Regeneration",
	  "item": "bewitchment:juniper_bark",
	  "text": "By utilizing the life energies from $(l:bewitchment:introduction/juniper_trees)Juniper$(), Regeneration quickens the healing process when applied.",
	  "anchor": "regeneration"
	},
	{
	  "type": "spotlight",
	  "title": "Resistance",
	  "item": "bewitchment:spruce_bark",
	  "text": "Reduces damage taken.",
	  "anchor": "resistance"
	},
	{
	  "type": "spotlight",
	  "title": "Slow Falling",
	  "item": "minecraft:feather",
	  "text": "Makes the target fall gently, like a feather."
	},
	{
	  "type": "spotlight",
	  "title": "Slowness",
	  "item": "minecraft:slime_ball",
	  "text": "Reduces the target's movement speed."
	},
	{
	  "type": "spotlight",
	  "title": "Speed",
	  "item": "minecraft:sugar_cane",
	  "text": "Increases movement speed, using the energizing qualities of Sugar Cane."
	},
	{
	  "type": "spotlight",
	  "title": "Strength",
	  "item": "bewitchment:oak_bark",
	  "text": "Using the powers of Oak, this increases damage output.",
	  "anchor": "strength"
	},
	{
	  "type": "spotlight",
	  "title": "Water Breathing",
	  "item": "minecraft:kelp",
	  "text": "Allows breathing in water."
	},
	{
	  "type": "spotlight",
	  "title": "Weakness",
	  "item": "minecraft:red_mushroom",
	  "text": "Reduces the target's attack damage.$(br2)You may also use a Brown Mushroom for this."
	},
	{
	  "type": "spotlight",
	  "title": "Wither",
	  "item": "minecraft:wither_rose",
	  "text": "Gradually reduces the target's health."
	}
  ]
}
