{
  "category": "bewitchment:brewing",
  "name": "Theft",
  "icon": "minecraft:diamond",
  "advancement": "bewitchment:hidden_unlocks/altars",
  "pages": [
	{
	  "type": "text",
	  "text": "This effect will steal the positive effects of any nearby entity and apply them to you instead. Ambient effects are an exception to this."
	},
	{
	  "type": "spotlight",
	  "title": "Theft",
	  "item": "minecraft:diamond",
	  "text": "Stealing an effect will halve its duration.$(br2)This effect is not compatible with $(l:bewitchment:brewing/synchronized)Synchronized$().$(br2)The higher this effect's intensity, the further it'll reach."
	}
  ]
}
