{
  "category": "bewitchment:brewing",
  "name": "Volatility",
  "icon": "minecraft:fire_charge",
  "advancement": "bewitchment:hidden_unlocks/altars",
  "pages": [
	{
	  "type": "text",
	  "text": "Makes the target extremely volatile. When hit, they will cause a damaging explosion, instantly removing the effect and harming all entities around."
	},
	{
	  "type": "spotlight",
	  "title": "Volatility",
	  "item": "minecraft:fire_charge",
	  "text": "Explosion damage scales with the intensity of the effect."
	}
  ]
}
