{
  "type": "alloy_forgery:forging",
  "inputs": [
    {
      "item": "mcdw:crossbow_baby_crossbow",
     "count": 1
    },
    {
      "item": "gobber2:gobber2_ring_haste",
      "count": 1
    },
    {
      "item": "gobber2:gobber2_ingot_end",
      "count": 4
    },
    {
      "item": "mythicmetals:stormyx_ingot",
      "count": 64
    },
    {
      "item": "dragonloot:dragon_scale",
      "count": 1
    },
    {
      "item": "mythicmetals:celestium_ingot",
     "count": 1
    }
  ],
  "output": {
    "id": "mcdw:crossbow_lightning_harp_crossbow",
      "count": 1
  },
  "min_forge_tier": 4,
  "fuel_per_tick": 2000
}