{
  "type": "alloy_forgery:forging",
  "inputs": [
    {
      "item": "mcdw:crossbow_shadow_crossbow",
     "count": 1
    },
    {
      "item": "gobber2:gobber2_ring_vision",
      "count": 1
    },
    {
      "item": "gobber2:gobber2_ingot_end",
      "count": 6
    },
    {
      "item": "dragonloot:dragon_scale",
      "count": 2
    },
    {
      "item": "mythicmetals:celestium_ingot",
     "count": 2
    }
  ],
  "output": {
    "id": "mcdw:crossbow_veiled_crossbow",
      "count": 1
  },
  "min_forge_tier": 4,
  "fuel_per_tick": 2000
}