{
  "type": "alloy_forgery:forging",
  "inputs": [
    {
      "item": "mcdw:dagger_backstabber",
     "count": 1
    },
    {
      "item": "mythicmetals:metallurgium_ingot",
      "count": 2
    },
    {
      "item": "dragonloot:dragon_scale",
     "count": 2
    },
    {
      "item": "gobber2:gobber2_ingot_end",
      "count": 5
    },
    {
      "item": "minecraft:nether_star",
     "count": 2
    }
  ],
  "output": {
    "id": "mcdw:dagger_swift_striker",
      "count": 1
  },
  "min_forge_tier": 4,
  "fuel_per_tick": 1200
}