{
  "type": "alloy_forgery:forging",
  "inputs": [
    {
      "item": "mythicmetals:celestium_ingot",
     "count": 1
    },
    {
      "item": "gobber2:gobber2_ingot_nether",
      "count": 2
    },
    {
      "item": "minecraft:netherite_scrap",
     "count": 16
    },
    {
      "item": "mythicmetals:palladium_ingot",
      "count": 8
    },
    {
      "item": "twilightforest:knightmetal_ingot",
     "count": 6
    }
  ],
  "output": {
    "id": "mcdw:sickle_skull_scythe",
      "count": 1
  },
  "min_forge_tier": 3,
  "fuel_per_tick": 800
}