{
  "type": "alloy_forgery:forging",
  "inputs": [
    {
      "item": "mythicmetals:stormyx_shell",
     "count": 1
    },
    {
      "item": "minecraft:nether_star",
     "count": 1
    },
    {
      "item": "mythicmetals:metallurgium_ingot",
     "count": 1
    },
    {
      "item": "minecraft:netherite_ingot",
      "count": 2
    },
    {
      "item": "gobber2:gobber2_ingot_nether",
      "count": 3
    },
    {
      "item": "twilightforest:fiery_ingot",
      "count": 5
    },
    {
      "item": "mythicmetals:stormyx_ingot",
      "count": 8
    }
  ],
  "output": {
    "id": "mcdw:sword_obsidian_claymore",
      "count": 1
  },
  "min_forge_tier": 3,
  "fuel_per_tick": 800
}