{
  "type": "alloy_forgery:forging",
  "inputs": [
    {
      "item": "twilightforest:ice_sword",
     "count": 1
    },
    {
      "item": "mcda:upgrade_core_frost",
      "count": 1
    },
    {
      "item": "twilightforest:snow_queen_trophy",
      "count": 1
    },
    {
      "item": "gobber2:gobber2_ingot",
     "count": 4
    },
    {
      "item": "mythicmetals:mythril_ingot",
      "count": 4
    },
    {
      "item": "mcda:frost_crystal",
     "count": 6
    }
  ],
  "output": {
    "id": "mcdw:sword_frost_slayer",
      "count": 1
  },
  "min_forge_tier": 2,
  "fuel_per_tick": 500
}