{
    "display": {
        "title": {
            "text": "剧毒之眼"
        },
        "description": {
            "text": "碾碎那只瘦小的八眼虫！"
        },
        "icon": {
            "item": "minecraft:spider_eye"
        },
        "frame": "task",
        "show_toast": true,
        "announce_to_chat": true,
        "hidden": false
    },
    "parent": "dnl:story/structures/crawlers_lair/locate",
    "criteria": {
        "kill poison eyes": {
            "trigger": "minecraft:player_killed_entity",
            "conditions": {
                "entity": {
                    "type": "minecraft:cave_spider",
                    "nbt": "{Tags:[\"dnl.poison_eyes\"]}",
                    "distance": {
                        "absolute": {
                            "min": 0,
                            "max": 64
                        }
                    }
                }
            }
        }
    }
}
