{
  "name": "末影投掷器",
  "advancement": "spectrum:progression/unlock_ender_blocks",
  "icon": "spectrum:ender_dropper",
  "category": "spectrum:magical_blocks_category",
  "extra_recipe_mappings": {
    "spectrum:ender_dropper": 0
  },
  "pages": [
    {
      "type": "patchouli:spotlight",
      "title": "末影投掷器",
      "item": "spectrum:ender_dropper",
      "text": "末影投掷器与末影漏斗在功能上互补。末影投掷器会在接收到红石脉冲后自你的末影箱中取出一个物品进行投掷。$(br2)注意：末影投掷器仅在你在线的时候可用，而且这个机关可是谁都可以交互的哦？——别被偷光了！"
    },
    {
      "type": "spectrum:pedestal_crafting",
      "title": "基座配方",
      "recipe": "spectrum:pedestal/tier2/ender_dropper",
      "text": ""
    }
  ]
}
