{
  "name": "末影漏斗",
  "advancement": "spectrum:progression/unlock_ender_blocks",
  "icon": "spectrum:ender_dropper",
  "category": "spectrum:magical_blocks_category",
  "extra_recipe_mappings": {
    "spectrum:ender_hopper": 1
  },
  "pages": [
    {
      "type": "patchouli:spotlight",
      "title": "末影漏斗",
      "item": "spectrum:ender_hopper",
      "text": "与普通漏斗的功能形态相仿，但是它会将物品直接输入你的末影箱中。$(br2)末影漏斗仅在你在线的时候可用。"
    },
    {
      "type": "spectrum:pedestal_crafting",
      "title": "基座配方",
      "recipe": "spectrum:pedestal/tier2/ender_hopper",
      "text": ""
    }
  ]
}
