{
  "name": "装配箱",
  "advancement": "spectrum:progression/unlock_restocking_chest",
  "icon": "spectrum:restocking_chest",
  "category": "spectrum:magical_blocks_category",
  "extra_recipe_mappings": {
    "spectrum:restocking_chest": 0
  },
  "pages": [
    {
      "type": "patchouli:spotlight",
      "item": "spectrum:restocking_chest",
      "text": "$(italic)七彩基座真是个精妙的自动化合成工具。但对每一种类的物品都各要设计一个合成机构那也太麻烦了吧……$(br2)嗯哼，应该有个更好的办法才是。"
    },
    {
      "type": "spectrum:pedestal_crafting",
      "title": "基座配方",
      "recipe": "spectrum:pedestal/tier3/restocking_chest",
      "text": "装配箱内附四个合成模板槽位。只要箱子里有足够的原料，装配箱就会保证配方指定的产物源源不断。"
    }
  ]
}
