{
  "name": "闪烁的西瓜",
  "advancement": "spectrum:collect_vegetal",
  "icon": "minecraft:glistering_melon_slice",
  "category": "spectrum:magical_blocks_category",
  "extra_recipe_mappings": {
    "minecraft:glistering_melon_slice": 0,
    "spectrum:glistering_melon": 0,
    "spectrum:glistering_melon_seeds": 0
  },
  "pages": [
    {
      "type": "patchouli:spotlight",
      "title": "闪烁的西瓜作物",
      "item": "minecraft:glistering_melon_slice",
      "text": "你成功地为种子赋予了宝石晶粉末的魔力，试试看别的作物怎么样呢？$(br)……只是实验一下嘛！肯定不是贪心还是什么的！"
    },
    {
      "type": "spectrum:pedestal_crafting",
      "title": "基座配方",
      "recipe": "spectrum:pedestal/tier1/glistering_melon_seeds"
    }
  ]
}
