{
  "name": "午夜溶液",
  "icon": "spectrum:midnight_solution_bucket",
  "advancement": "spectrum:progression/unlock_midnight_solution",
  "category": "spectrum:magical_blocks_category",
  "turnin": "spectrum:midgame/collect_midnight_chip",
  "extra_recipe_mappings": {
    "spectrum:midnight_solution_bucket": 0,
    "spectrum:midnight_chip": 0,
    "spectrum:black_materia": 0
  },
  "pages": [
    {
      "type": "patchouli:text",
      "text": "你第一次见到这种性质奇异的溶液，是在你的$(l:general/midnight_aberration)融合实验事故$()现场。$(br)生物的生命力在顷刻间就会被溶液吸收溶解，还是不要靠近溶液的为妙。$(br)！因生命力被吸收而“灭活”的生物也会掉落仅玩家击杀才会生成的战利品。"
    },
    {
      "type": "patchouli:spotlight",
      "title": "午夜残片",
      "item": "spectrum:midnight_chip",
      "advancement": "spectrum:midgame/collect_midnight_chip",
      "text": "在这种暴戾的溶液中死去的生物会掉落形似$(l:general/midnight_aberration)午夜像差$(/l)的碎片，只是在尺寸上小得多得多。尖锐，锋利，邪恶——这蚀穿心房的阴暗残片俨然成为了它们生命的句点。"
    },
    {
      "type": "spectrum:potion_workshop_crafting",
      "title": "午夜溶液桶",
      "recipe": "spectrum:potion_workshop_crafting/midnight_solution_bucket",
      "advancement": "spectrum:midgame/collect_midnight_chip",
      "text": "用这种残片可以生产更多的溶液以杀死更多生物……真是好阴暗的点子啊。"
    },
    {
      "type": "spectrum:midnight_solution_converting",
      "title": "物品转换",
      "recipe": "spectrum:midnight_solution_converting/blackstone",
      "text": "某些物品被丢入溶液就会被侵蚀腐化，变成完全不同的新物品。"
    },
    {
      "type": "patchouli:text",
      "title": "祛魔",
      "text": "甚至，如果你把附魔物品丢入溶液，其上的魔咒就会被完全褪除。最后只剩下一个普通的物品与一堆经验。"
    },
    {
      "type": "patchouli:spotlight",
      "title": "黑暗物质",
      "item": "spectrum:black_materia",
      "advancement": "spectrum:hidden/break_black_materia",
      "text": "在午夜溶液周围形成的某种看似无用的物质。"
    }
  ]
}
