{
  "name": "魔盒",
  "advancement": "spectrum:progression/unlock_mob_blocks",
  "icon": "spectrum:fox_mob_block",
  "category": "spectrum:magical_blocks_category",
  "extra_recipe_mappings": {
    "spectrum:axolotl_mob_block": 0,
    "spectrum:bat_mob_block": 0,
    "spectrum:bee_mob_block": 0,
    "spectrum:blaze_mob_block": 0,
    "spectrum:cat_mob_block": 0,
    "spectrum:chicken_mob_block": 0,
    "spectrum:cow_mob_block": 0,
    "spectrum:creeper_mob_block": 0,
    "spectrum:ender_dragon_mob_block": 0,
    "spectrum:enderman_mob_block": 0,
    "spectrum:endermite_mob_block": 0,
    "spectrum:evoker_mob_block": 0,
    "spectrum:fish_mob_block": 0,
    "spectrum:fox_mob_block": 0,
    "spectrum:ghast_mob_block": 0,
    "spectrum:glow_squid_mob_block": 0,
    "spectrum:goat_mob_block": 0,
    "spectrum:guardian_mob_block": 0,
    "spectrum:horse_mob_block": 0,
    "spectrum:illusioner_mob_block": 0,
    "spectrum:ocelot_mob_block": 0,
    "spectrum:parrot_mob_block": 0,
    "spectrum:phantom_mob_block": 0,
    "spectrum:pig_mob_block": 0,
    "spectrum:piglin_mob_block": 0,
    "spectrum:polar_bear_mob_block": 0,
    "spectrum:pufferfish_mob_block": 0,
    "spectrum:rabbit_mob_block": 0,
    "spectrum:sheep_mob_block": 0,
    "spectrum:shulker_mob_block": 0,
    "spectrum:silverfish_mob_block": 0,
    "spectrum:skeleton_mob_block": 0,
    "spectrum:slime_mob_block": 0,
    "spectrum:snow_golem_mob_block": 0,
    "spectrum:spider_mob_block": 0,
    "spectrum:squid_mob_block": 0,
    "spectrum:stray_mob_block": 0,
    "spectrum:strider_mob_block": 0,
    "spectrum:turtle_mob_block": 0,
    "spectrum:witch_mob_block": 0,
    "spectrum:wither_mob_block": 0,
    "spectrum:wither_skeleton_mob_block": 0,
    "spectrum:zombie_mob_block": 0
  },
  "pages": [
    {
      "type": "patchouli:text",
      "title": "魔盒",
      "text": "方块形式的具现化生物。$(br)使用魔盒、在魔盒上走动、或者用弹射物击中它们都会触发与生物相关的特殊效果。"
    },
    {
      "type": "spectrum:pedestal_crafting",
      "recipe": "spectrum:pedestal/tier3/mob_blocks/axolotl_mob_block",
      "text": "给予短暂的生命恢复效果。"
    },
    {
      "type": "spectrum:pedestal_crafting",
      "recipe": "spectrum:pedestal/tier3/mob_blocks/bat_mob_block",
      "text": "高亮显示半径8格范围内的生物。"
    },
    {
      "type": "spectrum:pedestal_crafting",
      "recipe": "spectrum:pedestal/tier3/mob_blocks/bee_mob_block",
      "text": "为周围的植物施肥。"
    },
    {
      "type": "spectrum:pedestal_crafting",
      "recipe": "spectrum:pedestal/tier3/mob_blocks/blaze_mob_block",
      "text": "点燃方块的四周并融化四周的冰块。"
    },
    {
      "type": "spectrum:pedestal_crafting",
      "recipe": "spectrum:pedestal/tier3/mob_blocks/cat_mob_block",
      "text": "落在其上方时免除所有摔落伤害，也可以中断你的下落过程。"
    },
    {
      "type": "spectrum:pedestal_crafting",
      "recipe": "spectrum:pedestal/tier3/mob_blocks/chicken_mob_block",
      "text": "给予短暂的缓降效果。"
    },
    {
      "type": "spectrum:pedestal_crafting",
      "recipe": "spectrum:pedestal/tier3/mob_blocks/cow_mob_block",
      "text": "为半径6格范围内的牛、山羊与哞菇挤奶。"
    },
    {
      "type": "spectrum:pedestal_crafting",
      "recipe": "spectrum:pedestal/tier3/mob_blocks/creeper_mob_block",
      "text": "引发小型爆炸。"
    },
    {
      "type": "spectrum:pedestal_crafting",
      "recipe": "spectrum:pedestal/tier3/mob_blocks/ender_dragon_mob_block",
      "text": "发射一枚末影龙火球。"
    },
    {
      "type": "spectrum:pedestal_crafting",
      "recipe": "spectrum:pedestal/tier3/mob_blocks/enderman_mob_block",
      "text": "将你传送到半径16格内的随机方块上。"
    },
    {
      "type": "spectrum:pedestal_crafting",
      "recipe": "spectrum:pedestal/tier3/mob_blocks/endermite_mob_block",
      "text": "将你传送到面朝方位的直线上最多16格外的超传魔盒上。"
    },
    {
      "type": "spectrum:pedestal_crafting",
      "recipe": "spectrum:pedestal/tier3/mob_blocks/evoker_mob_block",
      "text": "生成一只恼鬼。"
    },
    {
      "type": "spectrum:pedestal_crafting",
      "recipe": "spectrum:pedestal/tier3/mob_blocks/fish_mob_block",
      "text": "给予短暂的水下呼吸效果。"
    },
    {
      "type": "spectrum:pedestal_crafting",
      "recipe": "spectrum:pedestal/tier3/mob_blocks/fox_mob_block",
      "text": "给予短暂的急迫效果。"
    },
    {
      "type": "spectrum:pedestal_crafting",
      "recipe": "spectrum:pedestal/tier3/mob_blocks/ghast_mob_block",
      "text": "发射一枚火球。"
    },
    {
      "type": "spectrum:pedestal_crafting",
      "recipe": "spectrum:pedestal/tier3/mob_blocks/glow_squid_mob_block",
      "text": "给予短暂的发光效果。"
    },
    {
      "type": "spectrum:pedestal_crafting",
      "recipe": "spectrum:pedestal/tier3/mob_blocks/goat_mob_block",
      "text": "造成击退。"
    },
    {
      "type": "spectrum:pedestal_crafting",
      "recipe": "spectrum:pedestal/tier3/mob_blocks/guardian_mob_block",
      "text": "给予短暂的挖掘疲劳效果。"
    },
    {
      "type": "spectrum:pedestal_crafting",
      "recipe": "spectrum:pedestal/tier3/mob_blocks/horse_mob_block",
      "text": "给予短暂的力量效果。"
    },
    {
      "type": "spectrum:pedestal_crafting",
      "recipe": "spectrum:pedestal/tier3/mob_blocks/illusioner_mob_block",
      "text": "给予短暂的隐身效果。"
    },
    {
      "type": "spectrum:pedestal_crafting",
      "recipe": "spectrum:pedestal/tier3/mob_blocks/ocelot_mob_block",
      "text": "给予短暂的夜视效果。"
    },
    {
      "type": "spectrum:pedestal_crafting",
      "recipe": "spectrum:pedestal/tier3/mob_blocks/parrot_mob_block",
      "text": "给予短暂的伤害吸收效果。"
    },
    {
      "type": "spectrum:pedestal_crafting",
      "recipe": "spectrum:pedestal/tier3/mob_blocks/phantom_mob_block",
      "text": "造成失眠。$(br)在露天环境下会立刻生成幻翼。"
    },
    {
      "type": "spectrum:pedestal_crafting",
      "recipe": "spectrum:pedestal/tier3/mob_blocks/pig_mob_block",
      "text": "使用地上的食物喂养半径6格内的动物。"
    },
    {
      "type": "spectrum:pedestal_crafting",
      "recipe": "spectrum:pedestal/tier3/mob_blocks/piglin_mob_block",
      "text": "使用金锭交互即可进行交易。"
    },
    {
      "type": "spectrum:pedestal_crafting",
      "recipe": "spectrum:pedestal/tier3/mob_blocks/polar_bear_mob_block",
      "text": "冻结周围的方块（如：水冻成冰，熔岩冻结成黑曜石等）。"
    },
    {
      "type": "spectrum:pedestal_crafting",
      "recipe": "spectrum:pedestal/tier3/mob_blocks/pufferfish_mob_block",
      "text": "给予短暂的反胃效果。"
    },
    {
      "type": "spectrum:pedestal_crafting",
      "recipe": "spectrum:pedestal/tier3/mob_blocks/rabbit_mob_block",
      "text": "给予短暂的跳跃提升效果。"
    },
    {
      "type": "spectrum:pedestal_crafting",
      "recipe": "spectrum:pedestal/tier3/mob_blocks/sheep_mob_block",
      "text": "为半径6格范围内的生物剪毛。"
    },
    {
      "type": "spectrum:pedestal_crafting",
      "recipe": "spectrum:pedestal/tier3/mob_blocks/shulker_mob_block",
      "text": "给予短暂的飘浮效果。"
    },
    {
      "type": "spectrum:pedestal_crafting",
      "recipe": "spectrum:pedestal/tier3/mob_blocks/silverfish_mob_block",
      "text": "为周围的方块注入蠹虫。"
    },
    {
      "type": "spectrum:pedestal_crafting",
      "recipe": "spectrum:pedestal/tier3/mob_blocks/skeleton_mob_block",
      "text": "发射一根箭。"
    },
    {
      "type": "spectrum:pedestal_crafting",
      "recipe": "spectrum:pedestal/tier3/mob_blocks/slime_mob_block",
      "text": "使半径6格内的史莱姆膨胀变大。"
    },
    {
      "type": "spectrum:pedestal_crafting",
      "recipe": "spectrum:pedestal/tier3/mob_blocks/snow_golem_mob_block",
      "text": "发射一枚雪球。"
    },
    {
      "type": "spectrum:pedestal_crafting",
      "recipe": "spectrum:pedestal/tier3/mob_blocks/spider_mob_block",
      "text": "给予短暂的中毒效果。"
    },
    {
      "type": "spectrum:pedestal_crafting",
      "recipe": "spectrum:pedestal/tier3/mob_blocks/squid_mob_block",
      "text": "给予短暂的失明效果。"
    },
    {
      "type": "spectrum:pedestal_crafting",
      "recipe": "spectrum:pedestal/tier3/mob_blocks/stray_mob_block",
      "text": "给予短暂的缓慢效果。"
    },
    {
      "type": "spectrum:pedestal_crafting",
      "recipe": "spectrum:pedestal/tier3/mob_blocks/strider_mob_block",
      "text": "给予短暂的防火效果。"
    },
    {
      "type": "spectrum:pedestal_crafting",
      "recipe": "spectrum:pedestal/tier3/mob_blocks/turtle_mob_block",
      "text": "给予短暂的抗性提升效果。"
    },
    {
      "type": "spectrum:pedestal_crafting",
      "recipe": "spectrum:pedestal/tier3/mob_blocks/witch_mob_block",
      "text": "给予短暂的虚弱效果。"
    },
    {
      "type": "spectrum:pedestal_crafting",
      "recipe": "spectrum:pedestal/tier3/mob_blocks/wither_mob_block",
      "text": "造成大型爆炸。"
    },
    {
      "type": "spectrum:pedestal_crafting",
      "recipe": "spectrum:pedestal/tier3/mob_blocks/wither_skeleton_mob_block",
      "text": "给予短暂的凋零效果。"
    },
    {
      "type": "spectrum:pedestal_crafting",
      "recipe": "spectrum:pedestal/tier3/mob_blocks/zombie_mob_block",
      "text": "给予短暂的饥饿效果。"
    }
  ]
}
