{
  "name": "药水工作站：炼药",
  "icon": "spectrum:potion_workshop",
  "advancement": "spectrum:progression/unlock_potion_workshop",
  "category": "spectrum:magical_blocks_category",
  "extra_recipe_mappings": {
    "minecraft:potion": 0
  },
  "pages": [
    {
      "type": "patchouli:text",
      "title": "药水炼制",
      "text": "药水工作站毕竟就一升级版炼药台，之前能够炼制的药水你现在也能炼制。$(br)但各种各样的魔法药材为你打开了新世界的大门。$(br2)利用每种材料获取增益的难度各异。"
    },
    {
      "type": "spectrum:potion_workshop_brewing",
      "title": "原版药水",
      "recipe": "spectrum:potion_workshop_brewing/fire_resistance",
      "text": "先前在炼药台中可供使用的材料同样可以在工作站中使用以炼制相同的药水。但和炼药台不同的是，药水工作站中可以添加$(l:magical_blocks/potion_workshop_reagents)药水炼材$(/l)以获取更强大的增益。"
    },
    {
      "type": "spectrum:potion_workshop_brewing",
      "title": "伤害吸收",
      "advancement": "spectrum:midgame/brew_potion_in_potion_workshop",
      "recipe": "spectrum:potion_workshop_brewing/absorption",
      "text": ""
    },
    {
      "type": "spectrum:potion_workshop_brewing",
      "title": "发光",
      "advancement": "spectrum:midgame/brew_potion_in_potion_workshop",
      "recipe": "spectrum:potion_workshop_brewing/glowing",
      "text": ""
    },
    {
      "type": "spectrum:potion_workshop_brewing",
      "title": "急迫",
      "advancement": "spectrum:midgame/brew_potion_in_potion_workshop",
      "recipe": "spectrum:potion_workshop_brewing/haste",
      "text": "加入一个发酵蛛眼即可将效果转变为$(bold)挖掘疲劳$()。"
    },
    {
      "type": "spectrum:potion_workshop_brewing",
      "title": "饱和",
      "advancement": "spectrum:midgame/brew_potion_in_potion_workshop",
      "recipe": "spectrum:potion_workshop_brewing/saturation",
      "text": "加入一个发酵蛛眼即可将效果转变为$(bold)饥饿$()。"
    },
    {
      "type": "spectrum:potion_workshop_brewing",
      "title": "飘浮",
      "advancement": "spectrum:progression/potions/unlock_levitation_potion",
      "recipe": "spectrum:potion_workshop_brewing/levitation",
      "text": ""
    },
    {
      "type": "spectrum:potion_workshop_brewing",
      "title": "幸运",
      "advancement": "spectrum:progression/potions/unlock_luck_potion",
      "recipe": "spectrum:potion_workshop_brewing/luck",
      "text": "加入一个发酵蛛眼即可将效果转变为$(bold)霉运$()。"
    },
    {
      "type": "spectrum:potion_workshop_brewing",
      "title": "抗性提升",
      "advancement": "spectrum:progression/potions/unlock_resistance_potion",
      "recipe": "spectrum:potion_workshop_brewing/resistance",
      "text": ""
    },
    {
      "type": "spectrum:potion_workshop_brewing",
      "title": "凋零",
      "advancement": "spectrum:progression/potions/unlock_wither_potion",
      "recipe": "spectrum:potion_workshop_brewing/wither",
      "text": ""
    }
  ]
}
