{
  "name": "药水工作站：合成",
  "icon": "spectrum:potion_workshop",
  "advancement": "spectrum:progression/unlock_potion_workshop",
  "category": "spectrum:magical_blocks_category",
  "extra_recipe_mappings": {
    "minecraft:water_bucket": 0,
    "minecraft:lava_bucket": 0,
    "spectrum:midnight_solution_bucket": 0,
    "minecraft:honey_bottle": 0,
    "minecraft:powder_snow_bucket": 0,
    "minecraft:experience_bottle": 0
  },
  "pages": [
    {
      "type": "patchouli:text",
      "title": "工作站合成",
      "text": "药水工作站的主要功能正如其名：制作强大的药剂。$(br)但你也发现了其它的用途。加上几个可控微调开关和阀门还有这里那里的精雕细琢，你成功复现了泥浆和液体水晶的制作过程——甚至比原先更为高效。$(br)$()以下配方全部不使用$(l:magical_blocks/potion_workshop_reagents)药水炼材$(/l)。"
    },
    {
      "type": "spectrum:potion_workshop_crafting",
      "title": "水",
      "recipe": "spectrum:potion_workshop_crafting/water_bucket",
      "text": ""
    },
    {
      "type": "spectrum:potion_workshop_crafting",
      "title": "熔岩",
      "recipe": "spectrum:potion_workshop_crafting/lava_bucket",
      "text": "$(l:magical_blocks/lava_sponge)熔岩海绵$(/l)不会被消耗，因而允许你快速制作大量熔岩。"
    },
    {
      "type": "spectrum:potion_workshop_crafting",
      "title": "泥浆",
      "recipe": "spectrum:potion_workshop_crafting/mud_bucket",
      "text": ""
    },
    {
      "type": "spectrum:potion_workshop_crafting",
      "title": "液体水晶",
      "recipe": "spectrum:potion_workshop_crafting/liquid_crystal_bucket",
      "text": ""
    },
    {
      "type": "spectrum:potion_workshop_crafting",
      "title": "午夜溶液",
      "advancement": "spectrum:midgame/collect_midnight_chip",
      "recipe": "spectrum:potion_workshop_crafting/midnight_solution_bucket",
      "text": ""
    },
    {
      "type": "spectrum:potion_workshop_crafting",
      "title": "蜂蜜液化",
      "recipe": "spectrum:potion_workshop_crafting/honey_bottle",
      "text": ""
    },
    {
      "type": "spectrum:potion_workshop_crafting",
      "title": "细雪",
      "recipe": "spectrum:potion_workshop_crafting/powder_snow_bucket",
      "text": ""
    },
    {
      "type": "spectrum:potion_workshop_crafting",
      "title": "附魔之瓶",
      "recipe": "spectrum:potion_workshop_crafting/experience_bottle",
      "text": "会消耗知识宝石中的10点经验。"
    }
  ]
}
