{
  "name": "半穿透玻璃",
  "advancement": "spectrum:midgame/build_advanced_pedestal_structure",
  "icon": "spectrum:amethyst_player_only_glass",
  "category": "spectrum:magical_blocks_category",
  "extra_recipe_mappings": {
    "spectrum:vanilla_player_only_glass": 0,
    "spectrum:tinted_player_only_glass": 0,
    "spectrum:glowing_player_only_glass": 0,
    "spectrum:topaz_player_only_glass": 0,
    "spectrum:amethyst_player_only_glass": 0,
    "spectrum:citrine_player_only_glass": 0,
    "spectrum:onyx_player_only_glass": 0,
    "spectrum:moonstone_player_only_glass": 0
  },
  "pages": [
    {
      "type": "patchouli:spotlight",
      "title": "半穿透玻璃",
      "item": "spectrum:amethyst_player_only_glass",
      "text": "$(italic)夜幕降临，怪物现形。然而这些可怖而凶恶的威胁对现如今的你不过是微不足道的资源而已。即便如此，它们仍然不会放过任何一次烦扰你的机会。$(br)在家还要反复驱逐怪物，实在令你不胜其烦。$()"
    },
    {
      "type": "patchouli:text",
      "text": "$(italic)对了！原本不是有一个宝石晶玻璃的配方吗！$(br2)只要再加上一点魔法，这样制成的玻璃就允许由你（仅有你！）穿过。$(br2)小贴士：如果把它做成普通玻璃的模样，兴许还能唬住你的对手！$()"
    },
    {
      "type": "spectrum:pedestal_crafting",
      "title": "基座配方",
      "recipe": "spectrum:pedestal/tier3/player_only_glass/amethyst_player_only_glass"
    },
    {
      "type": "patchouli:text",
      "text": "半穿透玻璃存在多种款式：宝石晶款式，通常款式，遮光及发光款式。$(br2)它们和$(l:decoration/gemstone_glass)普通的宝石晶玻璃$()形态相同，但玩家可以穿透并通过这些玻璃，而其它生物会像苍蝇一样被弹开。"
    }
  ]
}
