{
  "name": "发酵桶",
  "icon": "spectrum:titration_barrel",
  "advancement": "spectrum:progression/unlock_titration_barrel",
  "category": "spectrum:magical_blocks_category",
  "extra_recipe_mappings": {
    "spectrum:titration_barrel": 0,
    "spectrum:kimchi": 0,
    "spectrum:clotted_cream": 0,
    "spectrum:fresh_chocolate": 0,
    "spectrum:hot_chocolate": 0,
    "spectrum:bodacious_berry_bar": 0
  },
  "pages": [
    {
      "type": "patchouli:text",
      "text": "在$(l:general/colored_trees#colored_wood)彩色木材$(/l)中发酵$(l:magical_blocks/titration_barrel#kimchi)食物$(/l) 和 $(l:magical_items/infused_beverages)饮料$(/l)的想法并不遥远。随着时间的推移，木材的特性影响着内容。$(br)结果有时更美味，有时不那么美味，但总是很有趣。(另一方面，最后一种当然也可能是由于你的烹饪技巧)$(br)最多可容纳一组物品和一桶液体。"
    },
    {
      "type": "spectrum:pedestal_crafting",
      "title": "基座配方",
      "recipe": "spectrum:pedestal/tier1/titration_barrel",
      "text": "$(italic)当你眨眼时，感觉世界停止了存在？每次发生这种情况时，桶内发酵过程似乎都会有所进展。"
    },
    {
      "type": "spectrum:titration_barrel_fermenting",
      "title": "朝鲜泡菜",
      "anchor": "kimchi",
      "recipe": "spectrum:titration_barrel/kimchi",
      "text": "发酵不单单是为了饮料! 泡菜由3种不同的蔬菜制成，是一道丰盛的菜肴，最好作为一种配菜。"
    },
    {
      "type": "spectrum:titration_barrel_fermenting",
      "title": "凝脂奶油",
      "anchor": "clotted_cream",
      "recipe": "spectrum:titration_barrel/clotted_cream",
      "text": "稍微发酵后，它仍然保持 $(thing)牛奶$()的特性。食用后会消除当前所有状态效果。"
    },
    {
      "type": "spectrum:titration_barrel_fermenting",
      "title": "鲜巧克力",
      "anchor": "fresh_chocolate",
      "recipe": "spectrum:titration_barrel/fresh_chocolate",
      "text": "很棒的小吃。 咬下一块，甚至会让你相当饱。 $(br)甜美和果味宜人。"
    },
    {
      "type": "spectrum:pedestal_crafting",
      "title": "浆果蜂蜜巧克力",
      "advancement": "spectrum:progression/unlock_bodacious_berry_bar",
      "anchor": "bodacious_berry_bar",
      "recipe": "spectrum:pedestal/tier2/food/bodacious_berry_bar",
      "text": "精心打造的美味盛宴，保证让您流口水。"
    },
    {
      "type": "spectrum:potion_workshop_crafting",
      "title": "巧克力热饮",
      "advancement": "spectrum:progression/unlock_potion_workshop",
      "anchor": "hot_chocolate",
      "recipe": "spectrum:potion_workshop_crafting/hot_chocolate",
      "text": "在寒冷的季节里，坐在火炉旁看着书，旁边放着一杯巧克力热饮。生活多么惬意。"
    }
  ]
}