{
	"pages":[
		{
			"text":"$(italic)用$(l:general/pedestal)颜料基座$(/l)制作会给你一些经验。不过，在大多数情况下，金额几乎可以忽略不计。通过使用类似的技术，如你的$(l:general/speed_upgrade)基座加速器$(/l)，你发现你可以大大增加获得的金额。",
			"type":"patchouli:text"
		},
		{
			"recipe":"spectrum:pedestal/tier3/upgrade_experience",
			"text":"放在你的$(l:general/pedestal)颜料基座$(/l)上的宝石方块或錾制方块的$(l:general/fusion_shrine)融合神殿$(/l)。额外的影响会降低。",
			"type":"spectrum:pedestal_crafting",
			"title":"知识焦点"
		},
		{
			"advancement":"spectrum:progression/unlock_upgrade_experience2",
			"recipe":"spectrum:pedestal/tier3/upgrade_experience2",
			"text":"这一改进的知识焦点进一步增加了生成的XP。",
			"type":"spectrum:pedestal_crafting",
			"title":"第2层"
		}
	],
	"advancement":"spectrum:progression/unlock_upgrade_experience",
	"extra_recipe_mappings":{
		"spectrum:upgrade_experience":0,
		"spectrum:upgrade_experience2":0
	},
	"name":"知识焦点",
	"icon":"spectrum:upgrade_experience",
	"category":"spectrum:magical_blocks_category"
}