{
	"pages":[
		{
			"text":"$(italic)与原始工艺台不同，在$(l:general/pedestal)颜料基座$(/l)中进行工艺需要时间。$(br2)您发现，这些工艺过程所用的时间随着组件的复杂性而稳步增加。$(br)这一重点应该有助于您将制作时间恢复到可接受的水平。它帮助颜料基座收集结构聚焦的能量。",
			"type":"patchouli:text"
		},
		{
			"recipe":"spectrum:pedestal/tier3/upgrade_speed",
			"text":"放在你的$(l:general/pedestal)颜料基座$(/l)上的宝石方块或錾制方块的$(l:general/fusion_shrine)融合神殿$(/l)。额外的影响会降低。",
			"type":"spectrum:pedestal_crafting",
			"title":"基座配方"
		},
		{
			"advancement":"spectrum:progression/unlock_upgrade_speed2",
			"recipe":"spectrum:pedestal/tier3/upgrade_speed2",
			"text":"基座加速器T2改进了先前变体的所有方面。让你的手工艺更快。",
			"type":"spectrum:pedestal_crafting",
			"title":"第2层"
		},
		{
			"advancement":"spectrum:progression/unlock_upgrade_speed3",
			"recipe":"spectrum:pedestal/tier4/upgrade_speed3",
			"text":"第3层没有留下任何需要的东西-至少在制作速度方面。",
			"type":"spectrum:pedestal_crafting",
			"title":"第3层"
		}
	],
	"advancement":"spectrum:midgame/build_advanced_pedestal_structure",
	"extra_recipe_mappings":{
		"spectrum:upgrade_speed2":0,
		"spectrum:upgrade_speed":0,
		"spectrum:upgrade_speed3":0
	},
	"name":"基座加速器",
	"icon":"spectrum:upgrade_speed",
	"category":"spectrum:magical_blocks_category"
}