{
  "name": "实验#1",
  "category": "spectrum:hints_category",
  "icon": "minecraft:writable_book",
  "advancement": "spectrum:craft_bottle_of_fading",
  "secret": true,
  "read_by_default": true,
  "turnin": "spectrum:collect_vegetal",
  "pages": [
    {
      "type": "spectrum:hint",
      "title": "一点线索",
      "completion_advancement": "spectrum:collect_vegetal",
      "cost": "spectrum:sparklestone_gem#16",
      "text": "褪解微生物渺小而微弱，仅能缓慢吞食临近的有机物。"
    },
    {
      "type": "spectrum:hint",
      "title": "简要说明",
      "cost": "spectrum:sparklestone_gem#48",
      "text": "将南瓜，西瓜，树叶这样的有机物放在旁边稍作等待，这些方块就会被微生物寄生吞噬，外表上产生变化。采集这些方块即可获得新资源。"
    }
  ]
}
