{
  "name": "新的资源",
  "category": "spectrum:hints_category",
  "icon": "minecraft:writable_book",
  "advancement": "spectrum:milestones/reveal_lightning_stones",
  "secret": true,
  "read_by_default": true,
  "turnin": "spectrum:midgame/collect_lightning_stone",
  "pages": [
    {
      "type": "spectrum:hint",
      "title": "怎么找到",
      "completion_advancement": "spectrum:midgame/collect_lightning_stone",
      "cost": "spectrum:neolith#8",
      "text": "雷暴！雷暴是大自然的力量，其中展现着不可抗拒的巨大能量。"
    },
    {
      "type": "spectrum:hint",
      "title": "简要说明",
      "cost": "spectrum:neolith#24",
      "text": "闪电击中的地方似乎有奇怪的晶石碎片产生。应该有某种办法集中闪电的落点，这样捡起来就方便多了。"
    }
  ]
}
