{
  "name": "新的资源",
  "category": "spectrum:hints_category",
  "icon": "minecraft:writable_book",
  "advancement": "spectrum:midgame/build_advanced_pedestal_structure",
  "secret": true,
  "read_by_default": true,
  "turnin": "spectrum:collect_mermaids_gem",
  "pages": [
    {
      "type": "spectrum:hint",
      "title": "怎么找到",
      "completion_advancement": "spectrum:collect_mermaids_gem",
      "cost": "spectrum:onyx_shard#4",
      "text": "海面上偶尔会有随波浪而起伏的某种晶石可见哦，试着找一个？"
    },
    {
      "type": "spectrum:hint",
      "title": "简要说明",
      "cost": "spectrum:onyx_shard#12",
      "text": "海底原来是有一小群花朵在产生这种晶石啊。这些花朵略微泛明，如果戴上发光鱿鱼头盔则更为明亮。等它慢慢开花，待它自然地吐露这份宝藏吧。只有亲自端详才能看清它的本来面貌……"
    }
  ]
}
