{
  "name": "新的矿石",
  "category": "spectrum:hints_category",
  "icon": "minecraft:writable_book",
  "advancement": "spectrum:milestones/reveal_paletur",
  "secret": true,
  "read_by_default": true,
  "turnin": "spectrum:lategame/collect_paletur",
  "pages": [
    {
      "type": "spectrum:hint",
      "title": "怎么找到",
      "completion_advancement": "spectrum:lategame/collect_paletur",
      "cost": "spectrum:moonstone_shard#8",
      "text": "你可以在末地找到这种水蓝色的新矿石。"
    },
    {
      "type": "spectrum:hint",
      "title": "简要说明",
      "cost": "spectrum:moonstone_shard#32",
      "text": "这种矿石在末地主岛与外围都会生成。到手的矿石可不能飞了，牢牢抓住它呀！"
    }
  ]
}
