{
  "name": "新的资源",
  "category": "spectrum:hints_category",
  "icon": "minecraft:writable_book",
  "advancement": "spectrum:milestones/reveal_quitoxic_reeds",
  "secret": true,
  "read_by_default": true,
  "turnin": "spectrum:collect_quitoxic_reeds",
  "pages": [
    {
      "type": "spectrum:hint",
      "title": "怎么找到",
      "completion_advancement": "spectrum:collect_quitoxic_reeds",
      "cost": "minecraft:clay_ball#16",
      "text": "冒险启程！进发——前往沼泽地！"
    },
    {
      "type": "spectrum:hint",
      "title": "简要说明",
      "cost": "minecraft:clay_ball#48",
      "text": "某种奇怪的植物在沼泽地的黏土堆上生长。它们会吸收附近的黏土块，从而长得更高。"
    }
  ]
}
