{
  "name": "实验#3",
  "category": "spectrum:hints_category",
  "icon": "minecraft:writable_book",
  "advancement": "spectrum:midgame/craft_bottle_of_ruin",
  "secret": true,
  "read_by_default": true,
  "turnin": "spectrum:midgame/break_decayed_bedrock",
  "pages": [
    {
      "type": "spectrum:hint",
      "title": "一点线索",
      "completion_advancement": "spectrum:midgame/break_decayed_bedrock",
      "cost": "spectrum:brown_pigment#8",
      "text": "坏灭微生物，顾名思义，能够消化无论多么强硬的材料，无论多么强硬……"
    },
    {
      "type": "spectrum:hint",
      "title": "警告",
      "cost": "spectrum:brown_pigment#24",
      "text": "还能有比基岩更坚硬的材料吗？记住留好后手，别让场面失控。"
    }
  ]
}
