{
  "name": "新的矿石",
  "category": "spectrum:hints_category",
  "icon": "minecraft:writable_book",
  "advancement": "spectrum:milestones/reveal_scarlet",
  "secret": true,
  "read_by_default": true,
  "turnin": "spectrum:midgame/collect_scarlet",
  "pages": [
    {
      "type": "spectrum:hint",
      "title": "怎么找到",
      "completion_advancement": "spectrum:midgame/collect_scarlet",
      "cost": "minecraft:quartz#16",
      "text": "你可以在下界找到这种新矿石。"
    },
    {
      "type": "spectrum:hint",
      "title": "简要说明",
      "cost": "minecraft:quartz#48",
      "text": "下界所有生物群系的低层都会生成这种矿石，位于熔岩海以下。"
    }
  ]
}
