{
  "name": "新的矿石",
  "category": "spectrum:hints_category",
  "icon": "minecraft:writable_book",
  "advancement": "spectrum:milestones/reveal_sparklestone",
  "secret": true,
  "read_by_default": true,
  "turnin": "spectrum:collect_sparklestone",
  "pages": [
    {
      "type": "spectrum:hint",
      "title": "怎么找到",
      "completion_advancement": "spectrum:collect_sparklestone",
      "cost": "minecraft:copper_ingot#8",
      "text": "你可以在主世界海平面以上找到这种新矿石。"
    },
    {
      "type": "spectrum:hint",
      "title": "简要说明",
      "cost": "minecraft:copper_ingot#24",
      "text": "这种矿石在主世界中层与上层大量生成，常常在山峦表面暴露。"
    }
  ]
}
