{
  "category": "bewitchment:creatures",
  "name": "Ghost",
  "icon": "bewitchment:ghost_spawn_egg",
  "extra_recipe_mappings": {
	"bewitchment:ectoplasm": 1
  },
  "pages": [
	{
	  "type": "text",
	  "text": "Ghosts are lost souls, wandering the wake at night wherever they can.$(br2)Upon noticing nearby humans, they will apply their short-lived curses in the form of negative status effects.$(br2)Ghosts will drop Ectoplasm."
	},
	{
	  "type": "entity",
	  "entity": "bewitchment:ghost",
	  "offset": 0.1
	}
  ]
}
