{
  "category": "bewitchment:creatures",
  "name": "Toad",
  "icon": "bewitchment:toad_spawn_egg",
  "pages": [
	{
	  "type": "text",
	  "text": "Toads can be found in jungles and swamps, jumping happily around. When killed, Toads will drop Slimeballs.$(br2)Toads can be tamed with Fermented Spider Eyes, and bred with Normal Spider Eyes."
	},
	{
	  "type": "text",
	  "advancement": "bewitchment:hidden_unlocks/demon_heart",
	  "text": "A Toad $(l:bewitchment:rituals/binding)Familiar$() grants the witch that bound it enhanced positive status effects.$(br2)Killing arthropods will also heal such witches by a quarter of their maximum health."
	},
	{
	  "type": "entity",
	  "entity": "bewitchment:toad",
	  "scale": 0.6
	}
  ]
}
