{
  "processor": "wayoftime.bloodmagic.compat.patchouli.processors.AlchemyArrayProcessor",
  "components": [
    {
      "type": "header",
      "text": "#heading",
      "x": -1,
      "y": -6
    },
    {
      "type": "image",
      "image": "bloodmagic:textures/gui/patchouli_book/crafting.png",
      "x": 11,
      "y": 4,
      "u": 0,
      "v": 0,
      "texture_width": 128,
      "texture_height": 256,
      "width": 94,
      "height": 50
    },
    {
      "type": "item",
      "item": "#baseinput",
      "x": 28,
      "y": 22
    },
	{
      "type": "item",
      "item": "#addedinput",
      "x": 63,
      "y": 10
    },
    {
      "type": "item",
      "item": "#output",
      "x": 85,
      "y": 22
    },
	{
      "type": "item",
      "item": "bloodmagic:arcaneashes",
      "x": 85,
      "y": 40
    },
    {
      "type": "text",
      "text": "#text",
      "y": 58
    }
  ]
}