{
    "type": "minecraft:chest",
    "pools": [
        {
            "rolls": 1,
            "entries": [
                {
                    "type": "minecraft:item",
                    "name": "minecraft:bow",
                    "functions": [
                        {
                            "function": "minecraft:set_nbt",
                            "tag": "{display:{Lore:['{\"text\":\"珍宝\",\"color\":\"dark_aqua\",\"italic\":false}']},Enchantments:[{id:\"minecraft:power\",lvl:6s}],dnl.item:1b,dnl.treasure:1b,dnl.castle:1b}"
                        }
                    ]
                }
            ]
        }
    ]
}