{
  "name": "炸药",
  "icon": "bloodmagic:shaped_charge",
  "category": "bloodmagic:demon_will/demonic_items",
  "pages":[
    {
      "type": "text",
      "text": "挖挖矿，种点树，对那些没啥野心的人来说，这种安然闲适的日子就是它们的最爱。然而，只要你还是一名有自尊的血术师，你就不会驻足与此。$(br2)抱着这样的想法，你制作出了一些小巧的设备。凡是看不爽的，挡路的树、石头等等，你就把它扔上去，然后等待其自燃。"
    },
    {
      "type": "text",
      "text": "不仅如此，你还可以用特定的原料为炸药$(item)涂层$()，此过程仅需花费少量的$(raw)意志$()。接下来的页面中会有这些内容的描述。$(br2)目前可用的涂层有：$(li)好运 - 被破坏的方块会受到$(thing)好运 I$()的影响。$(li)高温工具 - 被破坏的方块会被$(thing)烧炼$()。$(li)柔触 - 被破坏的方块会受到$(thing)柔触$()的影响。"
    },
    {
      "type": "crafting_soulforge",
      "heading": "固形炸药",
      "recipe": "bloodmagic:soulforge/shaped_charge",
	  "anchor":"shaped_charge",
	  "text": "$(item)固形炸药$()会破坏5x5x5方形空间内的方块，破坏方向为朝着它依附方块面方向。被破坏而掉落的方块都被视为用镐进行采掘。它甚至能破坏黑曜石，炸掉时的那一声$(o)“呯”$()真是让人舒爽无比。"
    },
    {
      "type": "3x_crafting_soulforge",
      "a.heading": "好运",
      "a.recipe": "bloodmagic:soulforge/shaped_charge_fortune_1",
      "b.heading": "高温工具",
      "b.recipe": "bloodmagic:soulforge/shaped_charge_smelting",
      "c.heading": "柔触",
      "c.recipe": "bloodmagic:soulforge/shaped_charge_silk_touch"
    },
    {
      "type": "crafting_soulforge",
      "heading": "采伐炸药",
      "recipe": "bloodmagic:soulforge/deforester_charge",
	  "anchor":"deforester_charge",
	  "text": "$(item)采伐炸药$()用于伐木，贴在原木或是树叶上均可。它可以一次性破坏整棵树，但是过大的不行，一次性最多可以破坏$(item)两组$()的原木（在此过程中会破坏掉所有的树叶）。哪怕是丛林的巨树，也能在数秒内被破坏得一干二净。"
    },
    {
      "type": "3x_crafting_soulforge",
      "a.heading": "好运",
      "a.recipe": "bloodmagic:soulforge/deforester_charge_fortune_1",
      "b.heading": "高温工具",
      "b.recipe": "bloodmagic:soulforge/deforester_charge_smelting",
      "c.heading": "柔触",
      "c.recipe": "bloodmagic:soulforge/deforester_charge_silk_touch"
    },
    {
      "type": "crafting_soulforge",
      "heading": "可控炸药",
      "recipe": "bloodmagic:soulforge/vein_charge",
      "anchor":"controlled_charge",
      "text": "$(item)可控炸药$()只会破坏与其$(thing)黏附方块一致的方块$()。它一次性最高可以破坏$(item)三组$()方块，从黏着方块处开始。与其他炸药一样，所有被破坏的方块都会掉落。"
    },
    {
      "type": "3x_crafting_soulforge",
      "a.heading": "好运",
      "a.recipe": "bloodmagic:soulforge/vein_charge_fortune_1",
      "b.heading": "高温工具",
      "b.recipe": "bloodmagic:soulforge/vein_charge_smelting",
      "c.heading": "柔触",
      "c.recipe": "bloodmagic:soulforge/vein_charge_silk_touch"
    },
    {
      "type": "crafting_soulforge",
      "heading": "真菌炸药",
      "recipe": "bloodmagic:soulforge/fungal_charge",
      "anchor":"fungal_charge",
      "text": "$(item)真菌炸药$()用于采伐巨型蘑菇，主世界或是下界的蘑菇均可。它一次性最高可以破坏$(item)三组方块$()，真的能达到破坏上限吗？一颗蘑菇根本没这么多蘑菇方块。"
    },
    {
      "type": "3x_crafting_soulforge",
      "a.heading": "好运",
      "a.recipe": "bloodmagic:soulforge/fungal_charge_fortune_1",
      "b.heading": "高温工具",
      "b.recipe": "bloodmagic:soulforge/fungal_charge_smelting",
      "c.heading": "柔触",
      "c.recipe": "bloodmagic:soulforge/fungal_charge_silk_touch"
    }
  ]
}
