{
  "name": "感知之剑",
  "icon": "bloodmagic:soulsword",
  "category": "bloodmagic:demon_will/demonic_items",
  "pages": [
    {
      "type": "text",
      "text": "$(item)感知之剑$()是一把用于收集$(l:bloodmagic:demon_will/will_manipulation/demon_will)恶魔意志$()的高效工具，它的效率比$(l:bloodmagic:demon_will/will_manipulation/soul_snare)灵魂投网$()不知道高到哪里去了。单单一把感知之剑威力较弱，这是因为它的威力取决于你携带的意志的多寡，意志越多伤害越高。所以，若想使用完全形态的感知之剑，$(l:bloodmagic:demon_will/will_manipulation/soul_gem)地狱魂石$()不可或缺。$(br2)有一点需要注意，这把剑与其他$(l:bloodmagic:demon_will/demonic_items/sentient_tools)感知工具$()一样，可以使用$(l:bloodmagic:demon_will/will_manipulation/crystallized_will)晶化意志$()在铁砧上进行修复。"
    },
    {
      "type": "crafting_soulforge",
      "heading": "感知之剑",
      "recipe": "bloodmagic:soulforge/sentientsword",
      "text": "你的贴心助手。$(br2)如果你近期获得了较大数额的$(raw)意志$()，又或者是首次更换了身上意志的种类，那么你得手动为你的剑更新一下——手持并按下[$(k:use)]即可更新其上的属性。"
    }
  ]
}
