{
  "name": "投掷匕首",
  "icon": "bloodmagic:throwing_dagger",
  "category": "bloodmagic:demon_will/demonic_items",
  "extra_recipe_mappings":[
    ["bloodmagic:slate_ampoule", 3]
  ],
  "pages":[
    {
      "type": "text",
      "text": "在百花齐放的远程攻击方式中，$(item)弓$()与$(item)弩$()在众多方式中脱颖而出，打出一片天。然而，若你想用它们来刨开$(item)沙砾$()翻找$(item)燧石$()，又或者从鸡身上扯点$(item)羽毛$()，那就有点杀鸡用牛“刀”了。这种锃亮而锋利的$(item)投掷匕首$()则可以用在这种杂活上，并且如果你一定要说的话，这些投掷匕首确实也可以用来玩阴的。"
    },
    {
      "type": "crafting_soulforge",
      "heading": "铁投掷匕首",
      "recipe": "bloodmagic:soulforge/throwing_dagger",
	  "anchor":"iron_throwing_dagger",
	  "text": "$(item)铁投掷匕首$()的攻速很快，每次攻击能造成 10 点伤害。并且如果你携带有$(l:bloodmagic:demon_will/will_manipulation/demon_will)恶魔意志$()（原生形态的也好，存在$(l:bloodmagic:demon_will/will_manipulation/soul_gem)地狱魂石$()中的也好），伤害还能更高。此外，它与$(l:bloodmagic:demon_will/demonic_items/sentient_sword)感知之剑$()一样，在击杀生物时会掉落$(raw)意志$()。"
    },
    {
      "type": "crafting_soulforge",
      "heading": "针筒投掷匕首",
      "recipe": "bloodmagic:soulforge/throwing_dagger_syringe",
	  "anchor":"syringe_throwing_dagger",
	  "text": "$(item)针筒投掷匕首$()是专门为那些更希望获得$(blood)生命源质()，而不是$(raw)意志$()的血术师准备的。它造成的伤害会稍微低一些，因此它的造价也就更便宜。被此武器击杀的敌人有一定几率掉落一个$(item)石板安瓿$()，嗯，也有可能更多，这取决于敌人有多少血。"
    },
    {
      "type": "spotlight",
      "item": "bloodmagic:slate_ampoule",
      "title": "石板安瓿",
      "text": "在$(l:bloodmagic:altar/blood_altar)血之祭坛$()旁弄碎这种小瓶子，就可以向祭坛中输入$(blood)500 LP$()。这一过程会破坏$(item)安瓿$()。以此方式获得的 LP 不会受到$(item)符文$()的影响。"
    }
  ]
}
