{
    "display": {
        "title": {
            "text": "灰石......还是灰狗？"
        },
        "description": {
            "text": "再次到访陵墓"
        },
        "icon": {
            "item": "minecraft:bone"
        },
        "frame": "task",
        "show_toast": true,
        "announce_to_chat": true,
        "hidden": false
    },
    "parent": "dnl:story/structures/hunters_grave/heir_of_hunter",
    "criteria": {
        "grey": {
            "trigger": "minecraft:impossible"
        }
    }
}
