{
    "display": {
        "title": {
            "text": "猎手的继承者"
        },
        "description": {
            "text": "用破损的弓洞穿猎手的亡魂"
        },
        "icon": {
            "item": "minecraft:bow",
            "nbt": "{Enchantments:[{}]}"
        },
        "frame": "challenge",
        "show_toast": true,
        "announce_to_chat": true,
        "hidden": false
    },
    "parent": "dnl:story/structures/hunters_grave/hunters_ghost",
    "criteria": {
        "kill hunters ghost with bow": {
            "trigger": "minecraft:impossible"
        }
    }
}
