{
  "display": {
    "icon": {
      "item": "minecraft:chiseled_stone_bricks"
    },
    "title": "奥林匹斯",
    "description": "发现奥林匹斯——古代丛林竞技场",
    "frame": "goal",
    "show_toast": true,
    "announce_to_chat": true,
    "hidden": false
  },
  "parent": "dnl:story/general/locate_dungeon",
  "criteria": {
    "locate_olympus": {
      "trigger": "minecraft:location",
      "conditions": {
        "location": {
          "feature": "dnl:olympus"
        }
      }
    }
  },
  "requirements": [
    [
      "locate_olympus"
    ]
  ]
}      