{
  "display": {
    "icon": {
      "item": "minecraft:player_head",
      "nbt": "{SkullOwner:{Id:[I;515157811,511200210,-1116696388,-1312666365],Properties:{textures:[{Value:\"eyJ0ZXh0dXJlcyI6eyJTS0lOIjp7InVybCI6Imh0dHA6Ly90ZXh0dXJlcy5taW5lY3JhZnQubmV0L3RleHR1cmUvNjQ4ZmE5NGNkZGIyNGIzODQ1MzI4MTM1MWU1OGJiZTM2OGYzMzY1ZGI4ZDc2ZTQ2NDgxNzcxYjIwMjM1Mjk4NiJ9fX0=\"}]}}}"
    },
    "title": "冠军",
    "description": "打败“冠军”，征服奥林匹斯竞技场",
    "frame": "challenge",
    "show_toast": true,
    "announce_to_chat": true,
    "hidden": false
  },
  "parent": "dnl:story/structures/olympus/locate",
  "criteria": {
    "requirement": {
      "trigger": "minecraft:player_killed_entity",
      "conditions": {
        "entity": {
          "nbt": "{Tags:[dnl.mob,dnl.olympus,dnl.lord_of_olympus]}"
        }
      }
    }
  }
}
