{
	"parent": "mcdw:item/model_dagger",
	"textures": {
		"layer0": "mcdw:item/dagger_the_beginning_and_the_end"
	},
	"gui_light": "front",
	"display": {
		"thirdperson_righthand": {
			"rotation": [ 0, -95, 55 ],
			"translation": [ 0, 4.0, 2.0 ],
			"scale": [ 0.85, 0.85, 0.85 ]
		},
		"thirdperson_lefthand": {
			"rotation": [ 0, 95, -55 ],
			"translation": [ 0, 4.0, 2.0 ],
			"scale": [ 0.85, 0.85, 0.85 ]
		},
		"head": {
			"rotation": [ 0, 0, 0 ],
			"translation": [ 0, 2, 0],
			"scale":[ 0.5, 0.5, 0.5 ]
		}
	}
}