{
  "attributes": {
    "attack_range": 2.8,
    "two_handed": false,
    "category": "rapier",
    "attacks": [
      {
        "conditions": [MAIN_HAND_ONLY],
        "hitbox": "HORIZONTAL_PLANE",
        "damage_multiplier": 0.8,
        "angle": 90,
        "upswing": 0.5,
        "animation": "bettercombat:one_handed_slash_horizontal_left",
        "swing_sound": {
          "id": "bettercombat:rapier_slash"
        }
      },
      {
        "conditions": [OFF_HAND_ONLY],
        "hitbox": "FORWARD_BOX",
        "damage_multiplier": 1.0,
        "angle": 0,
        "upswing": 0.5,
        "animation": "bettercombat:one_handed_stab",
        "swing_sound": {
          "id": "bettercombat:rapier_stab"
        }
      },
      {
        "conditions": ["DUAL_WIELDING_SAME_CATEGORY", "MAIN_HAND_ONLY"],
        "hitbox": "FORWARD_BOX",
        "damage_multiplier": 0.95,
        "angle": 0,
        "upswing": 0.5,
        "animation": "bettercombat:one_handed_uppercut_right",
        "swing_sound": {
          "id": "bettercombat:rapier_slash"
        }
      },
      {
        "conditions": ["DUAL_WIELDING_SAME_CATEGORY", "OFF_HAND_ONLY"],
        "hitbox": "FORWARD_BOX",
        "damage_multiplier": 1.25,
        "angle": 0,
        "upswing": 0.5,
        "animation": "bettercombat:one_handed_slash_downcut_right",
        "swing_sound": {
          "id": "bettercombat:rapier_slash"
        }
      },
      {
        "conditions": [MAIN_HAND_ONLY],
        "hitbox": "FORWARD_BOX",
        "damage_multiplier": 1.1,
        "angle": 0,
        "upswing": 0.5,
        "animation": "bettercombat:one_handed_stab_mounted",
        "swing_sound": {
          "id": "bettercombat:rapier_stab"
        }
      },
      {
        "conditions": ["DUAL_WIELDING_SAME_CATEGORY", "OFF_HAND_ONLY"],
        "hitbox": "FORWARD_BOX",
        "damage_multiplier": 2.15,
        "angle": 0,
        "upswing": 0.5,
        "animation": "bettercombat:dual_handed_stab",
        "swing_sound": {
          "id": "bettercombat:rapier_stab"
        }
      }
    ]
  }
}