{
    "display": {
        "title": {
            "text": "崭新征途！"
        },
        "description": {
            "text": "Dungeon - Now Loading已成功加载到你的世界中！玩得开心！"
        },
        "icon": {
            "item": "minecraft:spawner"
        },
        "frame": "task",
        "show_toast": true,
        "announce_to_chat": true,
        "hidden": false,
        "background": "minecraft:textures/block/mossy_cobblestone.png"
    },
    "criteria": {
        "new start": {
            "trigger": "minecraft:impossible"
        }
    }
}