{
    "display": {
        "icon": {
            "item": "minecraft:soul_soil"
        },
        "title": {"translate":"Gotta Go Fast!"},
        "description": {"color":"#75E1FF","translate":"Obtain the Soul Speed enchantment from a Bastion or bartering with Piglins"},
        "announce_to_chat": "true",
		"frame": "goal"
    },
    "parent": "blazeandcave:enchanting/fiery",
    "rewards": {
		"function": "bc_rewards:enchanting/gotta_go_fast"
    },			
    "criteria": {
        "soul_speed_boots": {
            "trigger": "minecraft:inventory_changed",
            "conditions": {
				"items": [
					{
						"enchantments": [
							{
								"enchantment": "minecraft:soul_speed"
							}
						]
					}
				]
			}
		},
        "soul_speed_book": {
            "trigger": "minecraft:inventory_changed",
            "conditions": {
				"items": [
					{
						"stored_enchantments": [
							{
								"enchantment": "minecraft:soul_speed"
							}
						]
					}
				]
			}
		}
    },	
    "requirements": [
        [
            "soul_speed_boots",
            "soul_speed_book"
		]
    ]
}