{
    "display": {
        "icon": {
            "item": "minecraft:carved_pumpkin",
			"nbt": "{Enchantments:[{id:\"minecraft:binding_curse\",lvl:1}]}"
        },
        "title": {"translate":"Handmade Blinding"},
        "description": {"color":"#75E1FF","translate":"Wear a carved pumpkin enchanted with Curse of Binding"},
        "announce_to_chat": "true",
		"frame": "goal"
    },
    "parent": "blazeandcave:enchanting/curses",
	"rewards": {
		"function": "bc_rewards:enchanting/handmade_blinding"
    },
    "criteria": {
        "binding_pumpkin": {
            "trigger": "minecraft:inventory_changed",
            "conditions": {
                "player": [
                    {
                        "condition": "minecraft:entity_properties",
						"entity": "this",
						"predicate": {
							"equipment": {
								"head": {
									"items": [
										"minecraft:carved_pumpkin"
									],
									"enchantments": [
										{
											"enchantment": "minecraft:binding_curse"
										}
									]
								}
							}
						}
                    }
                ]
            }
        }
    }
}