{
    "display": {
        "icon": {
            "item": "minecraft:diamond_hoe",
			"nbt": "{Enchantments:[{id:\"minecraft:unbreaking\",lvl:1}]}"
        },
        "title": {"translate":"Master Farmer"},
        "description": {"translate":"Create a hoe with all possible enchantments at max level"},
        "announce_to_chat": "true",
		"frame": "challenge"
    },
    "parent": "blazeandcave:enchanting/master_axeman",
    "rewards": {
		"function": "bc_rewards:enchanting/master_farmer"
    },		
    "criteria": {
        "perfect_hoe_fortune": {
            "trigger": "minecraft:inventory_changed",
            "conditions": {
				"items": [
                    {
                        "tag": "blazeandcave:master_hoes",
						"enchantments": [
							{
								"enchantment": "minecraft:efficiency",
								"levels": 5
							},
							{
								"enchantment": "minecraft:fortune",
								"levels": 3
							},
							{
								"enchantment": "minecraft:unbreaking",
								"levels": 3
							},
							{
								"enchantment": "minecraft:mending",
								"levels": 1
							}	
						]
                    }
                ]
            }
        },
        "perfect_hoe_silk_touch": {
            "trigger": "minecraft:inventory_changed",
            "conditions": {
				"items": [
                    {
                        "tag": "blazeandcave:master_hoes",
						"enchantments": [
							{
								"enchantment": "minecraft:efficiency",
								"levels": 5
							},
							{
								"enchantment": "minecraft:silk_touch",
								"levels": 1
							},
							{
								"enchantment": "minecraft:unbreaking",
								"levels": 3
							},
							{
								"enchantment": "minecraft:mending",
								"levels": 1
							}	
						]
                    }
                ]
            }
        }
    },	
    "requirements": [
        [
            "perfect_hoe_fortune",
            "perfect_hoe_silk_touch"
        ]
    ]
}