{
    "display": {
        "icon": {
            "item": "minecraft:trident",
			"nbt": "{Enchantments:[{id:\"minecraft:unbreaking\",lvl:1}]}"
        },
        "title": {"translate":"Master Tridenteer"},
        "description": {"translate":"Create a trident with all possible enchantments at max level"},
        "announce_to_chat": "true",
		"frame": "challenge"
    },
    "parent": "blazeandcave:enchanting/master_fisher",
    "rewards": {
		"function": "bc_rewards:enchanting/master_tridenteer"
    },		
    "criteria": {
        "perfect_trident_loyalty": {
            "trigger": "minecraft:inventory_changed",
            "conditions": {
				"items": [
                    {
						"items": [
							"minecraft:trident"
						],
						"enchantments": [
							{
								"enchantment": "minecraft:impaling",
								"levels": 5
							},
							{
								"enchantment": "minecraft:loyalty",
								"levels": 3
							},
							{
								"enchantment": "minecraft:channeling",
								"levels": 1
							},
							{
								"enchantment": "minecraft:mending",
								"levels": 1
							},
							{
								"enchantment": "minecraft:unbreaking",
								"levels": 3
							}	
						]
                    }
                ]
            }
        },
        "perfect_trident_riptide": {
            "trigger": "minecraft:inventory_changed",
            "conditions": {
				"items": [
                    {
						"items": [
							"minecraft:trident"
						],
						"enchantments": [
							{
								"enchantment": "minecraft:impaling",
								"levels": 5
							},
							{
								"enchantment": "minecraft:riptide",
								"levels": 3
							},
							{
								"enchantment": "minecraft:mending",
								"levels": 1
							},
							{
								"enchantment": "minecraft:unbreaking",
								"levels": 3
							}	
						]
                    }
                ]
            }
        }
    },
    "requirements": [
        [
            "perfect_trident_loyalty",
            "perfect_trident_riptide"
        ]
    ]
}