{
    "display": {
        "icon": {
            "item": "minecraft:diamond_sword"
        },
        "title": {"translate":"This name sounds cooler"},
        "description": {"translate":"Name your Diamond Sword 'Diamond Edge'"},
        "announce_to_chat": "true"
    },
    "parent": "blazeandcave:enchanting/heavy_metal",
	"rewards": {
		"function": "bc_rewards:enchanting/this_name_sounds_cooler"
    },	
    "criteria": {
        "diamond_edge": {
            "trigger": "minecraft:inventory_changed",
            "conditions": {
                "items": [
                    {
						"items": [
							"minecraft:diamond_sword"
						],
						"nbt": "{display:{Name:\"{\\\"text\\\":\\\"Diamond Edge\\\"}\"}}"
                    }
                ]
            }
        }
    }
}