{
    "display": {
        "icon": {
            "item": "minecraft:rotten_flesh"
        },
        "title": {"translate":"Undead Slayer"},
        "description": {"color":"#75E1FF","translate":"Obtain Smite V"},
        "announce_to_chat": "true",
		"frame": "goal"
    },
    "parent": "blazeandcave:enchanting/needle_sharp",
    "rewards": {
		"function": "bc_rewards:enchanting/undead_slayer"
    },			
    "criteria": {
        "smite": {
            "trigger": "minecraft:inventory_changed",
            "conditions": {
				"items": [
					{
						"enchantments": [
							{
								"enchantment": "minecraft:smite",
								"levels": 5
							}
						]
					}
				]
			}
		},
        "smite_book": {
            "trigger": "minecraft:inventory_changed",
            "conditions": {
				"items": [
					{
						"stored_enchantments": [
							{
								"enchantment": "minecraft:smite",
								"levels": 5
							}
						]
					}
				]
			}
		}
    },	
    "requirements": [
        [
            "smite",
            "smite_book"
		]
    ]
}