{
    "display": {
        "title": {
            "text": "史莱姆核心"
        },
        "description": {
            "text": "摧毁史莱姆核心"
        },
        "icon": {
            "item": "minecraft:slime_ball"
        },
        "frame": "task",
        "show_toast": true,
        "announce_to_chat": true,
        "hidden": false
    },
    "parent": "dnl:story/structures/sinkhole/locate",
    "criteria": {
        "kill slime core": {
            "trigger": "minecraft:player_killed_entity",
            "conditions": {
                "entity": {
                    "type": "minecraft:slime",
                    "nbt": "{Size:13}",
                    "distance": {
                        "absolute": {
                            "min": 0,
                            "max": 64
                        }
                    }
                }
            }
        }
    }
}
