{
  "name": "前厅",
  "icon": "bloodmagic:dungeon_seal",
  "category": "bloodmagic:dungeons",
  "extra_recipe_mappings":[
    ["bloodmagic:inversion_pillar", 0],
    ["bloodmagic:dungeon_seal", 0],
    ["bloodmagic:dungeon_controller", 0],
    ["bloodmagic:inversion_pillar_cap", 0],
    ["bloodmagic:dungeon_brick3", 1],
    ["bloodmagic:dungeon_brick2", 1],
    ["bloodmagic:dungeon_brick1", 1],
    ["bloodmagic:dungeon_brick_assorted", 1],
    ["bloodmagic:dungeon_stone", 1],
    ["bloodmagic:dungeon_eye", 1],
    ["bloodmagic:dungeon_polished", 1],
    ["bloodmagic:dungeon_tile", 1],
    ["bloodmagic:dungeon_tilespecial", 1],
    ["bloodmagic:dungeon_smallbrick", 1],
    ["bloodmagic:dungeon_brick_stairs", 1],
    ["bloodmagic:dungeon_polished_stairs", 1],
    ["bloodmagic:dungeon_pillar_center", 1],
    ["bloodmagic:dungeon_pillar_special", 1],
    ["bloodmagic:dungeon_pillar_cap", 1],
    ["bloodmagic:dungeon_brick_wall", 1],
    ["bloodmagic:dungeon_polished_wall", 1],
    ["bloodmagic:dungeon_brick_gate", 1],
    ["bloodmagic:dungeon_polished_gate", 1],
    ["bloodmagic:dungeon_brick_slab", 1],
    ["bloodmagic:dungeon_tile_slab", 1],
    ["bloodmagic:dungeon_regular_cracked_brick1", 1],
    ["bloodmagic:dungeon_cracked_brick1", 1],
    ["bloodmagic:dungeon_emitter", 1],
    ["bloodmagic:dungeon_alternator", 1],
    ["bloodmagic:spikes", 1],
    ["bloodmagic:dungeon_spike_trap", 1]
  ],
  "pages": [
    {
      "type": "text",
      "text": "进行$(l:bloodmagic:rituals/ritual_list/ritual_simple_dungeon)隐域之缘$()仪式后，$(thing)倒转之柱$()会被召唤而出。右击这一柱子，你将会被传送到前厅，此处是你初探$(thing)恶魔领域$()的起始之处。$(br)这个房间里有几处需要留意的地方：$(li)一个装基础战利品的财宝箱子，并且如果你足够幸运的话，你还能在箱子内找到一些$(l:bloodmagic:dungeons/simple_key)简易的钥匙$()。"
    },
    {
      "type": "text",
      "text": "$(li)第二，一些$(thing)入口$()，每个入口都被$(thing)地牢封印$()锁上了。对着封印使用$(item)钥匙$()可以解锁进入下一房间。$(li)第三，$(item)倒转之柱$()，这根倒转之柱和先前召唤的是镜像关系。对着这根柱子按下[$(k:use)]即可返回到进入前的世界。 $(br2)前厅内还有大量装饰性方块，如果你觉得你的基地需要装点一二，你可以带一些回家。"
    },
    {
      "type": "text",
      "text": "从前厅处解锁的房间内会有一些不同组合的战利品、怪物以及陷阱，也有可能会有一些未激活的仪式，睁大双眼，别错过了宝贝！$(br2)你有可能会发现如下的战利品：$(li)附魔书$(li)附魔武器和盔甲$(li)$(l:bloodmagic:alchemy_table/anointments)多种涂物$() $(li)$(l:bloodmagic:demon_will/will_manipulation/demon_will)恶魔意志$() $(li)药水原料"
    },
    {
      "type": "text",
      "text": "$(li)血命果 $(li)饱满血命果 $(li)血命油$(br2)出发探宝吧！注意随时留意周围的宝藏和陷阱！"
    }
  ]
}