{
  "name": "简易钥匙",
  "icon": "bloodmagic:simplekey",
  "category": "bloodmagic:dungeons",
  "pages": [
    {
      "type": "text",
      "text": "简易钥匙是你在探索$(thing)地牢$()时不可或缺的工具。你可以在恶魔领域的地牢中找到一些，或者你也可以自己合成。"
    },
    {
      "type": "crafting_soulforge",
      "heading": "简易钥匙",
      "recipe": "bloodmagic:soulforge/simple_key",
      "text": "$(italic)简易？如果它真有那么简易，为什么你还能用它来撬锁呢？$()"
    }
  ]
}