{
  "name": "血命果",
  "icon": "bloodmagic:weak_tau",
  "category": "bloodmagic:dungeons",
  "extra_recipe_mappings":[
    ["bloodmagic:weak_tau", 0]
  ],
    "pages": [
    {
      "type": "text",
      "text": "你可以在$(l:bloodmagic:dungeons/lobby)简易地牢$()中找到血命果，找到后，你便可以像种其他作物那样种植它。遗憾的是，血命果原生于$(thing)恶魔领域$()，因而它的生命周期和你田里不起眼的$(item)土豆$()相比要稍微复杂一些，你得多花些心思。$(br2)成熟血命果有两种变种，最终长成哪种取决于它的生长条件。通常情况下，它会生长为$(item)血命果$()，这种果实可以用于制作$(item)血命油$()。"
    },
    {
      "type": "crafting_alchemy_table",
      "heading": "血命油",
      "recipe": "bloodmagic:alchemytable/tau_oil",
      "text": "$(italic)忽略两者区别的话，尝起来挺像血橙的。$()"
    },
    {
      "type": "text",
      "text": "血命油目前有两种主要用法。首先，它可以将任何$(l:bloodmagic:alchemy_table/anointments)涂物$()的使用次数增加到原先的 4 倍；又或者用它来制作$(item)中级切削油$()，这种切削油与$(l:bloodmagic:utility/alchemical_reaction_chamber#basic_cutting_fluid)基础切削油$()效用类似，但能够使用 8 次，并且还能提升 25% 的合成速度。"
    },
    {
      "type": "spotlight",
      "item": "bloodmagic:strong_tau",
      "link_recipe": "true",
      "text": "然而，$(item)血命果$()还有另一种更具挑战性的生长方式。如果血命果作物在成熟时有$(thing)生物$()（比如说，牛）站在它的上方，它便会吸取它们的生命，用于满足它们的暗黑食欲。在这种情况下，血命果会长为$(item)饱满血命果$()。"
    }
  ]
}