{
	"pages":[
		{
			"border":true,
			"images":[
				"spectrum:textures/gui/manual/banners.png"
			],
			"text":"你所遇到的工具和资源都可以在织布机中直接使用，作为旗帜图案。",
			"type":"patchouli:image",
			"title":"旗帜图案"
		},
		{
			"recipe2":"spectrum:crafting_table/banner_patterns/amethyst_shard_banner_pattern",
			"recipe":"spectrum:crafting_table/banner_patterns/amethyst_cluster_banner_pattern",
			"type":"patchouli:crafting",
			"title":"原版旗帜图案"
		}
	],
	"advancement":"spectrum:spectrum",
	"extra_recipe_mappings":{
		"spectrum:amethyst_shard_banner_pattern":0,
		"spectrum:logo_banner_pattern":0,
		"spectrum:amethyst_cluster_banner_pattern":0
	},
	"name":"旗帜图案",
	"icon":"spectrum:amethyst_shard_banner_pattern",
	"category":"spectrum:decoration_category"
}