{
	"pages":[
		{
			"anchor":"polished_basalt",
			"recipe":"spectrum:smelting/smooth_basalt_to_polished_basalt",
			"text":"还记得晶洞外层的那圈岩石吗？直接的火炼似乎让岩石的黑与白变得更为纯粹。$(br)玄武岩经过烧制后，色泽变得近乎纯黑。$(br)兴许它们吸收了点晶洞的灵气？$(br)说不定呢。",
			"type":"patchouli:smelting",
			"title":"磨制玄武岩"
		},
		{
			"anchor":"polished_calcite",
			"recipe":"spectrum:smelting/calcite_to_polished_calcite",
			"text":"方解石的白真是你所见过的自然界中最明净的色泽，清亮而纯洁，与玄武岩的黑色形成了鲜明对比。$(br2)磨制玄武岩和磨制方解石都可以被制作成多种多样的装饰方块。",
			"type":"patchouli:smelting",
			"title":"磨制方解石"
		},
		{
			"recipe2":"spectrum:crafting_table/stone_deco/polished_calcite_stairs",
			"recipe":"spectrum:crafting_table/stone_deco/polished_basalt_slab",
			"type":"patchouli:crafting",
			"title":"台阶与楼梯"
		},
		{
			"recipe2":"spectrum:crafting_table/stone_deco/polished_calcite_crest",
			"recipe":"spectrum:crafting_table/stone_deco/polished_basalt_pillar",
			"type":"patchouli:crafting",
			"title":"柱子与饰纹方块"
		},
		{
			"recipe2":"spectrum:crafting_table/stone_deco/notched_polished_calcite",
			"recipe":"spectrum:crafting_table/stone_deco/chiseled_polished_basalt",
			"type":"patchouli:crafting",
			"title":"錾制与无印方块"
		},
		{
			"recipe2":"spectrum:crafting_table/stone_deco/polished_basalt_wall",
			"type":"patchouli:crafting",
			"title":"墙"
		},
		{
			"recipe2":"spectrum:crafting_table/stone_deco/calcite_slab",
			"recipe":"spectrum:crafting_table/stone_deco/basalt_brick_stairs",
			"type":"patchouli:crafting",
			"title":"砖种类与未加工种类"
		},
		{
			"recipe2":"spectrum:smelting/stone_deco_unsmelting/chiseled_polished_calcite_to_polished_calcite",
			"recipe":"spectrum:smelting/stone_deco_unsmelting/basalt_brick_stairs_to_polished_basalt",
			"text":"重新烧制即可将方块变回普通的磨制版本。",
			"type":"patchouli:smelting",
			"title":"回火"
		}
	],
	"advancement":"spectrum:spectrum",
	"extra_recipe_mappings":{
		"spectrum:polished_basalt_crest":0,
		"spectrum:chiseled_polished_calcite":0,
		"spectrum:basalt_brick_stairs":0,
		"spectrum:polished_calcite_stairs":0,
		"spectrum:polished_calcite_wall":0,
		"spectrum:polished_basalt":0,
		"spectrum:polished_basalt_slab":0,
		"spectrum:polished_basalt_pillar":0,
		"spectrum:polished_calcite_crest":0,
		"spectrum:calcite_bricks":0,
		"spectrum:calcite_brick_slab":0,
		"spectrum:notched_polished_calcite":0,
		"spectrum:polished_basalt_stairs":0,
		"spectrum:calcite_slab":0,
		"spectrum:smooth_basalt_wall":0,
		"spectrum:notched_polished_basalt":0,
		"spectrum:basalt_brick_slab":0,
		"spectrum:basalt_brick_wall":0,
		"spectrum:calcite_brick_stairs":0,
		"spectrum:calcite_wall":0,
		"spectrum:smooth_basalt_slab":0,
		"spectrum:polished_calcite":0,
		"spectrum:chiseled_polished_basalt":0,
		"spectrum:basalt_bricks":0,
		"spectrum:polished_calcite_slab":0,
		"spectrum:polished_calcite_pillar":0,
		"spectrum:calcite_stairs":0,
		"spectrum:calcite_brick_wall":0,
		"spectrum:polished_basalt_wall":0,
		"spectrum:smooth_basalt_stairs":0
	},
	"name":"方块种类",
	"icon":"spectrum:chiseled_polished_basalt",
	"category":"spectrum:decoration_category"
}