{
	"pages":[
		{
			"text":"$(italic)既然你已经能随心所欲地混合颜色，试试看颜料的各种其它用途不也不错？普通的红石灯这么平淡，该给点颜色瞧瞧了！$()",
			"type":"patchouli:text"
		},
		{
			"recipe":"spectrum:pedestal/tier1/colored_lamps/cyan_lamp",
			"text":"除了正常的红石灯功能以外，其亮起的时候周围会发出对应颜色的光芒。",
			"type":"spectrum:pedestal_crafting",
			"title":"基座配方"
		}
	],
	"advancement":"spectrum:progression/colored_lamps/unlock_any_colored_lamp",
	"extra_recipe_mappings":{
		"spectrum:white_lamp":0,
		"spectrum:light_blue_lamp":0,
		"spectrum:red_lamp":0,
		"spectrum:orange_lamp":0,
		"spectrum:purple_lamp":0,
		"spectrum:yellow_lamp":0,
		"spectrum:blue_lamp":0,
		"spectrum:black_lamp":0,
		"spectrum:lime_lamp":0,
		"spectrum:magenta_lamp":0,
		"spectrum:light_gray_lamp":0,
		"spectrum:pink_lamp":0,
		"spectrum:gray_lamp":0,
		"spectrum:green_lamp":0,
		"spectrum:brown_lamp":0,
		"spectrum:cyan_lamp":0
	},
	"name":"彩色红石灯",
	"icon":"spectrum:cyan_lamp",
	"category":"spectrum:decoration_category"
}