{
	"pages":[
		{
			"text":"穿越植被茂密的洞窟的时候，你被弥漫在空中的花瓣所吸引。$(br)美妙的景象不禁让你期待用缤纷的色彩在其间留下属于你的浓重一笔。",
			"type":"patchouli:text"
		},
		{
			"recipe":"spectrum:pedestal/tier2/colored_spore_blossoms/orange_spore_blossom",
			"text":"孢子花可使用不同的颜料进行染色。",
			"type":"spectrum:pedestal_crafting",
			"title":"基座配方"
		}
	],
	"advancement":"spectrum:progression/unlock_colored_spore_blossoms",
	"extra_recipe_mappings":{
		"spectrum:magenta_spore_blossom":0,
		"spectrum:pink_spore_blossom":0,
		"spectrum:lime_spore_blossom":0,
		"spectrum:blue_spore_blossom":0,
		"spectrum:yellow_spore_blossom":0,
		"spectrum:light_gray_spore_blossom":0,
		"spectrum:black_spore_blossom":0,
		"spectrum:brown_spore_blossom":0,
		"spectrum:green_spore_blossom":0,
		"spectrum:gray_spore_blossom":0,
		"spectrum:white_spore_blossom":0,
		"spectrum:orange_spore_blossom":0,
		"spectrum:light_blue_spore_blossom":0,
		"spectrum:red_spore_blossom":0,
		"spectrum:purple_spore_blossom":0,
		"spectrum:cyan_spore_blossom":0
	},
	"name":"彩色孢子花",
	"icon":"spectrum:orange_spore_blossom",
	"category":"spectrum:decoration_category"
}