{
	"pages":[
		{
			"item":"spectrum:topaz_glass",
			"text":"$(italic)宝石晶既然已是天然透明，何不用于制作玻璃呢？$()",
			"type":"patchouli:spotlight",
			"title":"宝石晶玻璃"
		},
		{
			"recipe":"spectrum:pedestal/tier1/glass/topaz_glass",
			"text":"宝石晶玻璃的颜色取决于选用的宝石晶颜色。",
			"type":"spectrum:pedestal_crafting",
			"title":"基座配方"
		}
	],
	"advancement":"spectrum:place_pedestal",
	"extra_recipe_mappings":{
		"spectrum:onyx_glass":0,
		"spectrum:citrine_glass":0,
		"spectrum:moonstone_glass":0,
		"spectrum:amethyst_glass":0,
		"spectrum:topaz_glass":0
	},
	"name":"宝石晶玻璃",
	"icon":"spectrum:topaz_glass",
	"category":"spectrum:decoration_category"
}