{
	"pages":[
		{
			"item":"spectrum:citrine_basalt_lamp",
			"text":"$(italic)初次驻足于晶洞之间的你注意到了交织的微光。现在，你学到了许多，知道了微光石能够放大这份微光，制作亮丽的宝石晶灯。$()",
			"type":"patchouli:spotlight",
			"title":"宝石晶灯"
		},
		{
			"recipe":"spectrum:pedestal/tier1/gem_lamps/citrine_basalt_lamp",
			"text":"宝石晶灯的颜色取决于选用的宝石晶颜色。$(l:decoration/block_variants#polished_basalt)錾制玄武岩$()与$(l:decoration/block_variants#polished_calcite)錾制方解石$()都可以作为原料。",
			"type":"spectrum:pedestal_crafting",
			"title":"基座配方"
		}
	],
	"advancement":"spectrum:collect_sparklestone",
	"extra_recipe_mappings":{
		"spectrum:amethyst_calcite_lamp":0,
		"spectrum:citrine_calcite_lamp":0,
		"spectrum:moonstone_calcite_lamp":0,
		"spectrum:amethyst_basalt_lamp":0,
		"spectrum:citrine_basalt_lamp":0,
		"spectrum:topaz_basalt_lamp":0,
		"spectrum:moonstone_basalt_lamp":0,
		"spectrum:topaz_calcite_lamp":0,
		"spectrum:onyx_basalt_lamp":0,
		"spectrum:onyx_calcite_lamp":0
	},
	"name":"宝石晶灯",
	"icon":"spectrum:citrine_basalt_lamp",
	"category":"spectrum:decoration_category"
}