{
	"pages":[
		{
			"item":"spectrum:orange_glowblock",
			"text":"$(italic)既然你有最为纯净的颜料，何不着手制造一些颜色同样纯净无暇的方块呢？$(br2)你原本想起个““逆方块”的名字，然而既然都是方块有什么好逆不逆呢……还是不叫这名了吧？$()",
			"type":"patchouli:spotlight",
			"title":"发光方块"
		},
		{
			"recipe":"spectrum:pedestal/tier3/glowblocks/orange_glowblock",
			"text":"发光方块的颜色取决于用于合成的颜料的颜色，并且外观与色泽不随光照强度变化。",
			"type":"spectrum:pedestal_crafting",
			"title":"基座配方"
		}
	],
	"advancement":"spectrum:midgame/build_advanced_pedestal_structure",
	"extra_recipe_mappings":{
		"spectrum:black_glowblock":0,
		"spectrum:purple_glowblock":0,
		"spectrum:white_glowblock":0,
		"spectrum:yellow_glowblock":0,
		"spectrum:magenta_glowblock":0,
		"spectrum:pink_glowblock":0,
		"spectrum:brown_glowblock":0,
		"spectrum:cyan_glowblock":0,
		"spectrum:light_gray_glowblock":0,
		"spectrum:blue_glowblock":0,
		"spectrum:red_glowblock":0,
		"spectrum:gray_glowblock":0,
		"spectrum:green_glowblock":0,
		"spectrum:lime_glowblock":0,
		"spectrum:light_blue_glowblock":0,
		"spectrum:orange_glowblock":0
	},
	"name":"发光方块",
	"icon":"spectrum:orange_glowblock",
	"category":"spectrum:decoration_category"
}