{
  "name": "物品圆盘",
  "advancement": "spectrum:progression/unlock_item_roundel",
  "icon": "spectrum:item_roundel",
  "category": "spectrum:decoration_category",
  "extra_recipe_mappings": {
    "spectrum:item_roundel": 0
  },
  "pages": [
    {
      "type": "patchouli:text",
      "item": "spectrum:item_roundel",
      "text": "你非常喜欢这些古老建筑中的旋转圆盘。以至于你自己复制了他们的设计。这绝对是一个展示你的物品，或让它们准备好的好方法。$(br2)$(italic)希望这些专利已经过期了。"
    },
    {
      "type": "spectrum:pedestal_crafting",
      "title": "基座配方",
      "recipe": "spectrum:pedestal/tier2/item_roundel",
      "text": "你拼凑出来的玄武岩和方解石版本可以容纳更多的物品，最多可容纳6组物品。"
    }
  ]
}