{
	"pages":[
		{
			"item":"spectrum:item_bowl_basalt",
			"text":"$(italic)出行冒险的时候总会一个不小心忘了带上什么东西，要是把随身携带的用于标记归途的粉笔给忘了那可就麻烦了。用底座来展示这些必需品以时刻提醒自己兴许是一个好主意呢。$()$(br2)磨制方解石与磨制玄武岩皆可用于制作底座。",
			"type":"patchouli:spotlight",
			"title":"物品底座"
		},
		{
			"recipe":"spectrum:pedestal/tier3/item_bowl_calcite",
			"text":"将一叠物品放置在底座中会令其悬浮展示。$(br)右击物品底座或将物品掷入底座皆可进行放置。",
			"type":"spectrum:pedestal_crafting",
			"title":"基座配方"
		}
	],
	"advancement": "spectrum:progression/unlock_item_bowl",
	"extra_recipe_mappings":{
		"spectrum:item_bowl_calcite":0,
		"spectrum:item_bowl_basalt":0
	},
	"name":"物品底座",
	"icon":"spectrum:item_bowl_basalt",
	"category":"spectrum:decoration_category"
}