{
	"pages":[
		{
			"recipe":"spectrum:crafting_table/jade_vines/jade_vine_petal_block",
			"text":"你用$(l:resources/jade_vines)玉藤$(/l)的花瓣制作了种种可供装饰的方块。",
			"type":"patchouli:crafting",
			"title":"玉藤花瓣块"
		},
		{
			"recipe":"spectrum:crafting_table/jade_vines/jade_vine_petal_carpet",
			"text":"",
			"type":"patchouli:crafting",
			"title":"地毯"
		}
	],
	"advancement":"spectrum:hidden/collect_jade_vine_petals",
	"extra_recipe_mappings":{
		"spectrum:jade_vine_petal_carpet":0,
		"spectrum:jade_vine_petal_block":0
	},
	"name":"玉藤花瓣块",
	"icon":"spectrum:jade_vine_petal_block",
	"category":"spectrum:decoration_category"
}