{
	"pages":[
		{
			"text":"$(italic)流星坠落时四处播撒的粒子在夜空中划出一道璀璨的尾迹，此等奇观势必由你捕捉重现。为此，你打造了粒子生成器，去营造更为繁华多样的景观。$()$(br2)无论是平实的烟囱还是耀眼的火箭尾焰，还是用来点缀祭坛的气势磅礴的人工雨，粒子生成器始终伴你左右。",
			"type":"patchouli:text"
		},
		{
			"recipe":"spectrum:pedestal/tier2/particle_spawner",
			"text":"在粒子生成器的交互界面内你可以随心指定你需要的粒子效果。通上红石信号来开始表演吧！",
			"type":"spectrum:pedestal_crafting",
			"title":"基座配方"
		}
	],
	"advancement":"spectrum:progression/unlock_particle_spawner",
	"extra_recipe_mappings":{
		"spectrum:particle_spawner":0,
		"spectrum:creative_particle_spawner":0
	},
	"name":"粒子生成器",
	"icon":"spectrum:particle_spawner",
	"category":"spectrum:decoration_category"
}