{
	"pages":[
		{
			"text":"$(italic)谁不喜欢展示精美的战利品？但展示框本身偶尔也有影响观感的时候……$(br)嘛，不是大事——用宝石晶的特殊光学效应就可以轻松解决这一问题。",
			"type":"patchouli:text",
			"title":"幻影物品展示框"
		},
		{
			"recipe":"spectrum:pedestal/tier1/invisible_item_frame",
			"text":"幻影物品展示框会在放入物品后立刻隐形。",
			"type":"spectrum:pedestal_crafting",
			"title":"基座制作"
		},
		{
			"recipe":"spectrum:pedestal/tier1/invisible_glow_item_frame",
			"text":"这款更是美妙：放入的物品会放出迷人的光芒。",
			"type":"spectrum:pedestal_crafting",
			"title":"幻影荧光物品展示框"
		}
	],
	"advancement":"spectrum:collect_sparklestone",
	"extra_recipe_mappings":{
		"spectrum:invisible_item_frame":0,
		"spectrum:invisible_glow_item_frame":0
	},
	"name":"幻影物品展示框",
	"icon":"spectrum:invisible_item_frame",
	"category":"spectrum:decoration_category"
}