{
    "id": "tiered:common_shield",
    "verifiers": [
        {
            "tag": "c:shields"
        }
    ],
    "weight": 300,
    "style": {
        "color": "gray"
    },
    "attributes": [
        {
            "type": "tiered:generic.durable",
            "modifier": {
                "name": "tiered:common_shield",
                "operation": "ADDITION",
                "amount": 50
            },
            "optional_equipment_slots": [
                "OFFHAND"
            ]
        },
        {
            "type": "mythicmetals:magic_protection",
            "modifier": {
                "name": "tiered:epic_shield",
                "operation": "ADDITION",
                "amount": 1.0
            },
            "optional_equipment_slots": [
                "OFFHAND"
            ]
        }
    ]
}