{
    "id": "tiered:epic_shield",
    "verifiers": [
        {
            "tag": "c:shields"
        }
    ],
    "weight": 100,
    "style": {
        "color": "dark_purple"
    },
    "attributes": [
        {
            "type": "tiered:generic.durable",
            "modifier": {
                "name": "tiered:epic_shield",
                "operation": "ADDITION",
                "amount": 280
            },
            "optional_equipment_slots": [
                "OFFHAND"
            ]
        },
        {
            "type": "mythicmetals:magic_protection",
            "modifier": {
                "name": "tiered:epic_shield",
                "operation": "ADDITION",
                "amount": 3.0
            },
            "optional_equipment_slots": [
                "OFFHAND"
            ]
        },
        {
            "type": "playerex:health_regeneration",
            "modifier": {
                "name": "tiered:epic_shield",
                "operation": "ADDITION",
                "amount": 1
            },
            "optional_equipment_slots": [
                "OFFHAND"
            ]
        }
    ]
}