{
  "id": "tiered:sins_gluttony_shield",
  "verifiers": [
        {
          "tag": "c:shields"
        }
  ],
  "weight": 15,
  "style": {
    "color": "dark_red"
  },
  "attributes": [
    {
      "type": "generic.max_health",
      "modifier": {
          "name": "tiered:sins_gluttony",
          "operation": "MULTIPLY_TOTAL",
          "amount": 1
      },
      "optional_equipment_slots": [
        "OFFHAND"
      ]
    },
    {
    "type": "generic.attack_damage",
    "modifier": {
        "name": "tiered:sins_gluttony",
        "operation": "MULTIPLY_TOTAL",
        "amount": -0.5
    },
    "optional_equipment_slots": [
      "OFFHAND"
    ]
    }
  ]
}