{
  "id": "tiered:sins_pride_shield",
  "verifiers": [
        {
            "tag": "c:shield"
        }
  ],
  "weight": 15,
  "style": {
    "color": "dark_red"
  },
  "attributes": [
    {
      "type": "generic.attack_damage",
      "modifier": {
          "name": "tiered:sins_pride",
          "operation": "MULTIPLY_TOTAL",
          "amount": 1
      },
      "optional_equipment_slots": [
          "OFFHAND"
      ]
    },
    {
      "type": "tiered:generic.range_attack_damage",
      "modifier": {
          "name": "tiered:sins_pride",
          "operation": "MULTIPLY_TOTAL",
          "amount": 1
      },
      "optional_equipment_slots": [
          "OFFHAND"
      ]
    },
    {
    "type": "generic.movement_speed",
    "modifier": {
        "name": "tiered:sins_pride",
        "operation": "MULTIPLY_TOTAL",
        "amount": -0.5
    },
    "optional_equipment_slots": [
        "OFFHAND"
    ]
    }
  ]
}