{
  "id": "tiered:sins_greed_shield",
  "verifiers": [
        {
            "tag": "c:shields"
        }
  ],
  "weight": 15,
  "style": {
    "color": "dark_red"
  },
  "attributes": [
    {
      "type": "generic.attack_speed",
      "modifier": {
          "name": "tiered:sins_greed",
          "operation": "MULTIPLY_TOTAL",
          "amount": 0.5
      },
      "optional_equipment_slots": [
        "OFFHAND"
      ]
    },
    {
    "type": "generic.attack_damage",
    "modifier": {
        "name": "tiered:sins_greed",
        "operation": "ADDITION",
        "amount": -10
    },
    "optional_equipment_slots": [
        "OFFHAND"
    ]
    }
  ]
}