{
    "type": "minecraft:chest",
    "pools": [
        {
            "rolls": 1,
            "entries": [
                {
                    "type": "minecraft:item",
                    "name": "minecraft:iron_sword",
                    "functions": [
                        {
                            "function": "minecraft:enchant_randomly",
                            "conditions": [
                                {
                                    "condition": "minecraft:random_chance",
                                    "chance": 0.1
                                }
                            ]
                        }
                    ]
                }
            ]
        }
    ]
}