{
  "name": "远古遗迹",
  "icon": "spectrum:dike_chiseled_preservation_stone",
  "advancement": "spectrum:find_ancient_ruins",
  "sortnum": 16,
  "turnin": "spectrum:generate_ancient_ruins_loot",
  "category": "spectrum:general_category",
  "extra_recipe_mappings": {
    "spectrum:preservation_stone": 0,
    "spectrum:preservation_controller": 0,
    "spectrum:dike_chiseled_preservation_stone": 0,
    "spectrum:treasure_chest": 0,
    "spectrum:preservation_glass": 0,
    "spectrum:tinted_preservation_glass": 0,
    "spectrum:dike_gate": 0,
    "spectrum:dike_gate_fountain": 0,
    "spectrum:courier_statue": 0
  },
  "pages": [
    {
      "type": "patchouli:spotlight",
      "title": "远古遗迹",
      "item": "spectrum:dike_chiseled_preservation_stone",
      "text": "你发现了某个埋藏在地底的巨大遗迹，入口被强大的魔法力场所守护……"
    },
    {
      "type": "patchouli:image",
      "title": "入口",
      "images": [
        "spectrum:textures/gui/manual/ancient_ruins.png"
      ],
      "border": true,
      "text": "藏在这入口背后的是什么？这些符号又意味着什么呢？"
    },
    {
      "type": "patchouli:spotlight",
      "title": "适格之人",
      "item": "spectrum:azure_dike_ring",
      "advancement": "spectrum:enter_ancient_ruins",
      "text": "蔚蓝装备似乎就是准入许可。$(br2)你一度认为，仅有你孤身一人独自钻研色彩与宝石晶内涵的魔法力量。看来，这个推测不对。$(italic)甚至于错得离谱……"
    },
    {
      "type": "patchouli:text",
      "title": "一个挑战？",
      "advancement": "spectrum:generate_ancient_ruins_loot",
      "text": "这些建筑的建造思路和手法与你的相当相似，然而技术上要更高明，甚至于高明得多了。$(br2)但无论怎么样，还是欣然接受这个挑战吧，毕竟——$(br)$(italic)你才有大把大把的时间"
    }
  ]
}
