{
  "name": "彩色树",
  "icon": "spectrum:red_sapling",
  "sortnum": 6,
  "advancement": "spectrum:collect_vegetal",
  "turnin": "spectrum:craft_colored_sapling",
  "category": "spectrum:general_category",
  "extra_recipe_mappings": {
    "spectrum:black_sapling": 0,
    "spectrum:blue_sapling": 0,
    "spectrum:brown_sapling": 0,
    "spectrum:cyan_sapling": 0,
    "spectrum:gray_sapling": 0,
    "spectrum:green_sapling": 0,
    "spectrum:light_blue_sapling": 0,
    "spectrum:light_gray_sapling": 0,
    "spectrum:lime_sapling": 0,
    "spectrum:magenta_sapling": 0,
    "spectrum:orange_sapling": 0,
    "spectrum:pink_sapling": 0,
    "spectrum:purple_sapling": 0,
    "spectrum:red_sapling": 0,
    "spectrum:white_sapling": 0,
    "spectrum:yellow_sapling": 0,
    "spectrum:black_log": 0,
    "spectrum:blue_log": 0,
    "spectrum:brown_log": 0,
    "spectrum:cyan_log": 0,
    "spectrum:gray_log": 0,
    "spectrum:green_log": 0,
    "spectrum:light_blue_log": 0,
    "spectrum:light_gray_log": 0,
    "spectrum:lime_log": 0,
    "spectrum:magenta_log": 0,
    "spectrum:orange_log": 0,
    "spectrum:pink_log": 0,
    "spectrum:purple_log": 0,
    "spectrum:red_log": 0,
    "spectrum:white_log": 0,
    "spectrum:yellow_log": 0,
    "spectrum:black_leaves": 0,
    "spectrum:blue_leaves": 0,
    "spectrum:brown_leaves": 0,
    "spectrum:cyan_leaves": 0,
    "spectrum:gray_leaves": 0,
    "spectrum:green_leaves": 0,
    "spectrum:light_blue_leaves": 0,
    "spectrum:light_gray_leaves": 0,
    "spectrum:lime_leaves": 0,
    "spectrum:magenta_leaves": 0,
    "spectrum:orange_leaves": 0,
    "spectrum:pink_leaves": 0,
    "spectrum:purple_leaves": 0,
    "spectrum:red_leaves": 0,
    "spectrum:white_leaves": 0,
    "spectrum:yellow_leaves": 0,
    "spectrum:black_planks": 0,
    "spectrum:blue_planks": 0,
    "spectrum:brown_planks": 0,
    "spectrum:cyan_planks": 0,
    "spectrum:gray_planks": 0,
    "spectrum:green_planks": 0,
    "spectrum:light_blue_planks": 0,
    "spectrum:light_gray_planks": 0,
    "spectrum:lime_planks": 0,
    "spectrum:magenta_planks": 0,
    "spectrum:orange_planks": 0,
    "spectrum:pink_planks": 0,
    "spectrum:purple_planks": 0,
    "spectrum:red_planks": 0,
    "spectrum:white_planks": 0,
    "spectrum:yellow_planks": 0,
    "spectrum:black_plank_stairs": 0,
    "spectrum:blue_plank_stairs": 0,
    "spectrum:brown_plank_stairs": 0,
    "spectrum:cyan_plank_stairs": 0,
    "spectrum:gray_plank_stairs": 0,
    "spectrum:green_plank_stairs": 0,
    "spectrum:light_blue_plank_stairs": 0,
    "spectrum:light_gray_plank_stairs": 0,
    "spectrum:lime_plank_stairs": 0,
    "spectrum:magenta_plank_stairs": 0,
    "spectrum:orange_plank_stairs": 0,
    "spectrum:pink_plank_stairs": 0,
    "spectrum:purple_plank_stairs": 0,
    "spectrum:red_plank_stairs": 0,
    "spectrum:white_plank_stairs": 0,
    "spectrum:yellow_plank_stairs": 0,
    "spectrum:black_plank_pressure_plate": 0,
    "spectrum:blue_plank_pressure_plate": 0,
    "spectrum:brown_plank_pressure_plate": 0,
    "spectrum:cyan_plank_pressure_plate": 0,
    "spectrum:gray_plank_pressure_plate": 0,
    "spectrum:green_plank_pressure_plate": 0,
    "spectrum:light_blue_plank_pressure_plate": 0,
    "spectrum:light_gray_plank_pressure_plate": 0,
    "spectrum:lime_plank_pressure_plate": 0,
    "spectrum:magenta_plank_pressure_plate": 0,
    "spectrum:orange_plank_pressure_plate": 0,
    "spectrum:pink_plank_pressure_plate": 0,
    "spectrum:purple_plank_pressure_plate": 0,
    "spectrum:red_plank_pressure_plate": 0,
    "spectrum:white_plank_pressure_plate": 0,
    "spectrum:yellow_plank_pressure_plate": 0,
    "spectrum:black_plank_fence": 0,
    "spectrum:blue_plank_fence": 0,
    "spectrum:brown_plank_fence": 0,
    "spectrum:cyan_plank_fence": 0,
    "spectrum:gray_plank_fence": 0,
    "spectrum:green_plank_fence": 0,
    "spectrum:light_blue_plank_fence": 0,
    "spectrum:light_gray_plank_fence": 0,
    "spectrum:lime_plank_fence": 0,
    "spectrum:magenta_plank_fence": 0,
    "spectrum:orange_plank_fence": 0,
    "spectrum:pink_plank_fence": 0,
    "spectrum:purple_plank_fence": 0,
    "spectrum:red_plank_fence": 0,
    "spectrum:white_plank_fence": 0,
    "spectrum:yellow_plank_fence": 0,
    "spectrum:black_plank_fence_gate": 0,
    "spectrum:blue_plank_fence_gate": 0,
    "spectrum:brown_plank_fence_gate": 0,
    "spectrum:cyan_plank_fence_gate": 0,
    "spectrum:gray_plank_fence_gate": 0,
    "spectrum:green_plank_fence_gate": 0,
    "spectrum:light_blue_plank_fence_gate": 0,
    "spectrum:light_gray_plank_fence_gate": 0,
    "spectrum:lime_plank_fence_gate": 0,
    "spectrum:magenta_plank_fence_gate": 0,
    "spectrum:orange_plank_fence_gate": 0,
    "spectrum:pink_plank_fence_gate": 0,
    "spectrum:purple_plank_fence_gate": 0,
    "spectrum:red_plank_fence_gate": 0,
    "spectrum:white_plank_fence_gate": 0,
    "spectrum:yellow_plank_fence_gate": 0,
    "spectrum:black_plank_button": 0,
    "spectrum:blue_plank_button": 0,
    "spectrum:brown_plank_button": 0,
    "spectrum:cyan_plank_button": 0,
    "spectrum:gray_plank_button": 0,
    "spectrum:green_plank_button": 0,
    "spectrum:light_blue_plank_button": 0,
    "spectrum:light_gray_plank_button": 0,
    "spectrum:lime_plank_button": 0,
    "spectrum:magenta_plank_button": 0,
    "spectrum:orange_plank_button": 0,
    "spectrum:pink_plank_button": 0,
    "spectrum:purple_plank_button": 0,
    "spectrum:red_plank_button": 0,
    "spectrum:white_plank_button": 0,
    "spectrum:yellow_plank_button": 0,
    "spectrum:black_plank_slab": 0,
    "spectrum:blue_plank_slab": 0,
    "spectrum:brown_plank_slab": 0,
    "spectrum:cyan_plank_slab": 0,
    "spectrum:gray_plank_slab": 0,
    "spectrum:green_plank_slab": 0,
    "spectrum:light_blue_plank_slab": 0,
    "spectrum:light_gray_plank_slab": 0,
    "spectrum:lime_plank_slab": 0,
    "spectrum:magenta_plank_slab": 0,
    "spectrum:orange_plank_slab": 0,
    "spectrum:pink_plank_slab": 0,
    "spectrum:purple_plank_slab": 0,
    "spectrum:red_plank_slab": 0,
    "spectrum:white_plank_slab": 0,
    "spectrum:yellow_plank_slab": 0
  },
  "pages": [
    {
      "type": "patchouli:text",
      "title": "彩色树",
      "text": "你需要有机的介质来混合颜料。你实验得到的树苗轻易地吸收了颜料的能量，浮现出相应的色泽。树苗尚且稚嫩，但你已经感受到了宝石晶的能量在其枝桠与嫩叶之间的悄然闪动。$(br2)长大了是什么样呢？真令人期待啊。"
    },
    {
      "type": "spectrum:pedestal_crafting",
      "title": "彩色树苗",
      "recipe": "spectrum:pedestal/tier1/saplings/red_sapling",
      "text": "不同的彩色树苗需要不同数量的$(l:general/gemstone_powder)宝石晶粉末$()搭配，才能调配出与之对应的$(l:general/color_mixing)颜色$(/l)。"
    },
    {
      "type": "patchouli:image",
      "title": "自然生成",
      "advancement": "spectrum:craft_colored_sapling",
      "images": [
        "spectrum:textures/gui/manual/colored_trees.png"
      ],
      "text": "它们早就在你周围了！谁知道外面还有啥呢？"
    },
    {
      "type": "patchouli:crafting",
      "advancement": "spectrum:craft_colored_sapling",
      "title": "彩色原木",
      "recipe": "spectrum:crafting_table/colored_wood/light_blue_planks",
      "text": "就和普通的原木一样，你可以用彩色原木来合成木板，楼梯，台阶，按钮，压力板，栅栏和栅栏门。"
    }
  ]
}
