{
  "name": "颜色混合",
  "icon": "minecraft:light_blue_dye",
  "sortnum": 5,
  "advancement": "spectrum:collect_vegetal",
  "category": "spectrum:general_category",
  "turnin": "spectrum:craft_colored_sapling",
  "pages": [
    {
      "type": "patchouli:image",
      "title": "颜色混合",
      "images": [
        "spectrum:textures/gui/manual/color_mixing.png"
      ],
      "text": "使用三基色：$(c_cyan)青色$()、$(c_magenta)品红色$()与$(c_yellow)黄色$()即可调配出（几乎）所有颜色了。"
    },
    {
      "type": "patchouli:text",
      "text": "直接混合$(l:general/gemstone_powder)宝石晶粉末$(/l)的结果不如人意……不过你产生了一个新想法：$(br)宝石晶与大自然之间的亲和力是否说明$(italic)自然$()本身就是问题的答案呢！$(br2)你开始奋笔疾书，草拟了$(l:general/colored_trees)一个合成配方$()。这下总有点眉目了吧！"
    },
    {
      "type": "patchouli:text",
      "title": "制作棕色颜料",
      "text": "单用宝石晶粉末是无论如何都混不出棕色了……最好的结果也就只是，某种水洗过的橙色。呕。$(br)能这么难吗！…$(c_brown)泥土可不就是棕色的吗$()，而且几乎随处可见，唾手可得。$(br2)一定有办法的！$(br)你相信$(c_black)黑色$()就是答案。"
    },
    {
      "type": "patchouli:link",
      "advancement": "spectrum:collect_all_basic_pigments_besides_brown",
      "text": "$(br2)$(br2)$(br2)$(br)$(italic)棕色确实很奇怪！我们认识棕色的方式确实非常奇妙！$()",
      "url": "https://www.youtube.com/watch?v=wh4aWZRtTwU",
      "link_text": "棕色很奇怪（视频）"
    }
  ]
}