{
  "name": "制作缟玛瑙母岩",
  "icon": "spectrum:onyx_cluster",
  "sortnum": 14,
  "advancement": "spectrum:progression/unlock_budding_onyx",
  "turnin": "spectrum:midgame/create_budding_onyx",
  "category": "spectrum:general_category",
  "extra_recipe_mappings": {
    "spectrum:small_onyx_bud": 0,
    "spectrum:medium_onyx_bud": 0,
    "spectrum:large_onyx_bud": 0,
    "spectrum:onyx_cluster": 0,
    "spectrum:onyx_block": 0,
    "spectrum:budding_onyx": 0,
    "spectrum:onyx_ore": 0,
    "spectrum:deepslate_onyx_ore": 0
  },
  "pages": [
    {
      "type": "patchouli:text",
      "title": "制作缟玛瑙母岩",
      "text": "缟玛瑙的制作步骤实在相当繁琐。合成还要看月相，你不得不用上$(l:magical_items/crescent_clock)月相时钟$(/l)。$(br)如果能有什么可再生的手段来获取缟玛瑙岂不是方便得多？$(br2)$(italic)奇怪的是，这道工序对其它种类的宝石晶似乎并不起效……"
    },
    {
      "type": "spectrum:spirit_instiller_crafting",
      "title": "灵魂灌注配方",
      "recipe": "spectrum:spirit_instiller/budding_onyx",
      "text": "虽然是一道昂贵的工序，但既然可再生了总是值得的。$(br)先提前合成好足量的$(l:general/midnight_aberration)午夜像差$(/l)吧，这些东西在你手上衰变得很快。"
    }
  ]
}