{
  "name": "融合圣坛",
  "icon": "spectrum:fusion_shrine_basalt",
  "sortnum": 10,
  "advancement": "spectrum:collect_all_basic_pigments_besides_brown",
  "turnin": "spectrum:build_fusion_shrine",
  "category": "spectrum:general_category",
  "extra_recipe_mappings": {
    "spectrum:fusion_shrine_basalt": 1,
    "spectrum:fusion_shrine_calcite": 0
  },
  "pages": [
    {
      "type": "patchouli:text",
      "text": "为了创造$(l:general/onyx_shards)黑色的宝石晶$()，你构思了一个祭坛结构。$(br2)直接右击圣坛或者把物品扔上去都可以将物品放置在圣坛之上。圣坛也可以一次性处理一组物品，这样一来，融合也会更为高效。"
    },
    {
      "type": "spectrum:pedestal_crafting",
      "title": "基座配方",
      "recipe": "spectrum:pedestal/tier2/fusion_shrine_basalt",
      "text": "方解石或玄武岩皆可。$(br)需要露天的基座结构。"
    },
    {
      "type": "patchouli:multiblock",
      "name": "圣坛基座结构",
      "multiblock_id": "spectrum:fusion_shrine_structure",
      "enable_visualize": true,
      "text": "你可以随意选取方解石、玄武岩与$(l:decoration/gemstone_storage_blocks)宝石晶$(/l)的搭配。"
    },
    {
      "type": "patchouli:text",
      "title": "方块列表",
      "text": "$(li)1个融合圣坛$(li)4个磨制宝石晶方块$(li)4个錾制磨制岩石方块$(li)8个磨制岩石柱$(li)12个磨制岩石台阶$(li)77个磨制岩石方块"
    },
    {
      "type": "patchouli:text",
      "title": "改变天气",
      "text": "你构思的圣坛结构可以结合$(c_cyan)物质$()、$(c_magenta)时间$()与$(c_yellow)能量$()并聚焦集中在圣坛上。$(br2)这种结合的能量强大到可以呼风唤雨。"
    },
    {
      "type": "spectrum:fusion_shrine_crafting",
      "title": "晴天",
      "recipe": "spectrum:fusion_shrine/weather/weather_clear",
      "text": "$(italic)太阳当空照$(br)花儿对我笑$(br)小鸟说，早早早$(br)你为什么背着炸药包"
    },
    {
      "type": "spectrum:fusion_shrine_crafting",
      "title": "雨天",
      "advancement": "spectrum:collect_mermaids_gem",
      "recipe": "spectrum:fusion_shrine/weather/weather_rain",
      "text": "$(italic)$(br)“你为什么带伞？”$(br)“等会要下雨。”$(br)“你的根据是什么？”$(br)“我确实有根锯，我那根锯子在家里。”"
    },
    {
      "type": "spectrum:fusion_shrine_crafting",
      "title": "雷暴",
      "advancement": "spectrum:midgame/collect_lightning_stone",
      "recipe": "spectrum:fusion_shrine/weather/weather_thunder",
      "text": "$(italic)为什么表演都不带雷神？$(br2)一眼托儿。"
    }
  ]
}
