{
  "name": "宝石晶粉末",
  "icon": "spectrum:amethyst_powder",
  "sortnum": 5,
  "advancement": "spectrum:place_pedestal",
  "category": "spectrum:general_category",
  "turnin": "spectrum:collect_gemstone_powder",
  "extra_recipe_mappings": {
    "spectrum:topaz_powder": 0,
    "spectrum:amethyst_powder": 0,
    "spectrum:citrine_powder": 0,
    "spectrum:onyx_powder": 0,
    "spectrum:moonstone_powder": 0
  },
  "pages": [
    {
      "type": "patchouli:text",
      "text": "你的七彩基座需要各色宝石晶粉末作为魔力源泉来驱动。$(br2)宝石晶粉末可以通过$(l:general/anvil_crushing)粉碎$()宝石晶的方式制得。"
    },
    {
      "type": "patchouli:text",
      "title": "颜色混合",
      "text": "新晋画师的第一课便是学会感知和调配颜色。$(br)然而，宝石晶粉末似乎不大好处理……简单的混合只能得到一坨五颜六色的混杂物，而不是纯净的颜色。$(br2)有什么好点子吗？"
    }
  ]
}
