{
  "name": "入门",
  "icon": "spectrum:pedestal_basic_amethyst",
  "category": "spectrum:general_category",
  "sortnum": 0,
  "pages": [
    {
      "type": "patchouli:image",
      "title": "欢迎来到光谱世界！",
      "images": [
        "spectrum:textures/gui/manual/spectrum.png"
      ],
      "border": true,
      "text": "《光谱世界》是一款完整的探索和魔法mod."
    },
    {
      "type": "patchouli:text",
      "text": "《光谱世界》的魔法理念源于减色混合系统(CMYK)。如果你熟悉水彩与颜料混合，你也应该相当熟悉减色混合系统。$(br2)《光谱世界》的宝石晶代表着三原色，并散布在世界各处的晶洞之中，由你探寻。其中，原版的紫水晶代表品红色。"
    },
    {
      "type": "patchouli:text",
      "title": "进度系统",
      "text": "随着你对《光谱世界》的探索越发深入，你所达成的进度越多，解锁的新事物也就越多。$(br)你原本熟知的世界会逐渐显露全新样貌，向你展现出前所未见的各色新事物——只对你展现。$(br2)最终，你要汇集你的所学所识，完成最后的目标：深入基岩下方。"
    },
    {
      "type": "patchouli:link",
      "text": "没有头绪吗？看看已解锁或未解锁的进度吧，它们会指引你前去探索。$(br2)$(br)《光谱世界》仍在开发中，若有意见或bug反馈，请加入我们的Discord频道或提交到我们的GitHub页面！$(br2)祝你玩得开心！        ——DaFuqs",
      "url": "https://discord.com/invite/EXU9XFXT8a",
      "link_text": "Spectrums Discord"
    }
  ]
}
