{
  "name": "完美的化合物？",
  "icon": "spectrum:midnight_aberration",
  "sortnum": 13,
  "advancement": "spectrum:midgame/collect_neolith",
  "category": "spectrum:general_category",
  "turnin": "spectrum:midgame/create_midnight_aberration",
  "extra_recipe_mappings": {
    "spectrum:midnight_aberration": 0
  },
  "pages": [
    {
      "type": "patchouli:text",
      "text": "你手头最新的研究成果令你不断寻求竭尽宝石晶之能量的绝妙方法。$(br2)对了！坚新石一定就是关键！如果你把所有不同的宝石晶和它结合在一起，就一定会创造出强大的，独属于你的大师级材料！"
    },
    {
      "type": "spectrum:fusion_shrine_crafting",
      "title": "融合配方",
      "recipe": "spectrum:fusion_shrine/midnight_aberration",
      "text": "这么多能量聚合在一起，一定能产生一个强大的能量源泉的！$(br2)需在天晴的白天时进行"
    },
    {
      "type": "patchouli:spotlight",
      "item": "spectrum:midnight_aberration",
      "advancement": "spectrum:midgame/create_midnight_aberration",
      "title": "午夜像差",
      "text": "$(italic)如此产物，仅余“亵渎”二字可言。$()$(br2)其松散的结构在你的手中仅仅须臾转瞬便垮塌破碎。真是彻头彻尾的失败。"
    },
    {
      "type": "patchouli:text",
      "advancement": "spectrum:midgame/create_midnight_aberration",
      "text": "释出这般混沌$(italic)绝非$()你的本意，哪怕产物本身确实强大。$(br)也正是这种强大的能量使得产物在你的手中顷刻间便无法自持四散瓦解。$(br2)与此同时，制作过程中出现了一种侵蚀性的黑色液体，你称其为$(l:magical_blocks/midnight_solution)午夜溶液$(/l)。"
    }
  ]
}
