{
  "name": "神秘的吊坠盒",
  "icon": "spectrum:mysterious_locket",
  "advancement": "spectrum:collect_mysterious_locket",
  "category": "spectrum:general_category",
  "secret": true,
  "sortnum": 20,
  "extra_recipe_mappings": {
    "spectrum:mysterious_locket": 0
  },
  "pages": [
    {
      "type": "patchouli:spotlight",
      "title": "神秘的吊坠盒",
      "item": "spectrum:mysterious_locket",
      "text": "紧闭的小吊坠盒。里面有一个奇怪的水晶装饰品，几乎像一把锁，柔和地发出淡淡的白色，这种光泽让人想起月亮。$(br)谁知道这曾经属于谁，又为何被遗忘。"
    },
    {
      "type": "patchouli:text",
      "text": "里面似乎有什么东西。它的背面也有一个雕刻，但如果它甚至类似于一种语言，那就是你从未见过的。$(br2)$(bold)想知道里面有什么吗？请继续关注下一次的MOD更新。(tm)"
    },
    {
      "type": "patchouli:text",
      "title": "一个挑战？",
      "advancement": "spectrum:lategame/learn_dreiton",
      "text": "如果你了解Dreiton的语言，你就很容易破译背面的铭文。$(br2)$(italic)别傻了Asteras--月亮不能发光，它只能反射太阳的光。"
    },
    {
      "type": "patchouli:image",
      "title": "吊坠盒里的内容",
      "advancement": "spectrum:open_mysterious_locket",
      "images": [
        "spectrum:textures/gui/guidebook/locket.png"
      ],
      "border": true,
      "text": ""
    },
    {
      "type": "patchouli:text",
      "advancement": "spectrum:open_mysterious_locket",
      "text": "小盒里还有一个小水晶，发出比它的锁更暗淡但更温暖的光芒。$(br)当你在$(l:dimension/dimension)渊深领域$(/l)的时候，它随着你的转动而轻轻地振动。"
    }
  ]
}