{
  "name": "制作缟玛瑙碎片",
  "icon": "spectrum:onyx_shard",
  "sortnum": 11,
  "advancement": "spectrum:collect_all_basic_pigments_besides_brown",
  "category": "spectrum:general_category",
  "turnin": "spectrum:create_onyx_shard",
  "extra_recipe_mappings": {
    "spectrum:onyx_shard": 0
  },
  "pages": [
    {
      "type": "patchouli:text",
      "text": "想要制作棕色颜料的话，你得先让橙色变暗。$(br)而你突然悟了一件事情：三种宝石晶不正是光谱的三原色吗！$(br)将这三者混合到一起之后，你获得了某种……近乎超脱凡世的黑色。"
    },
    {
      "type": "spectrum:fusion_shrine_crafting",
      "title": "融合配方",
      "recipe": "spectrum:fusion_shrine/onyx_shard",
      "text": "既然要在$(l:general/fusion_shrine)融合圣坛$()上制作“最黑的黑色”，那么宝石晶所受的光照必须纯谐而无纷扰。那么，新月的月光应该不错了！记得戴上时钟。"
    }
  ]
}
