{
  "name": "七彩基座",
  "icon": "spectrum:pedestal_basic_amethyst",
  "category": "spectrum:general_category",
  "sortnum": 2,
  "turnin": "spectrum:place_pedestal",
  "extra_recipe_mappings": {
    "spectrum:pedestal_basic_amethyst": 0,
    "spectrum:pedestal_basic_topaz": 0,
    "spectrum:pedestal_basic_citrine": 0
  },
  "pages": [
    {
      "type": "patchouli:crafting",
      "title": "七彩基座",
      "recipe": "spectrum:crafting_table/pedestal_basic_amethyst",
      "text": "$(bold)七彩基座$()是《光谱世界》中最主要的合成方式。$(br2)使用$(l:general/paintbrush)画笔$()或红石信号激活它即可开始配方的合成。$(br)其正上方必须是一格空气或容器。"
    },
    {
      "type": "patchouli:text",
      "text": "$(br)大部分配方需要$(l:general/gemstone_powder)宝石晶粉末$()。$(br2)但七彩基座也可以作为普通的合成台使用，来合成普通的合成台配方。$(br2)你可以使用$(l:magical_items/crafting_tablet)合成模板$()进行合成的自动化。"
    },
    {
      "type": "patchouli:text",
      "title": "种类",
      "text": "$(br)七彩基座的外观由你用于合成的宝石晶决定。$(br2)当然，功能还是一样的。"
    },
    {
      "type": "patchouli:crafting",
      "title": "合成配方",
      "recipe": "spectrum:crafting_table/pedestal_basic_topaz",
      "recipe2": "spectrum:crafting_table/pedestal_basic_citrine"
    }
  ]
}
