{
  "name": "七彩碎片",
  "advancement": "spectrum:lategame/spectrum_lategame",
  "sortnum": 16,
  "secret": true,
  "icon": "spectrum:spectral_shard",
  "category": "spectrum:general_category",
  "turnin": "spectrum:lategame/create_spectral_shard",
  "extra_recipe_mappings": {
    "spectrum:spectral_shard": 0,
    "spectrum:spectral_shard_block": 0,
    "spectrum:spectral_shard_storage_block": 0
  },
  "pages": [
    {
      "type": "patchouli:text",
      "title": "七彩碎片",
      "text": "未完成"
    },
    {
      "type": "spectrum:fusion_shrine_crafting",
      "title": "融合配方",
      "recipe": "spectrum:fusion_shrine/spectral_shard",
      "text": "未完成"
    },
    {
      "type": "spectrum:pedestal_crafting",
      "advancement": "spectrum:lategame/create_spectral_shard",
      "recipe": "spectrum:pedestal/tier1/compacting/spectral_shard_block",
      "text": "$(italic)喵$()"
    },
    {
      "type": "spectrum:pedestal_crafting",
      "advancement": "spectrum:lategame/create_spectral_shard",
      "recipe": "spectrum:pedestal/tier1/compacting/spectral_shard_storage_block",
      "text": "$(italic)下界合金信标那哪叫贵？$()"
    }
  ]
}
