{
  "category": "bewitchment:curses",
  "name": "Apathy",
  "icon": "minecraft:soul_lantern",
  "advancement": "bewitchment:hidden_unlocks/demon_heart",
  "pages": [
	{
	  "type": "text",
	  "text": "Apathy withers the soul, making it unable to attain $(l:bewitchment:introduction/altars)Magical Energy$(). Villagers and $(l:bewitchment:creatures/demon)Demons$() will reject trading, and animals will flee from the victim of this powerful $(l:bewitchment:curses/conducting_curses)Curse$()."
	},
	{
	  "type": "bewitchment:curse",
	  "recipe": "bewitchment:curses/apathy",
	  "text": "This is a $(l:bewitchment:curses/conducting_curses)Greater Curse$(); it is slightly harder to get rid of."
	}
  ]
}
