{
  "category": "bewitchment:poppets",
  "name": "Voodoo Protection",
  "icon": "bewitchment:voodoo_protection_poppet",
  "advancement": "bewitchment:hidden_unlocks/taglock",
  "pages": [
	{
	  "type": "text",
	  "text": "The Voodoo Protection Poppet is the response-counterpart to the $(l:bewitchment:poppets/voodoo)Voodoo Poppet$().$(br2)By redirecting malicious energy, anyone bound to it is completely immune to the effects of a $(l:bewitchment:poppets/voodoo)Voodoo Poppet$()."
	},
	{
	  "type": "crafting",
	  "recipe": "bewitchment:voodoo_protection_poppet"
	}
  ]
}
