{
	"ftbquests.task.questsadditions.break" : "破坏方块",
	"ftbquests.task.questsadditions.place" : "放置方块",
	"ftbquests.task.questsadditions.structure" : "创建结构",
	"ftbquests.task.questsadditions.structure.rightclick" : "点击生效",
	"ftbquests.task.questsadditions.use" : "使用方块",
	"ftbquests.task.questsadditions.killnbt" : "高级击杀实体",
	"ftbquests.task.questsadditions.time" : "计时器",
	"ftbquests.task.questsadditions.days" : "到达时间",
	"ftbquests.task.questsadditions.break.block" : "方块",
	"ftbquests.task.questsadditions.place.block" : "方块",
	"ftbquests.task.questsadditions.place.replace" : "替换",
	"ftbquests.task.questsadditions.place.replaced" : "被替换的方块",
	"ftbquests.task.questsadditions.structure.name" : "结构名称",
	"ftbquests.task.questsadditions.structure.hasCustomPicture" : "具有自定义图片",
	"ftbquests.task.questsadditions.structure.layer" : "Show By Layer",
	"ftbquests.task.questsadditions.structure.ignoreState" : "忽略方块状态",
	"ftbquests.task.questsadditions.use.block" : "方块",
	"ftbquests.task.questsadditions.use.isItemInteraction" : "项目交互",
	"ftbquests.task.questsadditions.use.isItemInteraction.tooltip" : "如果这是处理交互的项，则为True。否则为False。",
	"ftbquests.task.questsadditions.killnbt.entity" : "entity名称",
	"ftbquests.task.questsadditions.time.elapsedTime" : "等待时间",
	"ftbquests.task.questsadditions.time.elapsedTime.tooltip" : "以秒为单位",
	"ftbquests.task.questsadditions.time.gameTime" : "使用游戏时钟",
	"ftbquests.task.questsadditions.time.gameTime.tooltip" : "所用时间是使用：\nGame-内部游戏时钟计算的。\nSystem—计算机时间。\nAuto-如果在服务器上，则为游戏，否则为系统。",
	"ftbquests.task.questsadditions.days.days" : "到达时间",
	"ftbquests.task.questsadditions.interaction" : "实体交互",
	"ftbquests.task.questsadditions.playernbt" : "玩家 NBT",
	"ftbquests.task.questsadditions.playernbt.nbt" : "玩家 NBT",
	"ftbquests.questsadditions.timematch.game" : "游戏",
	"ftbquests.questsadditions.timematch.system" : "系统",
	"ftbquests.questsadditions.timematch.auto" : "Auto",
	"ftbquests.reward.questsadditions.repeat" : "[已弃用]重复奖励",
	"ftbquests.reward.questsadditions.repeat_random" : "[已弃用]随机重复奖励",
	"ftbquests.reward.questsadditions.repeat_choice" : "[已弃用]选择重复奖励",
	"ftbquests.task.time_remaining" : "剩余时间: %s",
	"questsadditions.task.killnbt.item.title": "杀死：%sx%s，同时保持%s",
	"questsadditions.task.break.title" : "打破: %sx %s",
	"questsadditions.task.break.item.title" : "打破: %sx %s 保持 %s",
	"questsadditions.task.place.title" : "放置: %sx %s",
	"questsadditions.task.place.replaced.title" : "放置: %sx %s 替换 %s",
	"questsadditions.task.structure.title" : "结构: %s",
	"questsadditions.task.use.title" : "使用: %sx %s",
	"questsadditions.task.use.item.title" : "使用: %sx %s 保持 %s",
	"questsadditions.task.interaction.title" : "与交互 %sx %s",
	"questsadditions.task.interaction.item.title" : "与交互 %sx %s 同时保持 %s",
	"questsadditions.task.days.title" : "到达时间 %s",
	"questsadditions.structure_task.show" : "单击以显示结构",
	"questsadditions.is_secret": "隐藏任务",
	"questsadditions.min_required_tasks": "最小所需任务",
	"questsadditions.min_required_tasks.tooltip": "如果您将此设置为大于0，则它将成为一个任务，只需要完成一定数量的任务即可完成",
	"questsadditions.incompatible_quests": "相斥的任务",
	"questsadditions.task.check_item" : "检查保留项目",
	"questsadditions.task.block_interaction_type" : "Type",
	"questsadditions.task.nbt" : "Entity NBT",
	"questsadditions.task.count" : "计数",
	"questsadditions.repeatable" : "可重复性",
	"block.questsadditions.lootcrate_block" : "战利品箱"
}