{
  "display": {
    "icon": {
      "item": "minecraft:bow",
      "nbt": "{CustomModelData:12001}"
    },
    "title": "圣物收藏家",
    "description": "获得全部三种古代弓！",
    "frame": "challenge",
    "show_toast": true,
    "announce_to_chat": true,
    "hidden": false
  },
  "parent": "dnl:story/structures/temple_of_tears/sisters_of_sorrow",
  "criteria": {
    "ancient bow red": {
      "trigger": "minecraft:inventory_changed",
      "conditions": {
        "items": [
          {
            "item": "minecraft:bow",
            "nbt": "{dnl.ancient_bow:1b,dnl.relic.red:1b}"
          }
        ]
      }
    },
    "ancient bow blue": {
      "trigger": "minecraft:inventory_changed",
      "conditions": {
        "items": [
          {
            "item": "minecraft:bow",
            "nbt": "{dnl.ancient_bow:1b,dnl.relic.blue:1b}"
          }
        ]
      }
    },
    "ancient bow yellow": {
      "trigger": "minecraft:inventory_changed",
      "conditions": {
        "items": [
          {
            "item": "minecraft:bow",
            "nbt": "{dnl.ancient_bow:1b,dnl.relic.yellow:1b}"
          }
        ]
      }
    }
  },
  "requirements": [
    [
      "ancient bow red"
    ],
    [
      "ancient bow blue"
    ],
    [
      "ancient bow yellow"
    ]
  ],
  "rewards": {
    "experience": 500
  }
}
