{
  "name": "颜色选取器",
  "advancement": "spectrum:progression/unlock_color_picker",
  "icon": "spectrum:color_picker",
  "category": "spectrum:magic_category",
  "pages": [
    {
      "type": "patchouli:text",
      "text": "将$(l:general/pigment)颜料$(/l)转化为墨水，用于驱动你的魔法物品。$(br)可以装入墨水容器，如$(l:magic/ink_flask)墨水瓶$()。"
    },
    {
      "type": "spectrum:pedestal_crafting",
      "title": "基座配方",
      "recipe": "spectrum:pedestal/tier2/color_picker",
      "text": ""
    }
  ]
}
