{
  "name": "水晶收集器",
  "advancement": "spectrum:progression/unlock_crystal_apothecary",
  "icon": "spectrum:crystal_apothecary",
  "category": "spectrum:magic_category",
  "extra_recipe_mappings": {
    "spectrum:crystal_apothecary": 0
  },
  "pages": [
    {
      "type": "patchouli:text",
      "text": "放在$(l:resources/geodes)晶洞$(/l)中即可自动采集生长成熟的宝石晶簇。$(br2)说回来，如果你远离其它的各种器械或者植物，它们似乎就像在时空中停止了一般不再正常运行了。但这个可以？奇怪。"
    },
    {
      "type": "spectrum:pedestal_crafting",
      "title": "基座配方",
      "recipe": "spectrum:pedestal/tier3/crystal_apothecary",
      "text": "虽然生产效率上是不如直接用镐子去挖掘的，但简单易用就是王道！"
    }
  ]
}
