{
  "name": "墨水井",
  "advancement": "spectrum:progression/unlock_inkwell",
  "secret": true,
  "icon": "spectrum:inkwell",
  "category": "spectrum:magic_category",
  "pages": [
    {
      "type": "patchouli:text",
      "text": "$(italic)在你记录这一点子的时候，你的双手控制不住地颤抖——这真是伟大的点子！$()$(br2)制作墨水的过程真的相当繁琐：收集$(l:general/shards)宝石晶碎片$(/l)啦，$(l:general/anvil_crushing)打碎$(/l)啦，$(l:general/colored_trees)种树$(/l)啦，收集$(l:general/pigment)颜料$(/l)啦，最后才能变成$(l:magic/color_picker)颜色选取器$(/l)中的墨水。$(br)$(italic)该着手化简工序了！"
    },
    {
      "type": "spectrum:pedestal_crafting",
      "title": "基座配方",
      "recipe": "spectrum:pedestal/tier3/inkwell",
      "text": "墨水井，只要放在$(l:magic/crystal_apothecary)水晶收集器$(/l)上，就可以把晶洞的能量直接转化为墨水，并可以在$(l:magic/ink_duct)墨水导管$(/l)中转运。"
    }
  ]
}
