{
  "name": "调色板",
  "advancement": "spectrum:progression/unlock_pigment_palette",
  "icon": "spectrum:pigment_palette",
  "category": "spectrum:magic_category",
  "extra_recipe_mappings": {
    "spectrum:pigment_palette": 0
  },
  "pages": [
    {
      "type": "patchouli:text",
      "text": "身上背着这么多墨水真的是沉重的负担一件。$(br2)是时候让调色板登场了！它存放的墨水可以驱动你的各色魔法装备。"
    },
    {
      "type": "spectrum:fusion_shrine_crafting",
      "title": "融合配方",
      "recipe": "spectrum:fusion_shrine/trinkets/pigment_palette",
      "text": "$(italic)搞颜色的大师，现在就是你了。"
    }
  ]
}