{
  "attributes": {
    "attack_range": 2.6,
    "pose": "bettercombat:pose_dual_handed_sword",
    "category": "giantsword",
    "attacks": [
      {
        "hitbox": "HORIZONTAL_PLANE",
        "damage_multiplier": 1.0,
        "angle": 120,
        "upswing": 0.5,
        "animation": "bettercombat:one_handed_slash_downcut_right",
        "swing_sound": {
          "id": "bettercombat:sword_slash"
        }
      },
      {
        "hitbox": "HORIZONTAL_PLANE",
        "conditions": [NOT_DUAL_WIELDING],
        "damage_multiplier": 1.0,
        "angle": 120,
        "upswing": 0.5,
        "animation": "bettercombat:one_handed_slash_downcut_left",
        "swing_sound": {
          "id": "bettercombat:sword_slash"
        }
      },
      {
        "hitbox": "VERTICAL_PLANE",
        "conditions": ["MAIN_HAND_ONLY","DUAL_WIELDING_SAME"],
        "damage_multiplier": 2.0,
        "angle": 180,
        "upswing": 0.5,
        "animation": "bettercombat:dual_handed_slam",
        "swing_sound": {
          "id": "bettercombat:sword_slash",
          "pitch": 0.5
        }
      },
      {
        "hitbox": "HORIZONTAL_PLANE",
        "conditions": ["OFF_HAND_ONLY","DUAL_WIELDING_SAME"],
        "damage_multiplier": 2.0,
        "angle": 360,
        "upswing": 0.5,
        "animation": "bettercombat:dual_handed_spin2",
        "swing_sound": {
          "id": "bettercombat:sword_slash",
          "pitch": 0.5
        }
      }
    ]
  }
}