{
    "display": {
        "icon": {
            "item": "minecraft:iron_ingot",
            "nbt": "{Enchantments:[{}],CustomModelData:16003}"
        },
        "title": "骑士之剑残片",
        "description": "通过炼金，或从战利品箱中获得一块骑士之剑残片",
        "frame": "task",
        "show_toast": true,
        "announce_to_chat": true,
        "hidden": false
    },
    "parent": "dnl:story/structures/plains_castle/loot_treasure_chest",
    "criteria": {
        "knightly_sword_fragment": {
            "trigger": "minecraft:inventory_changed",
            "conditions": {
                "items": [
                    {
                        "items": [
                            "minecraft:iron_ingot"
                        ],
                        "nbt": "{dnl.knightly_sword_fragment:1b}"
                    }
                ]
            }
        }
    },
    "requirements": [
        [
            "knightly_sword_fragment"
        ]
    ]
}