{
  "dnl.temple_of_tears.boss" : {
    "subtitle" : "music plays",
    "sounds" : [
      {
        "name" : "music/dnl/meirah",
        "volume" : 1,
        "pitch" : 1,
        "streaming" : true
      }
    ]
  },
  "dnl.temple_of_tears.ambient" : {
    "subtitle" : "music plays",
    "sounds" : [
      {
        "name" : "music/dnl/dungeon_ambient",
        "volume" : 1,
        "pitch" : 1,
        "streaming" : true
      }
    ]
  },
  "dnl.hivenest.bee_swarm" : {
    "subtitle" : "music plays",
    "sounds" : [
      {
        "name" : "music/dnl/bees",
        "volume" : 1,
        "pitch" : 1,
        "streaming" : true
      }
    ]
  },
  "dnl.unused.welcome_to_hell" : {
    "subtitle" : "music plays",
    "sounds" : [
      {
        "name" : "music/dnl/welcome_to_hell",
        "volume" : 1,
        "pitch" : 1,
        "streaming" : true
      }
    ]
  }
}
