{
    "__comment": "Made with TheDestruc7i0n's advancements generator: https://advancements.thedestruc7i0n.ca",
    "display": {
        "title": {
            "text": "Disable Nether Portals"
        },
        "description": {
            "text": "启用或禁用你的下界传送门！"
        },
        "icon": {
            "item": "minecraft:netherrack"
        },
        "frame": "task",
        "show_toast": false,
        "announce_to_chat": false,
        "hidden": false
    },
    "criteria": {
        "tick": {
            "trigger": "minecraft:tick"
        }
    },
    "rewards": {
        "function": "disablenether:load"
    },
    "parent": "iheartstriders:root"
}