{
    "__comment": "Made with TheDestruc7i0n's advancements generator: https://advancements.thedestruc7i0n.ca",
    "display": {
        "title": {
            "text": "iheartstriders Data Packs"
        },
        "description": {
            "text": "Thanks for using my data packs!"
        },
        "icon": {
            "item": "minecraft:player_head",
            "nbt": "{SkullOwner:mikeandpiggies}"
        },
        "frame": "challenge",
        "show_toast": false,
        "announce_to_chat": false,
        "hidden": false,
        "background": "minecraft:textures/gui/advancements/backgrounds/stone.png"
    },
    "criteria": {
        "iheart": {
            "trigger": "minecraft:tick"
        }
    }
}