{
  "name": "合金锻炉",
  "icon": "alloy_forgery:bricks_forge_controller",
  "flag": "mod:alloy_forgery",
  "category": "spectrum:mod_integration_category",
  "pages": [
    {
      "type": "patchouli:spotlight",
      "advancement": "spectrum:progression/unlock_lava_sponge",
      "item": "spectrum:wet_lava_sponge",
      "text": "一块湿 $(item)熔岩海绵$() 所含的热量足以为你的 $(thing)合金锻炉$() 提供相当长的燃烧时间。"
    },
    {
      "type": "patchouli:spotlight",
      "advancement": "spectrum:midgame/collect_scarlet",
      "item": "spectrum:scarlet_ore",
      "text": "使用高等级的 $(thing)合金锻炉$() 你可以从原矿中榨取更多的 $(l:resources/scarlet)绯红碎片$(/l)。"
    },
    {
      "type": "patchouli:spotlight",
      "item": "spectrum:paletur_ore",
      "advancement": "spectrum:lategame/collect_paletur",
      "text": "...当然，对 $(l:resources/paletur)苍绿矿石$(/l) 也是如此。"
    }
  ]
}