{
  "name": "粉笔",
  "icon": "chalk:chalk",
  "flag": "mod:chalk",
  "category": "spectrum:mod_integration_category",
  "pages": [
    {
      "type": "spectrum:pedestal_crafting",
      "required_advancement": "spectrum:collect_pigment",
      "title": "基座配方",
      "recipe": "spectrum:mod_integration/chalk/pedestal/orange_chalk",
      "text": "你以前用普通染料上色的小块粉笔总是不能持续很长时间。通过使用颜料， $(thing)粉笔$() 为你提供了一个源源不断的供应。"
    },
    {
      "type": "spectrum:pedestal_crafting",
      "required_advancement": "spectrum:collect_pigment",
      "title": "基座配方",
      "recipe": "spectrum:mod_integration/chalk/pedestal/pink_glow_chalk",
      "text": "当然，您也可以制作坚不可摧的 $(thing)荧光粉笔$()。"
    }
  ]
}