{
  "name": "炼金矩阵基础知识",
  "icon": "bloodmagic:arcaneashes",
  "category": "bloodmagic:alchemy_array/functional_array",
  "extra_recipe_mappings":[["bloodmagic:arcaneashes", 1]],
  "pages": [
    {
      "type": "text",
      "text": "$(item)奥术粉灰$()是创造炼金矩阵的关键物品。使用一些早期游戏的物品，你可以在$(l:bloodmagic:alchemy_table/alchemy_table)炼金术桌$()中制作出$(item)奥术粉灰$()。"
    },
	{
		"type": "crafting_alchemy_table",
		"heading": "奥术粉灰",
		"recipe": "bloodmagic:alchemytable/arcane_ash"
	},
    {
   	  "type": "text",
   	  "text": "想要创造出炼金矩阵，手持$(item)奥术粉灰$()，面对方块按下[$(k:use)]。这会扣除 1 点的$(item)奥术粉灰$()耐久——它的耐久统共 20 点——并绘制出一个$(thing)炼金矩阵$()。然而，炼金矩阵本身并无太大用处。$(bl2)当你手持物品右击$(thing)炼金矩阵$()时，矩阵会消耗你手中的一个$(item)物品$()，并将其放置到矩阵当中。被置入的物品决定了$(thing)炼金矩阵$()的效果。"
   	},
   	{
   	  "type": "image",
   	  "images": [
        "bloodmagic:images/entries/alchemy_array/simple_array.png",
        "bloodmagic:images/entries/alchemy_array/divination_array_1.png",
        "bloodmagic:images/entries/alchemy_array/divination_array_2.png"
   	  ],
   	  "title": "炼金矩阵",
   	  "border": true,
   	  "text": "$(thing)炼金矩阵$()不同的状态：未输入；仅有$(item)基底物$()；兼具$(item)基底物$()以及$(item)催化剂$()。"
   	},
   	{
   	  "type": "text",
   	  "text": "每种效果都要求矩阵中包含有两种物品：基底物和催化剂。在绘制了炼金矩阵之后，你第一个置入的物品便是基底物，第二个置入的便是催化剂。当你向其中置入物品后，若该物品有效，则炼金矩阵的外观会发生改变。一旦你再向其中加入催化剂，那么矩阵便会开始运作。$(br2)尽管目前只有寥寥几个仪式已经完善，但在模组完全完善后，你将可以进行众多的仪式，从简单的$(l:bloodmagic:alchemy_array/functional_arrays/crafting_array)合成矩阵$(/l)，到极为复杂的矩阵，甚至是传送矩阵，应有尽有。"
   	}
  ]
}