{
  "name": "运动矩阵",
  "icon": "minecraft:feather",
  "category": "bloodmagic:alchemy_array/functional_array",
  "pages": [
    {
      "type": "text",
      "text": "运动矩阵是一对矩阵，它们可以以特定的方向抛飞玩家、实体、物品等对象。其中的一种会将物品水平抛飞，另一种则是垂直抛飞。"
    },
    {
      "type": "2x_functional_array",
      "a.heading": "速度矩阵",
      "a.recipe": "bloodmagic:array/movement",
      "a.image": "movementarray.png",
      "b.heading": "上升矩阵",
      "b.recipe": "bloodmagic:array/updraft",
      "b.image": "updraftarray.png"
    }
  ]
}
