{
  "name": "尖刺矩阵",
  "icon": "minecraft:iron_ingot",
  "category": "bloodmagic:alchemy_array/functional_array",
  "pages": [
    {
      "type": "text",
      "text": "尖刺矩阵，结构简单，功能纯粹。当一个有生命的实体踩在上面时，会被矩阵攻击，并受到一颗心的伤害。这个矩阵会在搭建怪物陷阱的时候很有用，当然你也可以用来增强你基地的防御，给那些来犯的玩家扎个爽。"
    },
    {
      "type": "functional_array",
      "heading": "尖刺矩阵",
      "recipe": "bloodmagic:array/spike",
      "image": "spikearray.png"
    }
  ]
}
