{
  "name": "苋菜",
  "advancement": "spectrum:milestones/reveal_amaranth",
  "icon": "spectrum:amaranth_bushel",
  "category": "spectrum:resources_category",
  "extra_recipe_mappings": {
    "spectrum:amaranth_grains": 0,
    "spectrum:amaranth_bushel": 0,
    "spectrum:honey_pastry": 0,
    "spectrum:scone": 0,
    "spectrum:triple_meat_pot_pie": 0
  },
  "pages": [
    {
      "type": "patchouli:text",
      "title": "苋菜",
      "text": "虽然看起来已经被遗弃了相当长的一段时间，但这些种子看起来仍然非常有活力。你想知道它长大后会产生什么吗？"
    },
    {
      "type": "spectrum:anvil_crushing",
      "advancement": "spectrum:collect_amaranth_bushel",
      "recipe": "spectrum:anvil_crushing/amaranth_grains",
      "text": "你从未见过这样的东西。如此强烈的红色。如此富有表现力！$(br)这些苋菜可以被压碎以获得更多的谷物。$(br2)它们也可以被装饰性地种植在草地上或花盆里。"
    },
    {
      "type": "spectrum:pedestal_crafting",
      "advancement": "spectrum:collect_amaranth_bushel",
      "title": "蜂蜜糕饼",
      "recipe": "spectrum:pedestal/tier1/honey_pastry",
      "text": "苋菜的味道和它的外表一样但不同于小麦。在你的脑海中萌生了全新的想法，就像这里的这种美味。"
    },
    {
      "type": "spectrum:pedestal_crafting",
      "advancement": "spectrum:progression/collect_amaranth_bushel",
      "title": "司康饼",
      "recipe": "spectrum:pedestal/tier2/food/scone",
      "text": "小而精致的糕点，里面填满了奶油。$(br2)$(italic)非常适合配茶。"
    },
    {
      "type": "spectrum:pedestal_crafting",
      "advancement": "spectrum:progression/unlock_triple_meat_pot_pie",
      "title": "三层肉馅饼",
      "recipe": "spectrum:pedestal/tier2/food/triple_meat_pot_pie",
      "text": "这场盛宴保证能让你的肚子填饱好一阵子。$(br2)$(italic)充满了脂肪、肉、酒和满足感！"
    }
  ]
}