{
	"pages":[
		{
			"item":"spectrum:raw_azurite",
			"text":"外观与青金石神似的湛蓝矿石。其天然形态存在杂质，进行精炼之后方可使用。$(br2)这种矿石存在于地下深处，并且似乎能放大颜料的能量。",
			"type":"patchouli:spotlight",
			"title":"石青"
		},
		{
			"recipe":"spectrum:fusion_shrine/refined_azurite",
			"text":"石青精炼起来可不便宜。$(br)但精炼过后的石青锭可以用于更多配方。",
			"type":"spectrum:fusion_shrine_crafting",
			"title":"精炼石青"
		}
	],
	"advancement":"spectrum:midgame/collect_azurite",
	"extra_recipe_mappings":{
		"spectrum:refined_azurite":0,
		"spectrum:azurite_block":0,
		"spectrum:raw_azurite":0,
		"spectrum:azurite_ore":0,
		"spectrum:deepslate_azurite_ore":0
	},
	"name":"石青",
	"icon":"spectrum:azurite_ore",
	"category":"spectrum:resources_category"
}