{
  "name": "铋",
  "advancement": "spectrum:midgame/collect_bismuth",
  "secret": true,
  "icon": "spectrum:bismuth_flake",
  "category": "spectrum:resources_category",
  "extra_recipe_mappings": {
    "spectrum:bismuth_flake": 0,
    "spectrum:bismuth_block": 0,
    "spectrum:small_bismuth_bud": 0,
    "spectrum:large_bismuth_bud": 0,
    "spectrum:bismuth_cluster": 0,
    "spectrum:bismuth_crystal": 0
  },
  "pages": [
    {
      "type": "patchouli:text",
      "title": "铋",
      "text": "虹色的金属。$(br)你手头的晶片太小，用处不大，但这种金属似乎能靠吸收周围金属的能量，缓慢成长。"
    },
    {
      "type": "spectrum:crystallarieum_growing",
      "advancement": "spectrum:progression/unlock_crystallarieum",
      "title": "铋晶生长",
      "recipe": "spectrum:crystallarieum/bismuth",
      "text": "与其供给大量的金属方块，不如使用$(l:magical_blocks/crystallarieum)结晶室$()提供的更为可控，高效且细致的培养基来培养铋金属吧。"
    }
  ]
}
