{
  "name": "血兰花",
  "icon": "spectrum:blood_orchid_petal",
  "advancement": "spectrum:midgame/collect_blood_orchid_petal",
  "category": "spectrum:resources_category",
  "extra_recipe_mappings": {
    "spectrum:blood_orchid": 0,
    "spectrum:blood_orchid_petal": 0
  },
  "pages": [
    {
      "type": "patchouli:spotlight",
      "item": "spectrum:blood_orchid_petal",
      "title": "血兰花瓣",
      "text": "这些叶子似乎属于一种你不知道的花。它是否曾经在这里绽放，是否曾经由你之前的人种植？也许是来自你自己从未进入过的世界的纪念品？然而，它看起来就像5分钟前被摘下的。$(br)每当你触摸花瓣时，你都会有一种感觉：不安。"
    },
    {
      "type": "spectrum:spirit_instiller_crafting",
      "advancement": "spectrum:progression/unlock_blood_orchid",
      "title": "血兰花植物",
      "recipe": "spectrum:spirit_instiller/blood_orchid",
      "text": "$(l:magical_blocks/liquid_crystal#resonant_lily)共振百合$(/l)! 真的是一种难以捉摸的花--而且似乎与血兰花有关。虽然血兰花的能量很快就占据了上风。$(br)呼，最糟糕的事情是你最后得到了一株真正的植物，你可以摘取更多的花瓣。"
    }
  ]
}