{
	"name": "宝石晶洞",
	"advancement": "spectrum:spectrum",
	"icon": "minecraft:amethyst_cluster",
	"category": "spectrum:resources_category",
	"extra_recipe_mappings": {
	  "spectrum:topaz_ore": 0,
	  "spectrum:amethyst_ore": 0,
	  "spectrum:citrine_ore": 0,
	  "spectrum:moonstone_ore": 0,
	  "spectrum:deepslate_topaz_ore": 0,
	  "spectrum:deepslate_amethyst_ore": 0,
	  "spectrum:deepslate_citrine_ore": 0,
	  "spectrum:deepslate_moonstone_ore": 0,
	  "spectrum:small_topaz_bud": 0,
	  "spectrum:medium_topaz_bud": 0,
	  "spectrum:large_topaz_bud": 0,
	  "spectrum:topaz_cluster": 0,
	  "spectrum:topaz_block": 0,
	  "spectrum:budding_topaz": 0,
	  "minecraft:small_amethyst_bud": 0,
	  "minecraft:medium_amethyst_bud": 0,
	  "minecraft:large_amethyst_bud": 0,
	  "minecraft:amethyst_cluster": 0,
	  "minecraft:amethyst_block": 0,
	  "minecraft:budding_amethyst": 0,
	  "spectrum:small_citrine_bud": 0,
	  "spectrum:medium_citrine_bud": 0,
	  "spectrum:large_citrine_bud": 0,
	  "spectrum:citrine_cluster": 0,
	  "spectrum:citrine_block": 0,
	  "spectrum:budding_citrine": 0,
	  "spectrum:small_moonstone_bud": 0,
	  "spectrum:medium_moonstone_bud": 0,
	  "spectrum:large_moonstone_bud": 0,
	  "spectrum:moonstone_cluster": 0,
	  "spectrum:moonstone_block": 0,
	  "spectrum:budding_moonstone": 0
	},
	"pages": [
	  {
		"type": "patchouli:image",
		"title": "宝石晶洞",
		"images": [
		  "spectrum:textures/gui/manual/geode.png"
		],
		"border": true,
		"text": "魔法能量丰富而密集，凝聚成了实在的晶体，便形成了晶洞。"
	  },
	  {
		"type": "patchouli:text",
		"text": "$(br)采掘宝石晶簇即可获得宝石晶碎片，其中保留着原先蕴含的丰富的魔法能量。$(br)每一种宝石晶似乎各代表一种基本的魔法要素。$(br2)不同的地形高度下会形成不同的宝石晶，若要找齐，还是探索世界为妙。"
	  },
	  {
		"type": "patchouli:multiblock",
		"name": "晶洞图示",
		"enable_visualize": false,
		"multiblock": {
		  "pattern": [
			[
			  "                ",
			  "                ",
			  "O               ",
			  "            O   ",
			  "                ",
			  "       SS       ",
			  "   O  SSSS      ",
			  "       SS    O  ",
			  "                ",
			  "                ",
			  "                ",
			  "                ",
			  "                "
			],
			[
			  "   O            ",
			  "           O    ",
			  "                ",
			  "     SSSSSS     ",
			  "    SSSCCSSS    ",
			  "    SSCCCCSS    ",
			  "   SSCCCCCCSS   ",
			  "    SSCCCCSS    ",
			  "    SSSCCSSS    ",
			  "     SSSSSS     ",
			  "                ",
			  "          O     ",
			  "                "
			],
			[
			  "                ",
			  "                ",
			  "    SSSSSSS     ",
			  "   SSCCCCCSS    ",
			  "  SSCCAAACCS    ",
			  "  SCCAAAAACCS   ",
			  "  SCCAAAAACCS   ",
			  "  SSCCAAACCSS   ",
			  "   SSCCCCCSS    ",
			  "    SSSSSSS     ",
			  "                ",
			  "                ",
			  "                "
			],
			[
			  "                ",
			  "     SSSSSS     ",
			  "   SSCCCCCSS    ",
			  "  SSCCAAAACCS   ",
			  "  SCCAAAAAACSS  ",
			  " SCCAA   AACCS  ",
			  " SCCA     AACS  ",
			  " SCCAA    ACCS  ",
			  "  SCAA   AACCS  ",
			  "  SCC  AAACCS   ",
			  "   S    CCCSS   ",
			  "        SSS     ",
			  "                "
			],
			[
			  "       SSS      ",
			  "     SSCCCSS    ",
			  "   SSCCBACCCS   ",
			  "  SCCAAAAAACCS  ",
			  "  SCAA    AACSS ",
			  " SCAA      ACCS ",
			  " SCAA      ACCS ",
			  " SCAA      ACCS ",
			  " SCCA     AACSS ",
			  "  SC     BACCSS ",
			  "         ACCSS  ",
			  "         CCSS   ",
			  "          SS    "
			],
			[
			  "       SSSS     ",
			  "     SCCCCCSS   ",
			  "    SCCAABACSS  ",
			  "  SCCAB  AAACSS ",
			  " SCCAB     ACCS ",
			  " SCA       AACS ",
			  "SCA    0    ACSS",
			  "SCA        AACSS",
			  "SCA        AACS ",
			  "SCAA      AACCS ",
			  " S       AACCSS ",
			  " S        CCSS  ",
			  "          SS    "
			],
			[
			  "       SSSSS    ",
			  "     SCCCCCSS   ",
			  "   SSCAAAAACCS  ",
			  "   CCAA  AAACCS ",
			  "  SCA      AACS ",
			  " SCA        ACSS",
			  " SCA        ACCS",
			  " SCA        ACCS",
			  " SCA       AACSS",
			  "  S        BCSS ",
			  "          AACCS ",
			  "          CCSS  ",
			  "      O   SS    "
			],
			[
			  "       SSSS     ",
			  "     SSCCCCSS   ",
			  "    SCCAAACCCS  ",
			  "O  SCAAA AAACCS ",
			  "  SCAA     AACS ",
			  "  SBA       ACSS",
			  " SCA        ACCS",
			  " SCB        ACCS",
			  "  CA        ACSS",
			  "  S        ACCSS",
			  "          AACSS ",
			  "          CCSS  ",
			  "          SSS   "
			],
			[
			  "         S      ",
			  "      SSCCSSS   ",
			  "    SCCCACCCSS  ",
			  "   SCCAAAAAACSS ",
			  "   CCA     ACCS ",
			  "  SCB      AACSS",
			  "  SCA       ACSS",
			  "  SCB       ACSS",
			  "  SC       AACSS",
			  "  S       AACSS ",
			  "          ACCS  ",
			  "          CCSS  ",
			  "          SS    "
			],
			[
			  "                ",
			  "       SSSSS    ",
			  "     SCCCCCCS   ",
			  "    SCCABAACCS  ",
			  "   SCAAA ABACCS ",
			  "   SCA     AACS ",
			  "  SCAA     ABCS ",
			  "  SCAB     AACS ",
			  "  SCA      ACCS ",
			  "         AAACSS ",
			  "         ACCCS  ",
			  "         CCS    ",
			  "         SS     "
			],
			[
			  "                ",
			  "         S      ",
			  "      SSSCSSS   ",
			  "     SCCCCCCCS  ",
			  "    SCCAAAACCS  ",
			  "    CCBAAAAACSS ",
			  "   SCAA   AACSS ",
			  "   SCAAA  AACSS ",
			  "   SCCAAAAAACSS ",
			  "   S    ABACCS  ",
			  "         CCCS   ",
			  "         SSS    ",
			  "  O      S      "
			],
			[
			  "     O          ",
			  "                ",
			  "        SSS     ",
			  "      SSCCSSS   ",
			  "     SCCCCCCS   ",
			  "    SSCCAACCSS  ",
			  "    SCCAABCCSS  ",
			  "    SCCBAACCSS O",
			  "    SCCCACCCSS  ",
			  "   OS     CSS   ",
			  " O        SS    ",
			  "                ",
			  "                "
			],
			[
			  "                ",
			  "                ",
			  "    O           ",
			  "        SS      ",
			  "       SSSSS    ",
			  "      SSCCSSS   ",
			  "     SSCCCCSS   ",
			  "     SSCCCCSS   ",
			  "     SSSCCSS    ",
			  "     SSSSSSS  O ",
			  "        SS      ",
			  "                ",
			  "                "
			],
			[
			  "                ",
			  "                ",
			  "                ",
			  "                ",
			  "  O             ",
			  "         S      ",
			  "        SSS     ",
			  "        SS      ",
			  "        S   O   ",
			  "                ",
			  "                ",
			  "                ",
			  "                "
			]
		  ],
		  "mapping": {
			"S": "minecraft:smooth_basalt",
			"C": "minecraft:calcite",
			"A": "minecraft:amethyst_block",
			"B": "minecraft:budding_amethyst",
			"W": "minecraft:small_amethyst_bud",
			"X": "minecraft:medium_amethyst_bud",
			"Y": "minecraft:large_amethyst_bud",
			"Z": "minecraft:amethyst_cluster",
			"O": "spectrum:amethyst_ore"
		  },
		  "symmetrical": false
		},
		"text": "珍贵的宝石晶由一层层的玄武岩和方解石保护着。"
	  },
	  {
		"type": "patchouli:spotlight",
		"advancement": "spectrum:spectrum",
		"title": "宝石晶矿",
		"item": "spectrum:amethyst_ore",
		"text": "现在的你开始注意起了周围的景观，很快便发现原来不少岩石之中就镶嵌着宝石晶。$(br)如果发现了这种矿石，四周肯定会有晶洞！$(br2)虽然没有晶簇那么可再生，但矿石可以产出很多宝石晶碎片，尤其是在时运附魔加持的情况下。"
	  },
	  {
		"type": "patchouli:spotlight",
		"advancement": "spectrum:hidden/collect_shards/collect_topaz_shard",
		"title": "托帕石晶洞",
		"item": "spectrum:topaz_block",
		"text": "托帕石晶洞比其它晶洞要庞大许多，不愧是代表着“物质”的晶石。但为此，托帕石晶洞只能在山崖与丘陵等高地才能找到。"
	  },
	  {
		"type": "patchouli:spotlight",
		"advancement": "spectrum:hidden/collect_shards/collect_amethyst_shard",
		"title": "紫水晶晶洞",
		"item": "minecraft:amethyst_block",
		"text": "紫水晶作为“时间”的代表，晶洞深居地底，与世隔绝，在时间的长流之中栖息。$(br)安然而威严。"
	  },
	  {
		"type": "patchouli:spotlight",
		"advancement": "spectrum:hidden/collect_shards/collect_citrine_shard",
		"title": "黄水晶晶洞",
		"item": "spectrum:citrine_block",
		"text": "黄水晶晶洞存在于世界的中部，甚至可能暴露在地表。这些晶洞虽小，却蕴含着巨大的能量，以至于经常出现裂缝。"
	  },
	  {
		"type": "patchouli:spotlight",
		"advancement": "spectrum:midgame/collect_moonstone_shard",
		"title": "月长石晶洞",
		"item": "spectrum:moonstone_block",
		"text": "在$(l:dimension/dimension)渊深领域$()之中，你发现了月长石的晶洞！$(br)你总是怀疑有一种前所未见的宝石晶存在，而这晶洞就是证明。这份绚烂夺目、璀璨的真白，只在最深最黑的深渊中绽放。"
	  }
	]
  }
  