{
  "name": "水晶块/粉末",
  "advancement": "spectrum:hidden/collect_any_crystallized_block",
  "icon": "spectrum:liquid_crystal_bucket",
  "category": "spectrum:resources_category",
  "extra_recipe_mappings": {
    "spectrum:blazing_crystal": 0,
    "spectrum:fiery_powder": 0,
    "spectrum:frostbite_crystal": 0,
    "spectrum:blizzard_powder": 0
  },
  "pages": [
    {
      "type": "patchouli:spotlight",
      "advancement": "spectrum:hidden/collect_blazing_crystal",
      "item": "spectrum:blazing_crystal",
      "text": "让一整桶的液态水晶吸收熔岩的巨大热量，结果就是这样。$(br)几乎感觉像一个岩浆块，尽管比它热得多。"
    },
    {
      "type": "spectrum:anvil_crushing",
      "advancement": "spectrum:hidden/collect_blazing_crystal",
      "recipe": "spectrum:anvil_crushing/fiery_powder_from_blazing_crystal",
      "text": "用铁砧粉碎 $(thing)炽热水晶$() 会产生这种灼热的粉末，拿着它的手几乎会被烧着。粉碎 $(thing)岩浆块$() 似乎也可以，尽管产量少得多。"
    },
    {
      "type": "patchouli:spotlight",
      "advancement": "spectrum:hidden/collect_frostbite_crystal",
      "item": "spectrum:frostbite_crystal",
      "text": "当水试图流向液态水晶时，流体变成了固体。$(br)因为即使是轻轻的触摸也足以让你冷得发抖，所以你称它为 霜冻水晶"
    },
    {
      "type": "spectrum:anvil_crushing",
      "advancement": "spectrum:hidden/collect_frostbite_crystal",
      "recipe": "spectrum:anvil_crushing/blizzard_powder_from_frostbite_crystal",
      "text": "用铁砧粉碎 $(thing)霜冻水晶$() 可以得到这种冰冷的粉末，光是拿着它就几乎让你的手冻僵。碾碎 $(thing)冰$() 似乎也可以，尽管产量少得多。"
    }
  ]
}
