{
	"pages":[
		{
			"item":"spectrum:mermaids_brush",
			"text":"$(italic)这种不起眼的植物生长在海洋最深处，永远不受人类影响。$(br)它们长出一朵花，慢慢地长成花丝状的种子。$()$(br2)美人鱼草可以用剪刀收割。",
			"type":"patchouli:spotlight"
		},
		{
			"item":"spectrum:mermaids_gem",
			"text":"完全长大后，这些中空的种子会漂浮到海面上，被柔软的波浪带走。$(br2)显然，美人鱼宝石与水有着紧密的联系。",
			"type":"patchouli:spotlight"
		}
	],
	"advancement":"spectrum:collect_mermaids_gem",
	"extra_recipe_mappings":{
		"spectrum:mermaids_gem":0,
		"spectrum:mermaids_brush":0
	},
	"name":"美人鱼宝石",
	"icon":"spectrum:mermaids_gem",
	"category":"spectrum:resources_category"
}