{
	"pages":[
		{
			"item":"spectrum:paletur_fragments",
			"text":"浅蓝色是这种矿石的标志。它只在最后的小簇中发现。$(br)与末端本身一样，这种材料的奇特特性不容忽视。",
			"type":"patchouli:spotlight",
			"title":"苍绿碎片"
		},
		{
			"advancement":"spectrum:hidden/collect_paletur_gem",
			"recipe":"spectrum:pedestal/tier4/paletur_gem",
			"text":"很少有人能雕刻出完整的石头。它可以用于碎片太小的配方中。不过只要努力，你就可以把它们合并在一起。",
			"type":"spectrum:pedestal_crafting",
			"title":"苍绿宝石"
		},
		{
			"item":"spectrum:paletur_fragment_block",
			"advancement":"spectrum:lategame/carry_too_many_low_gravity_blocks",
			"text":"根据您之前使用苍绿碎片的经验，您已经可以猜到，将这个方块放置在开阔的天空中不是一个好主意。$(br2)这个方块上的箭头会提醒你——你未来的自己会感谢你。",
			"type":"patchouli:spotlight",
			"title":"苍绿悬浮方块"
		},
		{
			"advancement":"spectrum:lategame/carry_too_many_low_gravity_blocks",
			"recipe":"spectrum:pedestal/tier1/compacting/paletur_fragment_block",
			"text":"$(italic)~飞的高高的~",
			"type":"spectrum:pedestal_crafting",
			"title":"基座配方"
		}
	],
	"advancement":"spectrum:lategame/collect_paletur",
	"extra_recipe_mappings":{
		"spectrum:paletur_ore":0,
		"spectrum:paletur_gem":0,
		"spectrum:paletur_fragments":0,
		"spectrum:paletur_fragment_block":0
	},
	"name":"苍绿碎片",
	"icon":"spectrum:paletur_fragments",
	"category":"spectrum:resources_category"
}