{
  "name": "原生资源",
  "advancement": "spectrum:lategame/collect_pure_resource",
  "secret": true,
  "icon": "spectrum:pure_iron",
  "category": "spectrum:resources_category",
  "extra_recipe_mappings": {
    "spectrum:pure_coal": 0,
    "spectrum:pure_iron": 0,
    "spectrum:pure_gold": 0,
    "spectrum:pure_diamond": 0,
    "spectrum:pure_emerald": 0,
    "spectrum:pure_redstone": 0,
    "spectrum:pure_lapis": 0,
    "spectrum:pure_copper": 0,
    "spectrum:pure_quartz": 0,
    "spectrum:pure_netherite": 0,
    "spectrum:pure_glowstone": 0,
    "spectrum:pure_prismarine": 0,

    "spectrum:pure_certus_quartz": 0,
    "spectrum:pure_fluix": 0,
    "spectrum:pure_globette": 0,
    "spectrum:pure_globette_nether": 0,
    "spectrum:pure_globette_end": 0,

    "spectrum:pure_coal_block": 0,
    "spectrum:pure_iron_block": 0,
    "spectrum:pure_gold_block": 0,
    "spectrum:pure_diamond_block": 0,
    "spectrum:pure_emerald_block": 0,
    "spectrum:pure_redstone_block": 0,
    "spectrum:pure_lapis_block": 0,
    "spectrum:pure_copper_block": 0,
    "spectrum:pure_quartz_block": 0,
    "spectrum:pure_netherite_block": 0,
    "spectrum:pure_glowstone_block": 0,
    "spectrum:pure_prismarine_block": 0,

    "spectrum:pure_certus_quartz_block": 0,
    "spectrum:pure_fluix_block": 0,
    "spectrum:pure_globette_block": 0,
    "spectrum:pure_globette_nether_block": 0,
    "spectrum:pure_globette_end_block": 0
  },
  "pages": [
    {
      "type": "patchouli:text",
      "text": "在 $(l:magical_blocks/crystallarieum)结晶室$(/l) 中生长的材料与普通的 $(thing)粗矿$() 相比产生了这种更纯净的晶体变体。$(br)仔细观察它们看起来被一种无形的光泽包围，轻轻地保护它们免受外力的侵害。 似乎也是保护 $(thing)原生铜$() 免受氧化的原因。"
    },
    {
      "type": "patchouli:blasting",
      "title": "熔炼",
      "recipe": "spectrum:blasting/pure_resources/pure_iron",
      "recipe2": "spectrum:blasting/pure_resources/pure_gold",
      "text": "讽刺的是，你发现这些资源似乎能够承受普通 $(thing)熔炉$()的热量。但你至少能够在 $(thing)高炉$()中熔炼它们。"
    },
    {
      "type": "spectrum:cinderhearth_smelting",
      "advancement": "spectrum:progression/unlock_cinderhearth",
      "title": "炼化炉",
      "recipe": "spectrum:cinderhearth/pure_resources/pure_iron",
      "recipe2": "spectrum:cinderhearth/pure_resources/pure_gold",
      "text": "然而，在 $(l:magical_blocks/cinderhearth)炼化炉$() 中熔炉原生矿，可以得到双倍的产出。"
    },
    {
      "type": "patchouli:crafting",
      "title": "压缩",
      "recipe": "spectrum:crafting_table/storage_blocks/pure_quartz_storage_block",
      "recipe2": "spectrum:crafting_table/storage_blocks/pure_quartz_from_quartz_storage_block"
    }
  ]
}