{
	"pages":[
		{
			"border":true,
			"images":[
				"spectrum:textures/gui/manual/quitoxic_reed.png"
			],
			"text":"只生长在沼泽中，似乎吞食粘土作为一种营养物质。",
			"type":"patchouli:image",
			"title":"奇毒苇"
		},
		{
			"item":"spectrum:quitoxic_powder",
			"text":"用铁砧压碎这种长相怪异的植物的茎，可以提取出一种紫色的闪光粉末。$(br)当你用手指摩擦时，气味和浓度都很不寻常……$(br2)$(italic)等等，手指是什么？",
			"type":"patchouli:spotlight"
		}
	],
	"advancement":"spectrum:collect_quitoxic_reeds",
	"extra_recipe_mappings":{
		"spectrum:quitoxic_reeds":0,
		"spectrum:quitoxic_powder":0
	},
	"name":"奇毒苇",
	"icon":"spectrum:quitoxic_reeds",
	"category":"spectrum:resources_category"
}