{
	"pages":[
		{
			"text":"$(italic)那些讨厌的末影人！$(br2)他们总是在晚上出现，从你眼皮底下偷走方块。你有一种感觉，一个月后这里的整个地区只会是一个火山口景观。$()",
			"type":"patchouli:text"
		},
		{
			"item":"spectrum:ender_treasure",
			"text":"末影人来到这个世界是为了放置这些方块。但这是什么？他们$(italic)为什么$()把它留在这里？$(br2)现在你手里拿着一个…… 他们无处不在！你怎么没早点注意到？无论如何，你肯定可以利用这些有趣的材料。",
			"type":"patchouli:spotlight",
			"title":"共鸣的末影"
		}
	],
	"advancement":"spectrum:milestones/reveal_ender_treasure",
	"extra_recipe_mappings":{
		"spectrum:ender_treasure":0
	},
	"name":"共鸣的末影",
	"icon":"minecraft:ender_pearl",
	"category":"spectrum:resources_category"
}