{
	"pages":[
		{
			"item":"spectrum:scarlet_fragments",
			"text":"这种非常重的矿石散布在下界深处。$(br)一次携带大量的矿石回家可能不是什么好主意。",
			"type":"patchouli:spotlight",
			"title":"绯红碎片"
		},
		{
			"advancement":"spectrum:hidden/collect_scarlet_gem",
			"recipe":"spectrum:pedestal/tier3/scarlet_gem",
			"text":"很少有人能雕刻出完整的石头。它可以用于碎片太小的配方中。不过只要努力，你就可以把它们合并在一起。",
			"type":"spectrum:pedestal_crafting",
			"title":"绯红宝石"
		},
		{
			"item":"spectrum:scarlet_fragment_block",
			"advancement":"spectrum:midgame/carry_too_many_heavy_gravity_blocks",
			"text":"正如你可能已经注意到的那样，绯红碎片是一种非常重的材料。也很难塑造。即使是下界的炽热也不会伤害材料。$(br2)然而，通过你的$(l:general/pedestal)基座$()塑造它应该不是一个问题。",
			"type":"patchouli:spotlight",
			"title":"绯红悬浮方块"
		},
		{
			"advancement":"spectrum:midgame/carry_too_many_heavy_gravity_blocks",
			"recipe":"spectrum:pedestal/tier1/compacting/scarlet_fragment_block",
			"text":"$(italic)重金属",
			"type":"spectrum:pedestal_crafting",
			"title":"基座配方"
		}
	],
	"advancement":"spectrum:midgame/collect_scarlet",
	"extra_recipe_mappings":{
		"spectrum:scarlet_fragment_block":0,
		"spectrum:scarlet_gem":0,
		"spectrum:scarlet_ore":0,
		"spectrum:scarlet_fragments":0
	},
	"name":"绯红矿石",
	"icon":"spectrum:scarlet_fragments",
	"category":"spectrum:resources_category"
}