{
	"name": "凝望星空",
	"advancement": "spectrum:milestones/unlock_shooting_stars",
	"icon": "minecraft:spyglass",
	"category": "spectrum:resources_category",
	"extra_recipe_mappings": {
	  "spectrum:shooting_star": 0,
	  "spectrum:stardust": 0,
	  "spectrum:shooting_star_glistering": 0,
	  "spectrum:shooting_star_fiery": 0,
	  "spectrum:shooting_star_colorful": 0,
	  "spectrum:shooting_star_pristine": 0,
	  "spectrum:shooting_star_gemstone": 0
	},
	"pages": [
	  {
		"type": "patchouli:image",
		"title": "向星星许愿",
		"images": [
		  "spectrum:textures/gui/manual/stargazing.png"
		],
		"border": true,
		"text": "$(italic)宁静的夜色邀请你躺在草地上看星星。"
	  },
	  {
		"type": "patchouli:spotlight",
		"advancement": "spectrum:collect_shooting_star",
		"title": "流星",
		"item": "spectrum:shooting_star_glistering",
		"text": "这些小流星是由一种你至今不知道的材料制成的。$(br2)你能从天空中抓到一颗吗？$(br2)$(italic)提示：使用望远镜或夜视仪时，流星更容易发现。$()"
	  },
	  {
		"type": "patchouli:spotlight",
		"advancement": "spectrum:collect_shooting_star",
		"title": "流星碎片",
		"item": "spectrum:shooting_star",
		"text": "流星产生了珍贵的资源，包括这个稀有的流星碎片、星尘和一大堆其他的稀有材料。$(br2)通过蹲下捡起流星并通过铁砧将其 $(l:general/anvil_crushing)粉碎$(/l) 将产生双倍的流星碎片，尽管以其他材料为代价。"
	  },
	  {
		"type": "patchouli:spotlight",
		"advancement": "spectrum:collect_shooting_star",
		"title": "星尘",
		"item": "spectrum:stardust",
		"text": "一种来历不明的粉末，被赋予了星星的灵魂。$(br)它具有腼腆而潜在的力量。"
	  },
	  {
		"type": "spectrum:fusion_shrine_crafting",
		"advancement": "spectrum:collect_all_shooting_star_variants",
		"title": "硬化的流星",
		"recipe": "spectrum:fusion_shrine/shooting_star_hardening",
		"text": "现在您已经收集了所有流星变体，终于到了放松的时候了！ 用钻石硬化后，流星在被击中时不再破碎。$(br2)$(italic)想和朋友一起参加星球锦标赛吗？"
	  }
	]
  }
  