{
  "category": "bewitchment:rituals",
  "name": "Binding",
  "icon": "minecraft:lead",
  "advancement": "bewitchment:hidden_unlocks/demon_heart",
  "pages": [
	{
	  "type": "text",
	  "text": "The $(l:bewitchment:rituals/rituals)Ritual$() of Binding uses greater demonic power to cross the soul of the caster and an animal they hold dear, making it a familiar. The animal the $(l:bewitchment:rituals/rituals)Ritual$() is applied to is defined via $(l:bewitchment:tools/taglock)Taglock$().$(br2)Do note that not everything can be bound as a familiar; possible familiars are usually mentioned in this book."
	},
	{
	  "type": "bewitchment:ritual",
	  "recipe": "bewitchment:rituals/binding",
	  "text": "Binding a familiar is a greater step and comes with several benefits depending on the animal chosen.$(br2)Entries for all possible familiars in this book have been expanded."
	},
	{
	  "type": "text",
	  "text": "Familiars are far tougher than the average animal, but you should try to keep them safe anyways.$(br2)Familiars can be noticed from the slight magic particles emitting from them."
	},
	{
	  "type": "bewitchment:ritual",
	  "recipe": "bewitchment:rituals/severing",
	  "text": "A $(l:bewitchment:rituals/rituals)Ritual$() of Severing can be cast, should you wish to part ways with your familiar."
	}
  ]
}
