{
  "category": "bewitchment:rituals",
  "name": "Imbue",
  "icon": "minecraft:enchanted_book",
  "advancement": "bewitchment:hidden_unlocks/chalk",
  "pages": [
	{
	  "type": "text",
	  "text": "An extremely powerful $(l:bewitchment:rituals/rituals)Ritual$(); by calling on the deeper, obscure forces of water, it is able to apply powerful enchantments onto items.$(br2)The items to be enchanted must be thrown into the circle $(o)after$() it has been started.$(br2)Each enchanted item will require five experience levels."
	},
	{
	  "type": "bewitchment:ritual",
	  "recipe": "bewitchment:rituals/imbue"
	}
  ]
}
