{
  "name": "促速符文",
  "icon": "bloodmagic:accelerationrune",
  "category": "bloodmagic:altar/blood_rune",
  "pages": [
    {
      "type": "text",
      "text": "$(item)促速符文$()可以提升某些操作的速率。正常情况下，$(l:bloodmagic:altar/blood_rune/charging_rune)充能符文$(/l)与$(l:bloodmagic:altar/blood_rune/dislocation_rune)转位符文$(/l)的操作为每 20 tick 进行一次，每个促速符文可以移除 1 tick 的间隔时间，最小值为每个 tick 执行一次操作。 "
    },
    {
      "type": "crafting",
      "recipe": "bloodmagic:blood_rune_acceleration"
    }
  ]
}