{
  "name": "超容符文",
  "icon": "bloodmagic:bettercapacityrune",
  "category": "bloodmagic:altar/blood_rune",
  "pages": [
    {
      "type": "text",
      "text": "$(item)超容符文$()可以提升$(l:bloodmagic:altar/blood_altar)血之祭坛$(/l)的容量，增加量为每个符文叠乘 7.5%。超容符文的增加效果会应用于$(l:bloodmagic:altar/blood_rune/capacity_rune)增容符文$()$(o)之后$()。"
    },
    {
      "type": "crafting",
      "title": "超容符文",
      "recipe": "bloodmagic:blood_rune_aug_capacity"
    }
  ]
}