{
  "name": "充能符文",
  "icon": "bloodmagic:chargingrune",
  "category": "bloodmagic:altar/blood_rune",
  "pages": [
    {
      "type": "text",
      "text": "$(item)充能符文$()是一种独特的升级。当$(l:bloodmagic:altar/blood_altar)血之祭坛$()并未工作且没有容纳$(l:bloodmagic:altar/soul_network)血之宝珠$()的情况下，它会从祭坛中吸取 $(blood)LP$()，将 $(blood)LP$() 缓存在祭坛外部。当有物品放入祭坛后，它会立刻消耗存储在它之中的 $(blood)LP$() 充能，供以物品合成。比率为 1:1。"
    },
    {
      "type": "text",
      "text": "血之祭坛每在游戏中过 20 tick 就会进行一次充能，每个$(l:bloodmagic:altar/blood_rune/acceleration_rune)促速符文$(/l)可以减掉 1 tick。$(br2)血之祭坛在每充能刻进行的充能速率为：[$(blood)10 LP$() x $(l:bloodmagic:altar/blood_rune/charging_rune)充能符文$()数量 x (1 + $(l:bloodmagic:altar/blood_rune/speed_rune)加速符文$()/10)] $(br2)血之祭坛的最大充能量为每个$(item)充能符文$()提供$(blood)1000 LP$()，然后总数再乘以[(主血之祭坛流体槽容量)/20000]，前提是这个值大于 1。"
    },
    {
      "type": "crafting",
      "recipe": "bloodmagic:blood_rune_charging"
    }
  ]
}
