{
    "display": {
        "title": {
            "text": "迷失之语",
            "color": "aqua"
        },
        "description": {
            "text": "寻找废弃的寺庙"
        },
        "icon": {
            "item": "minecraft:cracked_stone_bricks"
        },
        "frame": "task",
        "show_toast": true,
        "announce_to_chat": false,
        "hidden": false
    },
    "criteria": {
        "location0": {
            "trigger": "minecraft:location",
            "conditions": {
                "feature": "dungeons_arise:abandoned_temple"
            }
        }
    },
    "requirements": [
        [
            "location0"
        ]
    ],
    "parent": "dungeons_arise:wda_root"
}