{
    "display": {
        "title": {
            "text": "下巴",
            "color": "dark_aqua"
        },
        "description": {
            "text": "寻找台风"
        },
        "icon": {
            "item": "minecraft:fire_coral"
        },
        "frame": "task",
        "show_toast": true,
        "announce_to_chat": true,
        "hidden": false
    },
    "criteria": {
        "location0": {
            "trigger": "minecraft:location",
            "conditions": {
                "feature": "dungeons_arise:typhon"
            }
        }
    },
    "requirements": [
        [
            "location0"
        ]
    ],
    "parent": "dungeons_arise:find_ceryneian_hind"
}