{
    "display": {
        "title": {
            "text": "我们一起上升",
            "color": "dark_blue"
        },
        "description": {
            "text": "寻找蘑菇矿"
        },
        "icon": {
            "item": "minecraft:iron_pickaxe"
        },
        "frame": "task",
        "show_toast": true,
        "announce_to_chat": false,
        "hidden": false
    },
    "criteria": {
        "location0": {
            "trigger": "minecraft:location",
            "conditions": {
                "feature": "dungeons_arise:mushroom_mines"
            }
        }
    },
    "requirements": [
        [
            "location0"
        ]
    ],
    "parent": "dungeons_arise:find_giant_mushroom"
}