{
    "display": {
        "title": {
            "text": "灯塔",
            "color": "yellow"
        },
        "description": {
            "text": "抵达灯塔"
        },
        "icon": {
            "item": "minecraft:redstone_lamp"
        },
        "frame": "task",
        "show_toast": true,
        "announce_to_chat": true,
        "hidden": false
    },
    "criteria": {
        "location0": {
            "trigger": "minecraft:location",
            "conditions": {
                "feature": "dungeons_arise:lighthouse"
            }
        }
    },
    "requirements": [
        [
            "location0"
        ]
    ],
    "parent": "dungeons_arise:wda_root"
}