{
  "display": {
    "icon": {
      "item": "minecraft:rose_bush",
      "color": "dark_aqua"
    },
    "title": "枪和玫瑰",
    "description": "参观索恩伯恩塔",
    "frame": "task",
    "show_toast": true,
    "announce_to_chat": true,
    "hidden": false
  },
  "criteria": {
    "location0": {
      "trigger": "minecraft:location",
      "conditions": {
        "feature": "dungeons_arise:thornborn_towers"
      }
    }
  },
  "requirements": [
    [
      "location0"
    ]
  ],
  "parent": "dungeons_arise:find_small_prairie_house"
}
