{
    "display": {
        "title": {
            "text": "拉斯维加斯发生了什么...",
            "color": "red"
        },
        "description": {
            "text": "找到强盗塔"
        },
        "icon": {
            "item": "minecraft:lantern"
        },
        "frame": "task",
        "show_toast": true,
        "announce_to_chat": true,
        "hidden": false
    },
    "criteria": {
        "location0": {
            "trigger": "minecraft:location",
            "conditions": {
                "feature": "dungeons_arise:bandit_towers"
            }
        }
    },
    "requirements": [
        [
            "location0"
        ]
    ],
    "parent": "dungeons_arise:find_bandit_village"
}