{
    "display": {
        "title": {
            "text": "三只小鸟",
            "color": "gold"
        },
        "description": {
            "text": "寻找鸟舍"
        },
        "icon": {
            "item": "minecraft:phantom_membrane"
        },
        "frame": "task",
        "show_toast": true,
        "announce_to_chat": true,
        "hidden": false
    },
    "criteria": {
        "location0": {
            "trigger": "minecraft:location",
            "conditions": {
                "feature": "dungeons_arise:aviary"
            }
        }
    },
    "requirements": [
        [
            "location0"
        ]
    ],
    "parent": "dungeons_arise:find_heavenly_challenger"
}