{
    "display": {
        "title": {
            "text": "谁杀了这个东西？",
            "color": "white"
        },
        "description": {
            "text": "寻找塞里尼安后羚"
        },
        "icon": {
            "item": "minecraft:bone"
        },
        "frame": "task",
        "show_toast": true,
        "announce_to_chat": false,
        "hidden": false
    },
    "criteria": {
        "location0": {
            "trigger": "minecraft:location",
            "conditions": {
                "feature": "dungeons_arise:ceryneian_hind"
            }
        }
    },
    "requirements": [
        [
            "location0"
        ]
    ],
    "parent": "dungeons_arise:wda_root"
}