{
    "display": {
        "title": {
            "text": "进入沙人",
            "color": "gold"
        },
        "description": {
            "text": "寻找设拉子宫"
        },
        "icon": {
            "item": "minecraft:totem_of_undying"
        },
        "frame": "task",
        "show_toast": true,
        "announce_to_chat": true,
        "hidden": false
    },
    "criteria": {
        "location0": {
            "trigger": "minecraft:location",
            "conditions": {
                "feature": "dungeons_arise:shiraz_palace"
            }
        }
    },
    "requirements": [
        [
            "location0"
        ]
    ],
    "parent": "dungeons_arise:wda_root"
}