{
  "display": {
    "icon": {
      "item": "minecraft:tropical_fish"
    },
    "title": {
      "text": "你是海盗",
      "color": "dark_aqua"
    },
    "description": {
      "text": "寻找掠夺者海盗船或掠夺者厨房"
    },
    "frame": "task",
    "show_toast": true,
    "announce_to_chat": true,
    "hidden": false
  },
  "parent": "dungeons_arise:wda_root",
  "criteria": {
    "location0": {
      "trigger": "minecraft:location",
      "conditions": {
        "location": {
          "feature": "dungeons_arise:illager_corsair"
        }
      }
    },
    "location1": {
      "trigger": "minecraft:location",
      "conditions": {
        "location": {
          "feature": "dungeons_arise:illager_galley"
        }
      }
    }
  },
  "requirements": [
    [
      "location0",
      "location1"
    ]
  ]
}
