{
    "display": {
        "title": {
            "text": "钢铁少女",
            "color": "dark_red"
        },
        "description": {
            "text": "寻找铸造厂"
        },
        "icon": {
            "item": "minecraft:netherite_ingot"
        },
        "frame": "task",
        "show_toast": true,
        "announce_to_chat": true,
        "hidden": false
    },
    "criteria": {
        "location0": {
            "trigger": "minecraft:location",
            "conditions": {
                "feature": "dungeons_arise:foundry"
            }
        }
    },
    "requirements": [
        [
            "location0"
        ]
    ],
    "parent": "dungeons_arise:find_scorched_mines"
}