{
    "display": {
        "title": {
            "text": "祝你好梦",
            "color": "green"
        },
        "description": {
            "text": "寻找蘑菇村"
        },
        "icon": {
            "item": "minecraft:crimson_fence"
        },
        "frame": "task",
        "show_toast": true,
        "announce_to_chat": false,
        "hidden": false
    },
    "criteria": {
        "location0": {
            "trigger": "minecraft:location",
            "conditions": {
                "feature": "dungeons_arise:mushroom_village"
            }
        }
    },
    "requirements": [
        [
            "location0"
        ]
    ],
    "parent": "dungeons_arise:find_mushroom_house"
}