{
    "display": {
        "title": {
            "text": "跳",
            "color": "dark_aqua"
        },
        "description": {
            "text": "寻找许愿井"
        },
        "icon": {
            "item": "minecraft:melon_slice"
        },
        "frame": "task",
        "show_toast": true,
        "announce_to_chat": false,
        "hidden": false
    },
    "criteria": {
        "location0": {
            "trigger": "minecraft:location",
            "conditions": {
                "feature": "dungeons_arise:wishing_well"
            }
        }
    },
    "requirements": [
        [
            "location0"
        ]
    ],
    "parent": "dungeons_arise:wda_root"
}