{
    "display": {
        "title": {
            "text": "仰望天空",
            "color": "red"
        },
        "description": {
            "text": "寻找小飞艇"
        },
        "icon": {
            "item": "minecraft:comparator"
        },
        "frame": "task",
        "show_toast": true,
        "announce_to_chat": false,
        "hidden": false
    },
    "criteria": {
        "location0": {
            "trigger": "minecraft:location",
            "conditions": {
                "feature": "dungeons_arise:small_blimp"
            }
        }
    },
    "requirements": [
        [
            "location0"
        ]
    ],
    "parent": "dungeons_arise:wda_root"
}