{
    "id": "tiered:alioth_armor",
    "verifiers": [
        {
            "tag": "tier:5boots"
        }
    ],
    "weight": 1,
    "style": {
        "color": "light_purple"
    },
    "attributes": [
        {
            "type": "tiered:generic.durable",
            "modifier": {
                "name": "tiered:alioth_armor",
                "operation": "MULTIPLY_TOTAL",
                "amount": 1.5
            },
            "optional_equipment_slots": [
                "FEET"
            ]
        },
        {
            "type": "minecraft:generic.armor",
            "modifier": {
                "name": "tiered:alioth_armor",
                "operation": "ADDITION",
                "amount": 8
            },
            "optional_equipment_slots": [
                "FEET"
            ]
        },
        {
            "type": "minecraft:generic.movement_speed",
            "modifier": {
                "name": "tiered:alioth_armor",
                "operation": "MULTIPLY_TOTAL",
                "amount": 0.2
            },
            "optional_equipment_slots": [
                "FEET"
            ]
        },
        {
            "type": "combatroll:count",
            "modifier": {
                "name": "tiered:alioth_armor",
                "operation": "ADDITION",
                "amount": 2.0
            },
            "optional_equipment_slots": [
                "FEET"
            ]
        }
    ]
}