{
    "id": "tiered:common_armor",
    "verifiers": [
        {
            "tag": "tier:1armor"
        },
        {
            "tag": "tier:2armor"
        }
    ],
    "weight": 300,
    "style": {
        "color": "gray"
    },
    "attributes": [
        {
            "type": "tiered:generic.durable",
            "modifier": {
                "name": "tiered:common_armor",
                "operation": "MULTIPLY_TOTAL",
                "amount": 0.1
            },
            "optional_equipment_slots": [
                "FEET",
                "LEGS",
                "CHEST",
                "HEAD"
            ]
        }
    ]
}