{
    "id": "tiered:legendary_armor",
    "verifiers": [
        {
            "tag": "tier:3armor"
        },
        {
            "tag": "tier:4armor"
        },
        {
            "tag": "tier:5helmet"
        },
        {
            "tag": "tier:5chestplate"
        },
        {
            "tag": "tier:5leggings"
        },
        {
            "tag": "tier:5boots"
        }
    ],
    "weight": 35,
    "style": {
        "color": "gold"
    },
    "attributes": [
        {
            "type": "tiered:generic.durable",
            "modifier": {
                "name": "tiered:legendary_armor",
                "operation": "MULTIPLY_TOTAL",
                "amount": 0.5
            },
            "optional_equipment_slots": [
                "FEET",
                "LEGS",
                "CHEST",
                "HEAD"
            ]
        },
        {
            "type": "generic.armor",
            "modifier": {
                "name": "tiered:legendary_armor",
                "operation": "ADDITION",
                "amount": 5
            },
            "optional_equipment_slots": [
                "FEET",
                "LEGS",
                "CHEST",
                "HEAD"
            ]
        },
        {
            "type": "minecraft:generic.armor_toughness",
            "modifier": {
                "name": "tiered:legendary_armor",
                "operation": "ADDITION",
                "amount": 3
            },
            "optional_equipment_slots": [
                "FEET",
                "LEGS",
                "CHEST",
                "HEAD"
            ]
        },
        {
            "type": "generic.max_health",
            "modifier": {
                "name": "tiered:legendary_armor",
                "operation": "ADDITION",
                "amount": 3
            },
            "optional_equipment_slots": [
                "FEET",
                "LEGS",
                "CHEST",
                "HEAD"
            ]
        },
        {
            "type": "combatroll:count",
            "modifier": {
                "name": "tiered:unique_armor",
                "operation": "ADDITION",
                "amount": 1.0
            },
            "optional_equipment_slots": [
                "FEET"
            ]
        },
        {
            "type": "combatroll:recharge",
            "modifier": {
                "name": "tiered:unique_armor",
                "operation": "ADDITION",
                "amount": 18.0
            },
            "optional_equipment_slots": [
                "LEGS"
            ]
        },
        {
            "type": "mythicmetals:magic_protection",
            "modifier": {
                "name": "tiered:unique_armor",
                "operation": "ADDITION",
                "amount": 4.5
            },
            "optional_equipment_slots": [
                "CHEST"
            ]
        },
        {
            "type": "generic.luck",
            "modifier": {
                "name": "tiered:unique_armor",
                "operation": "ADDITION",
                "amount": 2.75
            },
            "optional_equipment_slots": [
                "HEAD"
            ]
        }
    ]
}