{
    "id": "tiered:merak_armor",
    "verifiers": [
        {
            "tag": "tier:5chestplate"
        }
    ],
    "weight": 1,
    "style": {
        "color": "light_purple"
    },
    "attributes": [
        {
            "type": "tiered:generic.durable",
            "modifier": {
                "name": "tiered:merak_armor",
                "operation": "MULTIPLY_TOTAL",
                "amount": 1.5
            },
            "optional_equipment_slots": [
                "CHEST"
            ]
        },
        {
            "type": "minecraft:generic.armor",
            "modifier": {
                "name": "tiered:merak_armor",
                "operation": "ADDITION",
                "amount": 8
            },
            "optional_equipment_slots": [
                "CHEST"
            ]
        },
        {
            "type": "minecraft:generic.armor_toughness",
            "modifier": {
                "name": "tiered:merak_armor",
                "operation": "ADDITION",
                "amount": 10
            },
            "optional_equipment_slots": [
                "CHEST"
            ]
        },
        {
            "type": "mythicmetals:magic_protection",
            "modifier": {
                "name": "tiered:merak_armor",
                "operation": "ADDITION",
                "amount": 10
            },
            "optional_equipment_slots": [
                "CHEST"
            ]
        }
    ]
}