{
    "id": "tiered:rare_armor",
    "verifiers": [
        {
            "tag": "tier:1armor"
        },
        {
            "tag": "tier:2armor"
        },
        {
            "tag": "tier:3armor"
        }
    ],
    "weight": 150,
    "style": {
        "color": "blue"
    },
    "attributes": [
        {
            "type": "tiered:generic.durable",
            "modifier": {
                "name": "tiered:rare_armor",
                "operation": "MULTIPLY_TOTAL",
                "amount": 0.2
            },
            "optional_equipment_slots": [
                "FEET",
                "LEGS",
                "CHEST",
                "HEAD"
            ]
        },
        {
            "type": "minecraft:generic.armor",
            "modifier": {
                "name": "tiered:rare_armor",
                "operation": "ADDITION",
                "amount": 2
            },
            "optional_equipment_slots": [
                "FEET",
                "LEGS",
                "CHEST",
                "HEAD"
            ]
        },
        {
            "type": "minecraft:generic.armor_toughness",
            "modifier": {
                "name": "tiered:rare_armor",
                "operation": "ADDITION",
                "amount": 0.75
            },
            "optional_equipment_slots": [
                "FEET",
                "LEGS",
                "CHEST",
                "HEAD"
            ]
        },
        {
            "type": "combatroll:count",
            "modifier": {
                "name": "tiered:rare_armor",
                "operation": "ADDITION",
                "amount": 1.0
            },
            "optional_equipment_slots": [
                "FEET"
            ]
        },
        {
            "type": "combatroll:recharge",
            "modifier": {
                "name": "tiered:rare_armor",
                "operation": "ADDITION",
                "amount": 5.0
            },
            "optional_equipment_slots": [
                "LEGS"
            ]
        },
        {
            "type": "mythicmetals:magic_protection",
            "modifier": {
                "name": "tiered:rare_armor",
                "operation": "ADDITION",
                "amount": 2.0
            },
            "optional_equipment_slots": [
                "CHEST"
            ]
        },
        {
            "type": "generic.luck",
            "modifier": {
                "name": "tiered:rare_armor",
                "operation": "ADDITION",
                "amount": 2.0
            },
            "optional_equipment_slots": [
                "HEAD"
            ]
        }
    ]
}