{
    "name": "dnl:plains_castle/raid_mobs",
    "fallback": "dnl:plains_castle/raid_mobs",
    "elements": [
        {
            "weight": 2,
            "element": {
                "element_type": "minecraft:single_pool_element",
                "projection": "rigid",
                "location": "dnl:plains_castle/raid_mobs/iron_sword_zombie",
                "processors": "minecraft:empty"
            }
        },
        {
            "weight": 1,
            "element": {
                "element_type": "minecraft:single_pool_element",
                "projection": "rigid",
                "location": "dnl:plains_castle/raid_mobs/diamond_sword_zombie",
                "processors": "minecraft:empty"
            }
        },
        {
            "weight": 2,
            "element": {
                "element_type": "minecraft:single_pool_element",
                "projection": "rigid",
                "location": "dnl:plains_castle/raid_mobs/iron_bow_skeleton",
                "processors": "minecraft:empty"
            }
        },
        {
            "weight": 1,
            "element": {
                "element_type": "minecraft:single_pool_element",
                "projection": "rigid",
                "location": "dnl:plains_castle/raid_mobs/diamond_bow_skeleton",
                "processors": "minecraft:empty"
            }
        }
    ]
}