{
  "name": "束灵装备强化",
  "icon": "bloodmagic:upgradetome",
  "priority": true,
  "category": "bloodmagic:alchemy_array/living_equipment",
  "pages": [
    {
      "type": "text",
      "text": "穿上这套盔甲，你察觉到它正在不断地生长，并且它还会尝试帮助你进行一些工作，当然，前提是在这之前你有做过这些事情，并且它也观察到了。$(br2)它似乎可以在许多地方大展拳脚，但它的成长无疑是有上限的，若你尝试让它同一时间做所有事情，那不过是徒劳罢了。"
    },
    {
      "type": "text",
      "text": "也许可以多准备几套不同专长的套装？当然，如果你不想你的套装变成四不像，那你还是得小心谨慎地培养你的装备。$(br2)好在，你设计出了一种$(l:rituals/ritual_list/ritual_upgrade_remove)仪式$()，它可以帮助你训练你的装备，而且还有$(l:rituals/ritual_list/ritual_armour_evolve)另一种仪式$()，它能够使得装备的成长力更上一层楼。"
    }
  ]
}
