{
	"pages":[
		{
			"text":"$(italic)物流是一件复杂的事情。$(br)您的原始物品传输方式（如漏斗阵列）无法与粉彩网络相比，这就是您所称的基于蓝铜矿的节点集群。每个节点都有自己的特殊功能。如果节点靠得很近，它们将彼此无线连接，形成物品传输网络。",
			"type":"patchouli:text",
			"title":"彩绘网络"
		},
		{
			"border":true,
			"images":[
				"spectrum:textures/gui/manual/pastel_network.png"
			],
			"text":"所有节点都有16个方块的范围，并且需要彼此具有视线。",
			"type":"patchouli:image",
			"title":""
		},
		{
			"item":"spectrum:purple_pigment",
			"text":"您可以在粉彩网络节点上使用$(l:general/pigment)颜料$(/l)对其进行染色。$(br2)每个节点只能将物品传输到具有相同颜色和合成颜色的节点，但不能以相反的方式传输（青色节点可以传输到蓝色节点，但蓝色节点不能传输到青色）。",
			"type":"patchouli:spotlight",
			"title":"染色节点"
		},
		{
			"border":true,
			"images":[
				"spectrum:textures/gui/manual/composite_colors.png"
			],
			"text":"",
			"type":"patchouli:image",
			"title":""
		},
		{
			"item":"spectrum:red_pigment",
			"text":"使用颜料，您可以非常精细地调整哪些节点可以与其他节点交互，从而可以构建复杂的传输链。$(br2)缺少所有颜色形式的默认$(bold)白色$()节点只能连接到其他白色节点。",
			"type":"patchouli:spotlight",
			"title":"彩色节点"
		},
		{
			"item":"spectrum:spectral_shard",
			"text":"相比之下，$(bold)黑色$()作为所有颜料颜色的组合，能够与所有其他节点交互，包括其他黑色节点。$(br2)使用光谱颜料着色的节点能够与所有节点交互，而不管其颜色如何。",
			"type":"patchouli:spotlight",
			"title":"光谱彩色节点"
		},
		{
			"item":"spectrum:purple_pigment",
			"text":"在节点上使用$(l:resources/mermaids_brush)美人鱼宝石$(/l)会将其更改为流体节点。$(br)它的行为将与以前非常相似，但将能够无线传输液体，而不是物品。",
			"type":"patchouli:spotlight",
			"title":""
		}
	],
	"advancement":"spectrum:progression/pastel_network/__unlock_basic_nodes",
	"name":"彩绘网络",
	"icon":"spectrum:provider_node",
	"sortnum":0,
	"category":"spectrum:pastel_network_category",
	"priority":true
}