{
	"pages":[
		{
			"text":"接受节点具有具有接口的特殊特征。在那里，您可以配置接受节点将从其他节点主动请求的物品，以放置在其连接的库存中。",
			"type":"patchouli:text",
			"title":"接受节点"
		},
		{
			"recipe":"spectrum:pedestal/tier3/pastel_network/puller_node",
			"text":"它检查其他节点以从中请求物品的顺序如下：$(br)1。$(l:pastel_network/pusher_node)发送节点$(/l)$(br)2。$(l:pastel_network/provider_node)提供节点$(/l)$(br)3。$(l:pastel_network/storage_node)存储节点$(/l)",
			"type":"spectrum:pedestal_crafting",
			"title":"基座配方"
		}
	],
	"advancement":"spectrum:progression/pastel_network/__unlock_basic_nodes",
	"name":"接受节点",
	"icon":"spectrum:provider_node",
	"category":"spectrum:pastel_network_category"
}