{
	"pages":[
		{
			"text":"推送节点主动尝试使连接的库存中的物品保持为空。",
			"type":"patchouli:text",
			"title":"推送节点"
		},
		{
			"recipe":"spectrum:pedestal/tier3/pastel_network/pusher_node",
			"text":"它将物品推送到的顺序如下：$(br)1。$(l:pastel_network/puller_node)接受节点$(/l)$(br)2。$(l:pastel_network/storage_node)存储节点$(/l)",
			"type":"spectrum:pedestal_crafting",
			"title":"基座配方"
		}
	],
	"advancement":"spectrum:progression/pastel_network/__unlock_basic_nodes",
	"name":"发送节点",
	"icon":"spectrum:provider_node",
	"category":"spectrum:pastel_network_category"
}