
{
  "name": "喷气背包",
  "advancement": "spectrum:midgame/place_color_picker",
  "icon": "spectrumjetpacks:gemstone_jetpack",
  "category": "spectrum:magic_category",
  "extra_recipe_mappings": {
    "spectrumjetpacks:gemstone_jetpack": 0,
    "spectrumjetpacks:bedrock_jetpack": 0
  },
  "pages": [
    {
      "type": "patchouli:text",
      "text": "你冥思苦想 百般尝试，终于找到一种方法利用新发现的这蕴含在墨水之中的奥妙能量,并使这股能量驱使你飞向天际,你为这种能量转换的设备取名——喷气背包,这款设计巧妙的背包使用了多种物品合成，令你的足迹可追及遥远的天际。但是，墨水的能量并非无穷无尽，建议不时检查你的能量剩余。驾驭飞行之力，向着冒险的终点与明天。"
    },
    {
      "type": "spectrum:pedestal_crafting",
      "recipe": "spectrumjetpacks:pedestal/jetpacks/gemstone_jetpack",
      "text": "宝石喷气背包作为首个问世的喷气背包，它是最基础的那一种。它使用了多种物品合成，包括用于点火的火药，这是开始使用这个新发明的好主意。起飞前别忘了给它充电!"
    },
    {
      "type": "spectrum:fusion_shrine_crafting",
      "advancement": "spectrum:midgame/break_decayed_bedrock",
      "recipe": "spectrumjetpacks:fusion_shrine/bedrock_jetpack",
      "text": "基岩的力量令你有所启发，你意识到它不仅可以用来制作各类工具，它还可以用来制作比宝石喷气背包更强大的喷气背包。这是最强大的喷气背包，将让你飞向更高的天际。"
    }
  ]
}