{
	"pages":[
		{
			"text":"$(italic)敌人能掉落哪怕一个稀有物品都可以算得上你走运的时候。$(br)或许只要联结$(l:resources/clover)四叶草$(/l)和$(l:general/pigment#light_blue)淡蓝色墨水$(/l)的运气就可以持续不断地走大运也说不定呢！",
			"type":"patchouli:text"
		},
		{
			"item":"minecraft:iron_sword{Enchantments: [{id: \"spectrum:clovers_favor\", lvl: 3s}]}",
			"text":"提高稀有掉落物的掉率（如僵尸的铁锭）。$(br)兴许还能提高稀有物品的产出？$(br2)附魔等级上限：3$(br)适用于近战武器。",
			"type":"patchouli:spotlight",
			"title":"性质"
		},
		{
			"recipe":"spectrum:enchanter/spectrum_books/book_clovers_favor",
			"text":"你可以将所需材料及颜料放入附魔基座周围的物品底座中，为普通的书本注入四叶草的眷佑附魔。",
			"type":"spectrum:enchanter_crafting",
			"title":"附魔配方"
		},
		{
			"recipe":"spectrum:enchantment_upgrade/spectrum/clovers_favor_level_2",
			"text":"将四叶草的眷佑附魔从1级升级至2级的花销并不高昂。$(br)但随着等级逐级递增，所消耗的颜料和经验也会快速增加。",
			"type":"spectrum:enchanter_upgrading",
			"title":"升级附魔"
		}
	],
	"advancement":"spectrum:progression/enchantments/clovers_favor",
	"name":"四叶草的眷佑",
	"icon":"minecraft:iron_sword",
	"category":"spectrum:enchanting_category"
}