{
	"pages":[
		{
			"text":"$(l:enchanting/enchanter)附魔基座$(/l)可以消耗$(l:general/pigment)颜料$(/l)，原材料与经验对书进行附魔。$(br2)虽然经验开销略高于附魔台，但你可以对附魔的魔咒进行更为细致入微的选取。",
			"type":"patchouli:text"
		},
		{
			"border":true,
			"images":[
				"spectrum:textures/gui/manual/creating_enchanted_books.png"
			],
			"text":"$(italic)同样的仪式对魔法工具也能起效也说不定？",
			"type":"patchouli:image"
		}
	],
	"advancement":"spectrum:midgame/enter_liquid_crystal",
	"name":"制作附魔",
	"icon":"minecraft:enchanted_book",
	"sortnum":2,
	"priority":true,
	"category":"spectrum:enchanting_category"
}