{
	"pages":[
		{
			"text":"$(italic)你每天都能看见僵尸们身着手持华丽宝贵的装备。然而他们一死，这些东西就消失不见了。$(br2)那就趁他们活着的时候扒下来吧！拿来！",
			"type":"patchouli:text"
		},
		{
			"item":"minecraft:iron_sword{Enchantments: [{id: \"spectrum:disarming\", lvl: 2s}]}",
			"text":"有概率使敌人（包括玩家！）掉落他们的装备。$(br2)附魔等级上限：2$(br)适用于近战武器。",
			"type":"patchouli:spotlight",
			"title":"性质"
		},
		{
			"recipe":"spectrum:enchanter/spectrum_books/book_disarming",
			"text":"你可以将所需材料及颜料放入附魔基座周围的物品底座中，为普通的书本注入缴械附魔。",
			"type":"spectrum:enchanter_crafting",
			"title":"附魔配方"
		},
		{
			"recipe":"spectrum:enchantment_upgrade/spectrum/disarming_level_2",
			"text":"将缴械附魔从1级升级至2级的花销并不高昂。$(br)但随着等级逐级递增，所消耗的颜料和经验也会快速增加。",
			"type":"spectrum:enchanter_upgrading",
			"title":"升级附魔"
		}
	],
	"advancement":"spectrum:progression/enchantments/disarming",
	"name":"缴械",
	"icon":"minecraft:iron_sword",
	"category":"spectrum:enchanting_category"
}