{
	"pages":[
		{
			"text":"附魔基座的附魔工序非常简单：$(br)向$(l:decoration/item_bowl)物品底座$(/l)中放入附魔书，基座中放入需要附魔的物品。$(br2)和普通的附魔工序不同：这不消耗书本，但相对地消耗更多的经验。",
			"type":"patchouli:text",
			"title":"光谱附魔"
		},
		{
			"border":true,
			"images":[
				"spectrum:textures/gui/manual/enchanting_items.png"
			],
			"text":"最后通过$(l:magical_items/knowledge_gem)知识宝石$(/l)注入稳定的经验流即可。",
			"type":"patchouli:image"
		},
		{
			"item":"minecraft:enchanted_book",
			"text":"你也可以复制附魔书。把需要复制的附魔书放入$(l:decoration/item_bowl)物品底座$(/l)，普通的书放入$(l:enchanting/enchanter)附魔基座$(/l)即可。$(br2)当然，给普通的书本注入魔力确实还是要消耗大量经验的。",
			"type":"patchouli:spotlight",
			"title":"复制附魔书"
		},
		{
			"text":"$(bold)每一项附魔所需经验预计在50到200之间$()。$(br)附魔的稀有程度，附魔的等级，附魔对象对魔咒的亲和力，以及其它各项因素都会影响所需经验。$(br)干扰项也会造成影响，例如与物品本身无法兼容的附魔。",
			"type":"patchouli:text",
			"title":"所需经验"
		}
	],
	"advancement":"spectrum:midgame/enter_liquid_crystal",
	"name":"光谱附魔",
	"icon":"spectrum:enchanter",
	"sortnum":1,
	"priority":true,
	"category":"spectrum:enchanting_category"
}