{
	"pages":[
		{
			"text":"$(italic)用普通的附魔台来打造完美工具未免有点犯难。使用这款高度改造的附魔台应该就能解决不少痛点了。$()$(br2)它可以：$(li)$(l:enchanting/creating_enchanted_books)附魔书本$(/l)$(li)$(l:enchanting/upgrading_enchanted_books)升级书本$(/l)$(li)$(l:enchanting/enchanting_items)不消耗附魔书进行物品的附魔$(/l)",
			"type":"patchouli:text"
		},
		{
			"recipe":"spectrum:pedestal/tier3/enchanter",
			"text":"附魔基座需要基座结构才能运行。",
			"type":"spectrum:pedestal_crafting",
			"title":"基座配方"
		},
		{
			"multiblock_id":"spectrum:enchanter_structure",
			"name":"附魔基座结构",
			"text":"宝石晶方块周围的水池需要注入$(l:magical_blocks/liquid_crystal)液态水晶$()。",
			"type":"patchouli:multiblock",
			"enable_visualize":true
		},
		{
			"text":"$(li)1个附魔基座$(li)8个物品底座$(li)4+桶液态水晶$(li)4个磨制宝石晶方块$(li)8个宝石晶灯$(li)12个磨制岩石柱$(li)24个磨制岩石半砖$(li)159个磨制岩石方块$(br2)$(italic)基座升级放置在宝石晶方块上即可生效。$()",
			"type":"patchouli:text",
			"title":"方块列表"
		}
	],
	"advancement":"spectrum:midgame/enter_liquid_crystal",
	"name":"附魔基座",
	"icon":"spectrum:enchanter",
	"sortnum":0,
	"priority":true,
	"category":"spectrum:enchanting_category"
}