{
	"pages":[
		{
			"text":"$(italic)附魔台虽然是个趁手活儿，但对经验的渴求却贪婪无度。$(br2)既然你所需的附魔工具日益见长，去榨干敌人的每一滴经验是一个不错的主意。",
			"type":"patchouli:text"
		},
		{
			"item":"spectrum:multitool{Enchantments: [{id: \"spectrum:exuberance\", lvl: 5s}]}",
			"text":"增加击杀掉落的经验。$(br2)附魔等级上限：5$(br)适用于近战武器与采掘工具。",
			"type":"patchouli:spotlight",
			"title":"性质"
		},
		{
			"recipe":"spectrum:enchanter/spectrum_books/book_exuberance",
			"text":"你可以将所需材料及颜料放入附魔基座周围的物品底座中，为普通的书本注入经验充沛附魔。",
			"type":"spectrum:enchanter_crafting",
			"title":"附魔配方"
		},
		{
			"recipe":"spectrum:enchantment_upgrade/spectrum/exuberance_level_2",
			"text":"将经验充沛附魔从1级升级至2级的花销并不高昂。$(br)但随着等级逐级递增，所消耗的颜料和经验也会快速增加。",
			"type":"spectrum:enchanter_upgrading",
			"title":"升级附魔"
		}
	],
	"advancement":"spectrum:progression/enchantments/exuberance",
	"name":"经验充沛",
	"icon":"spectrum:multitool",
	"category":"spectrum:enchanting_category"
}