{
	"pages":[
		{
			"text":"$(italic)俗语有云：先发制人，后……后面的我忘了。$(br2)随便啦。$(br)顺带一提：你研发了这个名为“先发制人”的魔咒。面对弱小的敌人的时候，攻击会更为有效。",
			"type":"patchouli:text"
		},
		{
			"item":"minecraft:iron_sword{Enchantments: [{id: \"spectrum:first_strike\", lvl: 2s}]}",
			"text":"巨幅增加对满血敌人的伤害。$(br2)附魔等级上限：2$(br)适用于近战武器。",
			"type":"patchouli:spotlight",
			"title":"性质"
		},
		{
			"recipe":"spectrum:enchanter/spectrum_books/book_first_strike",
			"text":"你可以将所需材料及颜料放入附魔基座周围的物品底座中，为普通的书本注入先发制人附魔。",
			"type":"spectrum:enchanter_crafting",
			"title":"附魔配方"
		},
		{
			"recipe":"spectrum:enchantment_upgrade/spectrum/first_strike_level_2",
			"text":"将先发制人附魔从1级升级至2级的花销并不高昂。$(br)但随着等级逐级递增，所消耗的颜料和经验也会快速增加。",
			"type":"spectrum:enchanter_upgrading",
			"title":"升级附魔"
		}
	],
	"advancement":"spectrum:progression/enchantments/first_strike",
	"name":"先发制人",
	"icon":"minecraft:iron_sword",
	"category":"spectrum:enchanting_category"
}