{
	"pages":[
		{
			"text":"$(italic)曾几何时，你还要大费周章地从矿石中凿取煤炭来提炼灼烧你的矿物。你暗中为这样的日子宣判死刑，细细数着它剩下的日子——看看现在，未来如期而至啦，老滑头。$(br2)当然，是有代价的：这种方式烧炼的矿石是没有经验的。",
			"type":"patchouli:text"
		},
		{
			"item":"minecraft:iron_pickaxe{Enchantments: [{id: \"spectrum:autosmelt\", lvl: 1s}]}",
			"text":"自动烧炼被破坏的方块。$(br2)附魔等级上限：1$(br)适用于采掘工具.$(br)与 精准采集 及 共振 不兼容。",
			"type":"patchouli:spotlight",
			"title":"性质"
		},
		{
			"recipe":"spectrum:enchanter/spectrum_books/book_autosmelt",
			"text":"你可以将所需材料及颜料放入附魔基座周围的物品底座中，为普通的书本注入自动烧炼附魔。",
			"type":"spectrum:enchanter_crafting",
			"title":"附魔配方"
		}
	],
	"advancement":"spectrum:progression/enchantments/autosmelt",
	"name":"自动烧炼",
	"icon":"minecraft:iron_pickaxe",
	"category":"spectrum:enchanting_category"
}