{
	"pages":[
		{
			"text":"鎏金之书可以作为普通书本在$(l:enchanting/enchanter)附魔基座$(/l)中的替代品。既然对魔法的亲和力更强，附魔的成本自然会更低廉，也会更为快速。$(br)不仅如此，鎏金之书还可以将其它物品（不只是附魔书）的附魔复制到其自身。",
			"type":"patchouli:text"
		},
		{
			"recipe":"spectrum:pedestal/tier3/gilded_book",
			"text":"$(italic)金玉其外不一定金玉其中。$(br)——虽然这些书确实是。",
			"type":"spectrum:pedestal_crafting",
			"title":"基座配方"
		}
	],
	"advancement":"spectrum:progression/unlock_gilded_book",
	"extra_recipe_mappings":{
		"spectrum:gilded_book":0
	},
	"name":"鎏金之书",
	"icon":"spectrum:gilded_book",
	"category":"spectrum:enchanting_category"
}