{
	"pages":[
		{
			"text":"$(italic)在你一跃而起落下重击的时候，你发现你造成的伤害增加了。$(br)为了增进这些跳起攻击的性能，你发明了这个魔咒来提高这些攻击的输出。",
			"type":"patchouli:text"
		},
		{
			"item":"minecraft:iron_sword{Enchantments: [{id: \"spectrum:improved_critical\", lvl: 2s}]}",
			"text":"增加暴击伤害。$(br2)附魔等级上限：2$(br)适用于近战武器。$(br)与 锋利 不兼容。",
			"type":"patchouli:spotlight",
			"title":"性质"
		},
		{
			"recipe":"spectrum:enchanter/spectrum_books/book_improved_critical",
			"text":"你可以将所需材料及颜料放入附魔基座周围的物品底座中，为普通的书本注入暴击增强附魔。",
			"type":"spectrum:enchanter_crafting",
			"title":"附魔配方"
		},
		{
			"recipe":"spectrum:enchantment_upgrade/spectrum/improved_critical_level_2",
			"text":"将暴击增强附魔从1级升级至2级的花销并不高昂。$(br)但随着等级逐级递增，所消耗的颜料和经验也会快速增加。",
			"type":"spectrum:enchanter_upgrading",
			"title":"升级附魔"
		}
	],
	"advancement":"spectrum:progression/enchantments/improved_critical",
	"name":"暴击增强",
	"icon":"minecraft:iron_sword",
	"category":"spectrum:enchanting_category"
}