{
	"pages":[
		{
			"text":"$(italic)一路走来，许多大大小小的问题或多或少都迎刃而解，你却仍然没法解决诸如打火石用太多次就会坏掉的这种日常琐事——零碎的工具装备实在太多，稍有不慎就会损坏。$(br)然而，手头有了基岩粉，这下总要硬气起来！",
			"type":"patchouli:text"
		},
		{
			"item":"spectrum:multitool{Enchantments: [{id: \"spectrum:indestructible\", lvl: 1s}]}",
			"text":"使得物品坚不可摧，不受损坏。$(br2)附魔等级上限：1$(br)适用于所有工具。",
			"type":"patchouli:spotlight",
			"title":"性质"
		},
		{
			"recipe":"spectrum:enchanter/spectrum_books/book_indestructible",
			"text":"你可以将所需材料及颜料放入附魔基座周围的物品底座中，为普通的书本注入坚不可摧附魔。",
			"type":"spectrum:enchanter_crafting",
			"title":"附魔配方"
		}
	],
	"advancement":"spectrum:progression/enchantments/indestructible",
	"name":"坚不可摧",
	"icon":"spectrum:multitool",
	"category":"spectrum:enchanting_category"
}