{
	"pages":[
		{
			"text":"$(italic)这个魔咒散发着生命的吐息。$(br2)随着你的挖掘，工具也会慢慢熟络起对应方块的性质，逐渐越挖越快。但是，其它方块的挖掘速度会降低。",
			"type":"patchouli:text"
		},
		{
			"item":"minecraft:iron_pickaxe{Enchantments: [{id: \"spectrum:inertia\", lvl: 3s}]}",
			"text":"降低挖掘速度。但连续挖相同类型的方块时增加挖掘速度。$(br2)附魔等级上限：3$(br)适用于采掘工具.$(br)与 效率 不兼容。",
			"type":"patchouli:spotlight",
			"title":"特点"
		},
		{
			"recipe":"spectrum:enchanter/spectrum_books/book_inertia",
			"text":"你可以将所需材料及颜料放入附魔基座周围的物品底座中，为普通的书本注入惯性附魔。",
			"type":"spectrum:enchanter_crafting",
			"title":"附魔配方"
		},
		{
			"recipe":"spectrum:enchantment_upgrade/spectrum/inertia_level_2",
			"text":"将惯性附魔从1级升级至2级的花销并不高昂。$(br)但随着等级逐级递增，所消耗的颜料和经验也会快速增加。",
			"type":"spectrum:enchanter_upgrading",
			"title":"附魔升级"
		}
	],
	"advancement":"spectrum:progression/enchantments/inertia",
	"name":"惯性",
	"icon":"minecraft:iron_pickaxe",
	"category":"spectrum:enchanting_category"
}