{
	"pages":[
		{
			"text":"$(italic)想想你的日常：手握高精尖附魔装备，但一脱手它就直冲熔岩；在末影人的地盘就更加恐怖：无边的虚空着实令人头皮发麻。$(br2)用上这个新魔咒，你的装备就再也没有这种后顾之忧啦（甚至包括仙人掌）！",
			"type":"patchouli:text"
		},
		{
			"item":"spectrum:multitool{Enchantments: [{id: \"spectrum:steadfast\", lvl: 1s}]}",
			"text":"变为掉落物时，免疫绝大多数类型的伤害，包括熔岩与虚空伤害。$(br2)附魔等级上限：1$(br)适用于所有工具。",
			"type":"patchouli:spotlight",
			"title":"特点"
		},
		{
			"recipe":"spectrum:enchanter/spectrum_books/book_steadfast",
			"text":"你可以将所需材料及颜料放入附魔基座周围的物品底座中，为普通的书本注入坚韧附魔。",
			"type":"spectrum:enchanter_crafting",
			"title":"附魔配方"
		}
	],
	"advancement":"spectrum:progression/enchantments/steadfast",
	"name":"坚韧",
	"icon":"spectrum:multitool",
	"category":"spectrum:enchanting_category"
}