{
	"pages":[
		{
			"text":"$(italic)附魔魔法与颜色魔法确实有很多共通之处，因此，附魔书与$(l:general/pigment)颜料$(/l)相互结合的成功结果丝毫不让你感到惊讶。$()$(br2)将附魔书放在基座中，用相应的颜料环绕，再用稳定的经验流输送能量即可升级书的等级。",
			"type":"patchouli:text"
		},
		{
			"border":true,
			"images":[
				"spectrum:textures/gui/manual/upgrading_enchanted_books.png"
			],
			"text":"打断这个过程的话，就会完全中止，请小心注意。",
			"type":"patchouli:image"
		}
	],
	"advancement":"spectrum:midgame/enter_liquid_crystal",
	"name":"升级附魔书",
	"icon":"minecraft:enchanted_book",
	"sortnum":3,
	"priority":true,
	"category":"spectrum:enchanting_category"
}