{
	"pages":[
		{
			"text":"利用用普通的合成台就可以在附魔基座上获取随处可见的通常附魔了。$(br2)这些附魔同样可以用对应的颜料进行升级。",
			"type":"patchouli:text"
		},
		{
			"advancement":"spectrum:progression/enchantments/vanilla_water",
			"recipe":"spectrum:enchanter/vanilla_books/book_aqua_affinity",
			"text":"",
			"type":"spectrum:enchanter_crafting",
			"title":"水下速掘"
		},
		{
			"advancement":"spectrum:progression/enchantments/vanilla_damage",
			"recipe":"spectrum:enchanter/vanilla_books/book_bane_of_arthropods",
			"text":"",
			"type":"spectrum:enchanter_crafting",
			"title":"节肢杀手"
		},
		{
			"advancement":"spectrum:progression/enchantments/vanilla_curses",
			"recipe":"spectrum:enchanter/vanilla_books/book_binding_curse",
			"text":"",
			"type":"spectrum:enchanter_crafting",
			"title":"绑定诅咒"
		},
		{
			"advancement":"spectrum:progression/enchantments/vanilla_protection",
			"recipe":"spectrum:enchanter/vanilla_books/book_blast_protection",
			"text":"",
			"type":"spectrum:enchanter_crafting",
			"title":"爆炸保护"
		},
		{
			"advancement":"spectrum:progression/enchantments/vanilla_trident_channeling",
			"recipe":"spectrum:enchanter/vanilla_books/book_channeling",
			"text":"",
			"type":"spectrum:enchanter_crafting",
			"title":"引雷"
		},
		{
			"advancement":"spectrum:progression/enchantments/vanilla_water",
			"recipe":"spectrum:enchanter/vanilla_books/book_depth_strider",
			"text":"",
			"type":"spectrum:enchanter_crafting",
			"title":"深海探索者"
		},
		{
			"advancement":"spectrum:progression/enchantments/vanilla_quitoxic",
			"recipe":"spectrum:enchanter/vanilla_books/book_efficiency",
			"text":"",
			"type":"spectrum:enchanter_crafting",
			"title":"效率"
		},
		{
			"advancement":"spectrum:progression/enchantments/vanilla_quitoxic",
			"recipe":"spectrum:enchanter/vanilla_books/book_feather_falling",
			"text":"",
			"type":"spectrum:enchanter_crafting",
			"title":"摔落保护"
		},
		{
			"advancement":"spectrum:progression/enchantments/vanilla_damage",
			"recipe":"spectrum:enchanter/vanilla_books/book_fire_aspect",
			"text":"",
			"type":"spectrum:enchanter_crafting",
			"title":"火焰附加"
		},
		{
			"advancement":"spectrum:progression/enchantments/vanilla_protection",
			"recipe":"spectrum:enchanter/vanilla_books/book_fire_protection",
			"text":"",
			"type":"spectrum:enchanter_crafting",
			"title":"火焰保护"
		},
		{
			"advancement":"spectrum:progression/enchantments/vanilla_projectile",
			"recipe":"spectrum:enchanter/vanilla_books/book_flame",
			"text":"",
			"type":"spectrum:enchanter_crafting",
			"title":"火矢"
		},
		{
			"advancement":"spectrum:progression/enchantments/vanilla_luck",
			"recipe":"spectrum:enchanter/vanilla_books/book_fortune",
			"text":"",
			"type":"spectrum:enchanter_crafting",
			"title":"时运"
		},
		{
			"advancement":"spectrum:progression/enchantments/vanilla_treasure",
			"recipe":"spectrum:enchanter/vanilla_books/book_frost_walker",
			"text":"",
			"type":"spectrum:enchanter_crafting",
			"title":"冰霜行者"
		},
		{
			"advancement":"spectrum:progression/enchantments/vanilla_trident",
			"recipe":"spectrum:enchanter/vanilla_books/book_impaling",
			"text":"",
			"type":"spectrum:enchanter_crafting",
			"title":"穿刺"
		},
		{
			"advancement":"spectrum:progression/enchantments/vanilla_projectile_infinity",
			"recipe":"spectrum:enchanter/vanilla_books/book_infinity",
			"text":"",
			"type":"spectrum:enchanter_crafting",
			"title":"无限"
		},
		{
			"advancement":"spectrum:progression/enchantments/vanilla_damage",
			"recipe":"spectrum:enchanter/vanilla_books/book_knockback",
			"text":"",
			"type":"spectrum:enchanter_crafting",
			"title":"击退"
		},
		{
			"advancement":"spectrum:progression/enchantments/vanilla_luck",
			"recipe":"spectrum:enchanter/vanilla_books/book_looting",
			"text":"",
			"type":"spectrum:enchanter_crafting",
			"title":"抢夺"
		},
		{
			"advancement":"spectrum:progression/enchantments/vanilla_trident",
			"recipe":"spectrum:enchanter/vanilla_books/book_loyalty",
			"text":"",
			"type":"spectrum:enchanter_crafting",
			"title":"忠诚"
		},
		{
			"advancement":"spectrum:progression/enchantments/vanilla_water_luck",
			"recipe":"spectrum:enchanter/vanilla_books/book_luck_of_the_sea",
			"text":"",
			"type":"spectrum:enchanter_crafting",
			"title":"海之眷顾"
		},
		{
			"advancement":"spectrum:progression/enchantments/vanilla_water",
			"recipe":"spectrum:enchanter/vanilla_books/book_lure",
			"text":"",
			"type":"spectrum:enchanter_crafting",
			"title":"饵钓"
		},
		{
			"advancement":"spectrum:progression/enchantments/vanilla_treasure",
			"recipe":"spectrum:enchanter/vanilla_books/book_mending",
			"text":"",
			"type":"spectrum:enchanter_crafting",
			"title":"经验修补"
		},
		{
			"advancement":"spectrum:progression/enchantments/vanilla_projectile",
			"recipe":"spectrum:enchanter/vanilla_books/book_multishot",
			"text":"",
			"type":"spectrum:enchanter_crafting",
			"title":"多重射击"
		},
		{
			"advancement":"spectrum:progression/enchantments/vanilla_projectile",
			"recipe":"spectrum:enchanter/vanilla_books/book_piercing",
			"text":"",
			"type":"spectrum:enchanter_crafting",
			"title":"穿透"
		},
		{
			"advancement":"spectrum:progression/enchantments/vanilla_projectile",
			"recipe":"spectrum:enchanter/vanilla_books/book_power",
			"text":"",
			"type":"spectrum:enchanter_crafting",
			"title":"力量"
		},
		{
			"advancement":"spectrum:progression/enchantments/vanilla_protection",
			"recipe":"spectrum:enchanter/vanilla_books/book_projectile_protection",
			"text":"",
			"type":"spectrum:enchanter_crafting",
			"title":"弹射物保护"
		},
		{
			"advancement":"spectrum:progression/enchantments/vanilla_protection",
			"recipe":"spectrum:enchanter/vanilla_books/book_protection",
			"text":"",
			"type":"spectrum:enchanter_crafting",
			"title":"保护"
		},
		{
			"advancement":"spectrum:progression/enchantments/vanilla_projectile",
			"recipe":"spectrum:enchanter/vanilla_books/book_punch",
			"text":"",
			"type":"spectrum:enchanter_crafting",
			"title":"冲击"
		},
		{
			"advancement":"spectrum:progression/enchantments/vanilla_projectile",
			"recipe":"spectrum:enchanter/vanilla_books/book_quick_charge",
			"text":"",
			"type":"spectrum:enchanter_crafting",
			"title":"快速装填"
		},
		{
			"advancement":"spectrum:progression/enchantments/vanilla_water",
			"recipe":"spectrum:enchanter/vanilla_books/book_respiration",
			"text":"",
			"type":"spectrum:enchanter_crafting",
			"title":"水下呼吸"
		},
		{
			"advancement":"spectrum:progression/enchantments/vanilla_trident",
			"recipe":"spectrum:enchanter/vanilla_books/book_riptide",
			"text":"",
			"type":"spectrum:enchanter_crafting",
			"title":"激流"
		},
		{
			"advancement":"spectrum:progression/enchantments/vanilla_damage",
			"recipe":"spectrum:enchanter/vanilla_books/book_sharpness",
			"text":"",
			"type":"spectrum:enchanter_crafting",
			"title":"锋利"
		},
		{
			"advancement":"spectrum:progression/enchantments/vanilla_silk_touch",
			"recipe":"spectrum:enchanter/vanilla_books/book_silk_touch",
			"text":"",
			"type":"spectrum:enchanter_crafting",
			"title":"精准采集"
		},
		{
			"advancement":"spectrum:progression/enchantments/vanilla_damage",
			"recipe":"spectrum:enchanter/vanilla_books/book_smite",
			"text":"",
			"type":"spectrum:enchanter_crafting",
			"title":"亡灵杀手"
		},
		{
			"advancement":"spectrum:progression/enchantments/vanilla_treasure",
			"recipe":"spectrum:enchanter/vanilla_books/book_soul_speed",
			"text":"",
			"type":"spectrum:enchanter_crafting",
			"title":"灵魂疾行"
		},
		{
			"advancement":"spectrum:progression/enchantments/vanilla_damage",
			"recipe":"spectrum:enchanter/vanilla_books/book_sweeping",
			"text":"",
			"type":"spectrum:enchanter_crafting",
			"title":"横扫之刃"
		},
		{
			"advancement":"spectrum:progression/enchantments/vanilla_protection",
			"recipe":"spectrum:enchanter/vanilla_books/book_thorns",
			"text":"",
			"type":"spectrum:enchanter_crafting",
			"title":"荆棘"
		},
		{
			"advancement":"spectrum:progression/enchantments/vanilla_unbreaking",
			"recipe":"spectrum:enchanter/vanilla_books/book_unbreaking",
			"text":"",
			"type":"spectrum:enchanter_crafting",
			"title":"耐久"
		},
		{
			"advancement":"spectrum:progression/enchantments/vanilla_curses",
			"recipe":"spectrum:enchanter/vanilla_books/book_vanishing_curse",
			"text":"",
			"type":"spectrum:enchanter_crafting",
			"title":"消失诅咒"
		}
	],
	"advancement":"spectrum:progression/enchantments/disarming",
	"name":"原版附魔",
	"icon":"spectrum:multitool",
	"sortnum":6,
	"priority":true,
	"category":"spectrum:enchanting_category"
}